n,graph_id,graph6,mu_solver_b,mu_solver_c,runtime_solver_b,runtime_solver_c,search_nodes_solver_b,search_nodes_solver_c,solver_c_recursion_nodes,speedup,node_reduction,defect_budget,repetitions,solver_b_times,solver_c_times
14,n14_0000,M???FB_eAgBOH_B_?,3,3,0.0058250000001862645,0.004140799999731826,222,3,6,1.4067329985904933,0.9864864864864865,2,3,"[0.005078600001070299, 0.008808300000964664, 0.0058250000001862645]","[0.004140799999731826, 0.005494499999258551, 0.0038504999993165256]"
14,n14_0001,M???FBOw@oAoB_B_?,3,3,0.006301800000073854,0.004419799999595853,189,1,7,1.4258111228223205,0.9947089947089947,2,3,"[0.005529999998543644, 0.006301800000073854, 0.0066001000013784505]","[0.004419799999595853, 0.003327400001580827, 0.00451959999918472]"
14,n14_0002,M???FBOw@WBOD_B_?,3,3,0.005168800000319607,0.0034321999992243946,192,1,13,1.5059728458387178,0.9947916666666666,2,3,"[0.004876499999227235, 0.005193099999814876, 0.005168800000319607]","[0.0034321999992243946, 0.003921899999113521, 0.0030552000007446622]"
14,n14_0003,M???FBOq@KF?D_B_?,3,3,0.007074200000715791,0.003799099999014288,191,1,4,1.862072596812734,0.9947643979057592,2,3,"[0.007074200000715791, 0.008352400000148918, 0.006753199999366188]","[0.0032139999984792667, 0.003799099999014288, 0.005024599999160273]"
14,n14_0004,M???FBOq@KCoF?E_?,3,3,0.007145600000512786,0.007353499999226187,260,85,134,0.9717277488630885,0.6730769230769231,2,3,"[0.007145600000512786, 0.00880449999931443, 0.006790299999920535]","[0.00892559999920195, 0.007353499999226187, 0.005376500001148088]"
14,n14_0005,M???FBOiAgDOD_B_?,3,3,0.008563400000639376,0.00358570000025793,280,2,5,2.3882087179695417,0.9928571428571429,2,3,"[0.008563400000639376, 0.008863900000505964, 0.007408700001178659]","[0.007167300000219257, 0.00358570000025793, 0.003503899999486748]"
14,n14_0006,M???FBObB_DOD_B_?,3,3,0.006950400000278023,0.005681900000126916,206,1,8,1.2232527851815014,0.9951456310679612,2,3,"[0.005991199999698438, 0.007206300000689225, 0.006950400000278023]","[0.008186999999452382, 0.004930099999910453, 0.005681900000126916]"
14,n14_0007,M???FBObBCF?B_D_?,3,3,0.006694900001093629,0.005636399999275454,300,21,30,1.1877971758488117,0.93,2,3,"[0.006901000000652857, 0.00619860000006156, 0.006694900001093629]","[0.006151100000352017, 0.003872100000080536, 0.005636399999275454]"
14,n14_0008,M???FBObBCD_E_D_?,3,3,0.0056476999998267274,0.004783500000485219,235,1,4,1.1806626945236431,0.9957446808510638,2,3,"[0.0056476999998267274, 0.007315599999856204, 0.0052455999993981095]","[0.004783500000485219, 0.003346600000440958, 0.005539399999179295]"
14,n14_0009,M???FBObBCDOD_F??,3,3,0.006238399999347166,0.004270500001439359,245,3,8,1.4608125505782772,0.9877551020408163,2,3,"[0.007334699999773875, 0.006238399999347166, 0.005674099998941529]","[0.004270500001439359, 0.003785200000493205, 0.005215299999690615]"
14,n14_0010,M???FBObASF?H_D_?,3,3,0.0049731999988580355,0.00322750000123051,203,7,11,1.5408830354645897,0.9655172413793104,2,3,"[0.008899200000087149, 0.004648300000553718, 0.0049731999988580355]","[0.00322750000123051, 0.004311999999117688, 0.0030418999995163176]"
14,n14_0011,M???FBObASD_D_K_?,3,3,0.005424699998911819,0.003151400000206195,202,1,4,1.721361933920443,0.995049504950495,2,3,"[0.0049968999992415775, 0.007891500001278473, 0.005424699998911819]","[0.005156100000021979, 0.003151400000206195, 0.0028667999995377613]"
14,n14_0012,M???FAW`agD_K_Q_?,4,4,0.014145400000415975,0.014314400001239846,779,343,529,0.9881937069797384,0.5596919127086007,7,3,"[0.015260799998941366, 0.013949599999250495, 0.014145400000415975]","[0.018560900000011316, 0.014314400001239846, 0.01246519999949669]"
14,n14_0013,M??CEB_[@oB_B_@o?,4,4,0.01231259999985923,0.010588099999949918,632,318,467,1.16287152557281,0.49683544303797467,7,3,"[0.012737799999740673, 0.01231259999985923, 0.010410799999590381]","[0.010588099999949918, 0.010709599999245256, 0.010275200000251061]"
14,n14_0014,M??CEB_WPoAoB_F??,3,3,0.009968599999410799,0.008470200000374462,393,142,246,1.176902552356508,0.638676844783715,2,3,"[0.010801800000990625, 0.009968599999410799, 0.009414699999979348]","[0.009568199999193894, 0.008470200000374462, 0.008009500001207925]"
14,n14_0015,M??CE@oY@gB_@oa_?,3,3,0.010364200001276913,0.007204600000477512,393,112,160,1.438553146682673,0.7150127226463104,2,3,"[0.010364200001276913, 0.011401700001442805, 0.008408399999098037]","[0.007925099998828955, 0.007204600000477512, 0.007071199999700184]"
14,n14_0016,M??CE@oY?iD_E_`_?,3,3,0.01480009999977483,0.005828999999721418,565,93,133,2.539046148650225,0.8353982300884956,2,3,"[0.01480009999977483, 0.01503969999976107, 0.011709799999152892]","[0.005828999999721418, 0.006827200000770972, 0.005588699999862001]"
14,n14_0017,M??CE@oY@EQ_F?B_?,3,3,0.007662099998924532,0.003960199999710312,331,11,16,1.9347760212830194,0.9667673716012085,2,3,"[0.010436099999424187, 0.007527700001446647, 0.007662099998924532]","[0.003960199999710312, 0.00396069999987958, 0.0038729999996576225]"
14,n14_0018,M??CE@oQdGDOF?DO?,3,3,0.006872200001453166,0.005589899999904446,316,94,117,1.2293958749835667,0.7025316455696202,2,3,"[0.006872200001453166, 0.010323099999368424, 0.0063094999986788025]","[0.005589899999904446, 0.006562200000189478, 0.004916899999443558]"
14,n14_0019,M??CE?wLB_H_Ao`_?,3,3,0.009574800000336836,0.004460399999516085,393,62,82,2.1466236215083,0.8422391857506362,2,3,"[0.01144399999975576, 0.009063600000445149, 0.009574800000336836]","[0.004478600001675659, 0.004460399999516085, 0.004338800001278287]"
14,n14_0020,M??CEBAWOsE_J?F??,3,3,0.008026399998925626,0.0032632000002195127,368,1,4,2.4596714876151315,0.9972826086956522,2,3,"[0.0072481999995943625, 0.011297600000034436, 0.008026399998925626]","[0.0033660999997664476, 0.0032632000002195127, 0.0029073000005155336]"
14,n14_0021,M??CEB@W_sE_J?F??,3,3,0.005288300000756863,0.006777300000976538,200,52,104,0.7802959880770917,0.74,2,3,"[0.005288300000756863, 0.005350100000214297, 0.003968200000599609]","[0.007259300000441726, 0.0050360000004729955, 0.006777300000976538]"
14,n14_0022,M??CEB@K`oE_B_R??,3,3,0.00597120000020368,0.007786999998643296,186,145,221,0.7668164891799183,0.22043010752688172,2,3,"[0.008207900000343216, 0.00597120000020368, 0.005573899999944842]","[0.00762389999908919, 0.007786999998643296, 0.008363899998585111]"
14,n14_0023,M??CEB@K`SE_F?R??,3,3,0.004721100000097067,0.005967000000964617,189,77,121,0.7912016087370304,0.5925925925925926,2,3,"[0.004721100000097067, 0.00434540000060224, 0.005120899999383255]","[0.005967000000964617, 0.004717800000435091, 0.0064872999992076075]"
14,n14_0024,M??CEA`UAgB_I_H_?,4,4,0.011307000000670087,0.01030220000029658,665,227,395,1.0975325658931665,0.6586466165413534,7,3,"[0.015212500000416185, 0.011235400001169182, 0.011307000000670087]","[0.01030220000029658, 0.009461399999054265, 0.010646799999449286]"
14,n14_0025,M??CEA`UAgEOJ?B_?,4,4,0.014102099999945494,0.011330899998938548,704,259,422,1.24457015782211,0.6321022727272727,7,3,"[0.01468620000014198, 0.014102099999945494, 0.013316500000655651]","[0.011330899998938548, 0.011588000001211185, 0.009698099998786347]"
14,n14_0026,M??CEA`FAoF?P_H_?,4,4,0.010490699998626951,0.010934300000371877,661,286,452,0.9594304160549977,0.56732223903177,7,3,"[0.010490699998626951, 0.016644799999994575, 0.009835900000325637]","[0.010934300000371877, 0.009536799998386414, 0.013126600000759936]"
14,n14_0027,M??CEA`F?wJ?W_H_?,4,4,0.011974600000030478,0.010792000000947155,615,256,415,1.1095811711433963,0.583739837398374,7,3,"[0.011974600000030478, 0.016809300001114025, 0.01050559999930556]","[0.010625099999742815, 0.012089799998648232, 0.010792000000947155]"
14,n14_0028,M??CBBOw@oAoB_BO?,3,3,0.007069999999657739,0.008519999999407446,304,79,103,0.8298122065903107,0.7401315789473685,2,3,"[0.007059000001390814, 0.011168600000019069, 0.007069999999657739]","[0.004873899999438436, 0.008546299999579787, 0.008519999999407446]"
14,n14_0029,M??CBBOw@SAoF?BO?,3,3,0.006860999999844353,0.004693099999713013,244,40,49,1.4619334768626087,0.8360655737704918,2,3,"[0.005185199999687029, 0.007644299999810755, 0.006860999999844353]","[0.0049140999999508495, 0.004693099999713013, 0.0038936000000830973]"
14,n14_0030,M??CBBOkBOB_B_@o?,4,4,0.013324400000783498,0.012258799999472103,694,370,538,1.0869253109078607,0.4668587896253602,7,3,"[0.01331690000006347, 0.01790149999942514, 0.013324400000783498]","[0.012258799999472103, 0.01318849999915983, 0.011117100000774371]"
14,n14_0031,M??CBBOi?qE_P_B_?,3,3,0.008017100000870414,0.004939900001772912,442,89,110,1.6229275892210584,0.7986425339366516,2,3,"[0.007881100000304286, 0.01629069999944477, 0.008017100000870414]","[0.004910499999823514, 0.005352100000891369, 0.004939900001772912]"
14,n14_0032,M??CBBOQd_CoF?BO?,3,3,0.007631700000274577,0.007711599999311147,460,121,157,0.9896389855485622,0.7369565217391304,2,3,"[0.007311199999094242, 0.010762500000055297, 0.007631700000274577]","[0.007711599999311147, 0.006290099998295773, 0.0088504000013927]"
14,n14_0033,M??CBBOQcgB_H_IO?,3,3,0.009332200001153979,0.009494300000369549,506,185,277,0.9829265981473873,0.6343873517786561,2,3,"[0.009103399999730755, 0.009332200001153979, 0.011060900000302354]","[0.00901990000056685, 0.009494300000369549, 0.010946399999738787]"
14,n14_0034,M??CBBOQcWDOL?DO?,3,3,0.00539799999933166,0.005877600000530947,224,23,28,0.9184020686749756,0.8973214285714286,2,3,"[0.005762400000094203, 0.00539799999933166, 0.00467449999996461]","[0.004823200000828365, 0.005877600000530947, 0.007110299999112613]"
14,n14_0035,M??CBBOQcWAgM?H_?,3,3,0.0076891999997315,0.00820920000114711,352,149,190,0.9366564340809155,0.5767045454545454,2,3,"[0.0076891999997315, 0.00807870000062394, 0.00762869999925897]","[0.007949400000143214, 0.009988800000428455, 0.00820920000114711]"
14,n14_0036,M??CB@ow?sAoBOb??,3,3,0.008306599998832098,0.010062100000141072,429,214,290,0.825533437226388,0.5011655011655012,2,3,"[0.008306599998832098, 0.009821300000112387, 0.00785609999911685]","[0.01228629999968689, 0.010062100000141072, 0.007714500001384295]"
14,n14_0037,M??CB@ow?qAoB_b??,3,3,0.007764900001347996,0.004096999999092077,255,1,4,1.8952648286718943,0.996078431372549,2,3,"[0.005626099999062717, 0.008329000000230735, 0.007764900001347996]","[0.004314100000556209, 0.004096999999092077, 0.003948899999159039]"
14,n14_0038,M??CB@ow?YB_B_c_?,3,3,0.011818899998615962,0.008140100000673556,454,102,162,1.4519354796179411,0.775330396475771,2,3,"[0.011818899998615962, 0.00952780000079656, 0.012205799999719602]","[0.008140100000673556, 0.008213799999793991, 0.00696570000036445]"
14,n14_0039,M??CB@ow?e@oF?b??,3,3,0.0057262999998783926,0.005447900000945083,248,19,31,1.051102259381599,0.9233870967741935,2,3,"[0.0057262999998783926, 0.005076499999631778, 0.00766490000023623]","[0.005564999999478459, 0.005447900000945083, 0.003706100000272272]"
14,n14_0040,M??CB@ow?UAoF?b??,3,3,0.005684599998858175,0.004454699999769218,253,1,6,1.276090421162519,0.9960474308300395,2,3,"[0.004905399999188376, 0.0057096000000456115, 0.005684599998858175]","[0.004454699999769218, 0.003671099999337457, 0.004523699999481323]"
14,n14_0041,M??CB@ow?U@oF?d??,3,3,0.006095599999753176,0.004112300000997493,251,1,5,1.482284852339228,0.9960159362549801,2,3,"[0.006776000000172644, 0.006095599999753176, 0.005778999999165535]","[0.005557800001042779, 0.00291540000034729, 0.004112300000997493]"
14,n14_0042,M??CB@os@cP_BOB_?,3,3,0.00781959999949322,0.005313399999067769,244,1,4,1.4716753869208343,0.9959016393442623,2,3,"[0.00781959999949322, 0.007865599998694961, 0.005205099998420337]","[0.0056358000001637265, 0.005313399999067769, 0.0036931000013282755]"
14,n14_0043,M??CB@o[CoP_B_@o?,3,3,0.0062034000002313405,0.003231900000173482,246,1,4,1.9194282000985037,0.9959349593495935,2,3,"[0.0062034000002313405, 0.006648200000199722, 0.006025100001352257]","[0.002936299999419134, 0.00533499999983178, 0.003231900000173482]"
14,n14_0044,M??CB@o[CcP_B_BO?,3,3,0.006636199999775272,0.007357399999818881,212,185,280,0.9019762415987491,0.12735849056603774,2,3,"[0.006636199999775272, 0.0068400000000110595, 0.005470000000059372]","[0.006905499998538289, 0.007357399999818881, 0.008420699999987846]"
14,n14_0045,M??CB@o[CaP_B_B_?,3,3,0.00755369999933464,0.004457200000615558,445,25,45,1.6947186570697843,0.9438202247191011,2,3,"[0.00755369999933464, 0.011582899998757057, 0.007055800000671297]","[0.004457200000615558, 0.004378399999040994, 0.006204400000569876]"
14,n14_0046,M??CB@oYCaP_B_D_?,3,3,0.007946499999889056,0.004789399999935995,268,69,89,1.6591848665793738,0.7425373134328358,2,3,"[0.007946499999889056, 0.005353399999876274, 0.00797200000124576]","[0.0046731000002182554, 0.004789399999935995, 0.008092199999737204]"
14,n14_0047,M??CB@oYCaOoF?B_?,3,3,0.010708300000260351,0.006367699999827892,425,15,61,1.6816589978406298,0.9647058823529412,2,3,"[0.009798199998840573, 0.010708300000260351, 0.0139725000008184]","[0.0041246999990107724, 0.006545600001118146, 0.006367699999827892]"
14,n14_0048,M??CB@oYCIR?D_B_?,3,3,0.006593500000235508,0.004899200001091231,287,58,78,1.3458319723152545,0.7979094076655052,2,3,"[0.006593500000235508, 0.007256999999299296, 0.006073099999412079]","[0.0045160000008763745, 0.004899200001091231, 0.0051004999986616895]"
14,n14_0049,M??CB@oYCIQ_E_B_?,3,3,0.011119000000689994,0.007062200000291341,410,81,139,1.5744385602547784,0.802439024390244,2,3,"[0.010473199999978533, 0.011119000000689994, 0.011507200000778539]","[0.006405400001312955, 0.007748399999400135, 0.007062200000291341]"
14,n14_0050,M??CB@oY?iR?`_B_?,3,3,0.00903180000022985,0.005215900000621332,397,34,84,1.7315899459640633,0.9143576826196473,2,3,"[0.011829900000520865, 0.00903180000022985, 0.008327600000484381]","[0.004251100001056329, 0.005215900000621332, 0.007756500001050881]"
14,n14_0051,M??CB@oY?iQOb?B_?,3,3,0.011084599998866906,0.005902000000787666,420,28,73,1.878109115111417,0.9333333333333333,2,3,"[0.01191339999968477, 0.007996700000148849, 0.011084599998866906]","[0.0050498000000516186, 0.006056400001398288, 0.005902000000787666]"
14,n14_0052,M??CB@oYCEOoF?F??,3,3,0.005240099999355152,0.005775899999207468,183,73,117,0.9072352360799469,0.6010928961748634,2,3,"[0.004940000000715372, 0.00593499999922642, 0.005240099999355152]","[0.004592899998897337, 0.005775899999207468, 0.006599999998798012]"
14,n14_0053,M??CB@oodO@oF?DO?,3,3,0.011204100001123152,0.005693999999493826,437,36,76,1.967702845472278,0.9176201372997712,2,3,"[0.011414299999159994, 0.011204100001123152, 0.00864730000103009]","[0.007719100000031176, 0.005418700000518584, 0.005693999999493826]"
14,n14_0054,M??CB@oodO@gD_F??,3,3,0.01036970000131987,0.009601699999620905,516,167,252,1.0799858360216719,0.6763565891472868,2,3,"[0.012366700000711717, 0.01036970000131987, 0.008850800000800518]","[0.010978899999827263, 0.00798930000019027, 0.009601699999620905]"
14,n14_0055,M??CBAWwAgEOBOB_?,3,3,0.008447199999864097,0.007074299999658251,455,171,212,1.1940686711437412,0.6241758241758242,2,3,"[0.009243499998774496, 0.008074500001384877, 0.008447199999864097]","[0.007074299999658251, 0.00634639999952924, 0.009182499999951688]"
14,n14_0056,M??CBAWsB_D_@oB_?,3,3,0.006223100001079729,0.005460999998831539,266,105,146,1.1395531958270009,0.6052631578947368,2,3,"[0.006223100001079729, 0.00521880000087549, 0.00728259999959846]","[0.005460999998831539, 0.004893100000117556, 0.0061659000002691755]"
14,n14_0057,M??CBAWsB_CoBOB_?,3,3,0.006163499998365296,0.0033414999998058192,233,8,13,1.8445308989146996,0.9656652360515021,2,3,"[0.008766500001001987, 0.005574299999352661, 0.006163499998365296]","[0.0032998999995470513, 0.0033414999998058192, 0.006552599999849917]"
14,n14_0058,M??CBAWs?w@oX?Go?,3,3,0.01128680000147142,0.0073778000005404465,530,158,220,1.5298327415550201,0.7018867924528301,2,3,"[0.01128680000147142, 0.01002870000047551, 0.01146599999992759]","[0.00662219999867375, 0.0073778000005404465, 0.010978000000250177]"
14,n14_0059,M??CBAWs?YHOH_L??,3,3,0.008846999999150285,0.007786100000885199,401,162,216,1.1362556348036208,0.5960099750623441,2,3,"[0.007714499999565305, 0.008846999999150285, 0.009270399999877554]","[0.007786100000885199, 0.007752700001219637, 0.008755400000154623]"
14,n14_0060,M??CBAWeAoGoH_HO?,3,3,0.010119399999894085,0.00598100000024715,402,89,132,1.6919244272656624,0.7786069651741293,2,3,"[0.013286400000652066, 0.008996099999421858, 0.010119399999894085]","[0.00598100000024715, 0.005226600000241888, 0.006409899999198387]"
14,n14_0061,M??CBAWe?kGoX?IO?,3,3,0.013293500000145286,0.0061617999999725726,399,80,138,2.1574053036782206,0.7994987468671679,2,3,"[0.015844699999433942, 0.013293500000145286, 0.012263100001291605]","[0.01012079999964044, 0.0061617999999725726, 0.006113199999163044]"
14,n14_0062,M??CBAWp@aJ?B_H_?,3,3,0.009768800000529154,0.0059154999999009306,445,47,68,1.6513904151285195,0.8943820224719101,2,3,"[0.009768800000529154, 0.010516300000745105, 0.008986899998490117]","[0.0045417999990604585, 0.0059154999999009306, 0.006978999999773805]"
14,n14_0063,M??CBAWp?qI_H_I_?,3,3,0.006163599999126745,0.004578799998853356,201,4,9,1.3461168866668696,0.9800995024875622,2,3,"[0.006163599999126745, 0.007076500000039232, 0.00490679999893473]","[0.004578799998853356, 0.002995700000610668, 0.0050033999996230705]"
14,n14_0064,M??CBAWp?iM?I_B_?,3,3,0.005805799999507144,0.004401399999551359,224,15,19,1.3190802926566407,0.9330357142857143,2,3,"[0.007218699998702505, 0.005255599999145488, 0.005805799999507144]","[0.005902099999730126, 0.0031096999991859775, 0.004401399999551359]"
14,n14_0065,M??CBAWp?iJ?I_H_?,3,3,0.005493499998920015,0.0047505000002274755,196,30,39,1.1564045887079173,0.8469387755102041,2,3,"[0.005493499998920015, 0.0061189000007289, 0.005093600000691367]","[0.0047505000002274755, 0.004473400000279071, 0.006763900000805734]"
14,n14_0066,M??CBAWp?iIOI_J??,3,3,0.005067600000984385,0.004269000000931555,198,39,48,1.187069571299734,0.803030303030303,2,3,"[0.007925800000521122, 0.004508899999564164, 0.005067600000984385]","[0.0038582999986829236, 0.004600800000844174, 0.004269000000931555]"
14,n14_0067,M??CBAWdAcKOJ?BO?,3,3,0.007441499999913503,0.004407700000228942,380,5,9,1.6882954827976,0.9868421052631579,2,3,"[0.007441499999913503, 0.009355799998957082, 0.00711819999924046]","[0.004407700000228942, 0.00543649999963236, 0.00342110000019602]"
14,n14_0068,M??CBAWd?sH_W_HO?,3,3,0.009836000001087086,0.006629600000451319,417,72,106,1.483649088997449,0.8273381294964028,2,3,"[0.011942999999519088, 0.009836000001087086, 0.009316400000898284]","[0.006629600000451319, 0.008530600000085542, 0.006095599999753176]"
14,n14_0069,M??CB@WsDOE_B_@o?,3,3,0.008566200000132085,0.009130099999310914,346,178,220,0.9382372592609731,0.48554913294797686,2,3,"[0.008566200000132085, 0.007238600001073792, 0.008603399999628891]","[0.008561999999074033, 0.018895499999416643, 0.009130099999310914]"
14,n14_0070,M??CB@WsCKB_J?Go?,4,4,0.013234000000011292,0.010501099999601138,650,165,312,1.2602489263519019,0.7461538461538462,7,3,"[0.013494700000592275, 0.013234000000011292, 0.011385199999494944]","[0.010272299999996903, 0.016393399999287794, 0.010501099999601138]"
14,n14_0071,M??CB@Ws?kSOBOJ??,3,3,0.01034079999953974,0.0045731999998679385,449,17,23,2.2611737951190314,0.9621380846325167,2,3,"[0.01106910000089556, 0.01034079999953974, 0.008404300000620424]","[0.0045731999998679385, 0.006042499999239226, 0.004478700000618119]"
14,n14_0072,M??CB@W[CaOoJ?B_?,3,3,0.011336699999446864,0.006176499999128282,429,6,14,1.835456974183901,0.986013986013986,2,3,"[0.011131799999930081, 0.011907000000064727, 0.011336699999446864]","[0.0036517999997158768, 0.006176499999128282, 0.006352200000037556]"
14,n14_0073,M??CB@W[CaCoB_b??,3,3,0.009284100000513718,0.006322400000499329,492,70,90,1.4684455269803367,0.8577235772357723,2,3,"[0.0075397000000521075, 0.009284100000513718, 0.010136099999726866]","[0.00556959999994433, 0.007783299999573501, 0.006322400000499329]"
14,n14_0074,M??CB@WU@gOgB_g_?,3,3,0.007705099998929654,0.009402800000316347,361,147,220,0.8194473985058094,0.592797783933518,2,3,"[0.007045300000754651, 0.009050799999386072, 0.007705099998929654]","[0.009402800000316347, 0.010995299999194685, 0.007368500000666245]"
14,n14_0075,M??CB@WU@IE_`_a_?,3,3,0.004884399999355082,0.006823000001531909,186,88,138,0.715872782977932,0.5268817204301075,2,3,"[0.004884399999355082, 0.0040324000001419336, 0.006926000000021304]","[0.006823000001531909, 0.007862300000851974, 0.005513399999472313]"
14,n14_0076,M??CB@WpD_@WJ?D_?,4,4,0.01123849999930826,0.014528799998515751,784,418,603,0.773532569823824,0.46683673469387754,7,3,"[0.010317100000975188, 0.01123849999930826, 0.013971800000945223]","[0.014528799998515751, 0.018883500000811182, 0.013630200000989134]"
14,n14_0077,M??CB@WpCoF?@oH_?,3,3,0.00620359999993525,0.0037573999998130603,254,19,28,1.6510352904252659,0.9251968503937008,2,3,"[0.005131100000653532, 0.00620359999993525, 0.00649150000026566]","[0.00326879999920493, 0.009316600000602193, 0.0037573999998130603]"
14,n14_0078,M??CB@WpCg@oK_IO?,3,3,0.011215499998797895,0.006557299999258248,499,85,127,1.7103838470203554,0.8296593186372746,2,3,"[0.009928299999955925, 0.011215499998797895, 0.012686000000030617]","[0.007375199998932658, 0.006557299999258248, 0.006318799998553004]"
14,n14_0079,M??CB@WpCcB_H_IO?,3,3,0.01090239999939513,0.005824599998959457,540,67,129,1.8717851871961686,0.8759259259259259,2,3,"[0.009533700000247336, 0.01090239999939513, 0.012162299999545212]","[0.00722949999908451, 0.005824599998959457, 0.005483800001456984]"
14,n14_0080,M??CB@WpCc@oL?IO?,4,4,0.011535899999216781,0.011652499999399879,719,194,370,0.9899935635967301,0.7301808066759388,7,3,"[0.010437200000524172, 0.011535899999216781, 0.011726400000043213]","[0.011652499999399879, 0.011207300000023679, 0.012335800000073505]"
14,n14_0081,M??CB@WX@oQG`_B_?,3,3,0.010648899999068817,0.008322599998791702,541,155,226,1.2795160167032962,0.7134935304990758,2,3,"[0.011148600000524311, 0.010216299999228795, 0.010648899999068817]","[0.007442799998898408, 0.008322599998791702, 0.011538200000359211]"
14,n14_0082,M??CB@WTCoT?H_@o?,3,3,0.005357799998819246,0.004203200000119978,213,12,18,1.274695469800702,0.9436619718309859,2,3,"[0.005047599999670638, 0.005357799998819246, 0.005472699998790631]","[0.003146399998513516, 0.004203200000119978, 0.005849999999554711]"
14,n14_0083,M??CB@WT@oD_`__o?,3,3,0.0051741999996011145,0.005624900000839261,196,83,122,0.9198741308875001,0.576530612244898,2,3,"[0.004433899999639834, 0.005517800000234274, 0.0051741999996011145]","[0.00580689999878814, 0.005215999999563792, 0.005624900000839261]"
14,n14_0084,M??CB@WTCcSOBOJ??,3,3,0.0056899999999586726,0.005832400000144844,224,46,88,0.9755846649436536,0.7946428571428571,2,3,"[0.006304000000454835, 0.00507120000111172, 0.0056899999999586726]","[0.005832400000144844, 0.005110899999635876, 0.006284099999902537]"
14,n14_0085,M??CB@WTCaD_B_g_?,3,3,0.009048399999301182,0.004606000000421773,453,7,11,1.9644811112619665,0.9845474613686535,2,3,"[0.008280999998532934, 0.009048399999301182, 0.010325700000976212]","[0.004606000000421773, 0.0036856000006082468, 0.004802000001291162]"
14,n14_0086,M??CB@WTCaPOJ?H_?,3,3,0.009471999999732361,0.006451599998399615,422,86,154,1.4681629366485813,0.7962085308056872,2,3,"[0.00787539999873843, 0.009471999999732361, 0.009961800000382937]","[0.006477799999629497, 0.005782300000646501, 0.006451599998399615]"
14,n14_0087,M??CB@WT?YT?H_c_?,3,3,0.011169999999765423,0.005491699999765842,480,73,116,2.033978549491359,0.8479166666666667,2,3,"[0.012404400000377791, 0.008587899999838555, 0.011169999999765423]","[0.005491699999765842, 0.005297400000927155, 0.006798999998864019]"
14,n14_0088,M??CB@WocgB_H_IO?,4,4,0.011168500001076609,0.011971100000664592,674,209,361,0.932955200479202,0.6899109792284867,7,3,"[0.011902199999894947, 0.011168500001076609, 0.010825499999555177]","[0.012907099999210914, 0.010382899999967776, 0.011971100000664592]"
14,n14_0089,M??CB?[U@oWG`_H_?,3,3,0.011840099999972153,0.006375199998728931,587,62,112,1.8572123231165765,0.8943781942078365,2,3,"[0.011840099999972153, 0.010600300000078278, 0.01314989999991667]","[0.006375199998728931, 0.0052794000002904795, 0.007182800000009593]"
14,n14_0090,M??CB?[FCoW_W_Go?,3,3,0.009002400000099442,0.0030501000001095235,378,3,8,2.9515097864909943,0.9920634920634921,2,3,"[0.009225799998603179, 0.008356399999684072, 0.009002400000099442]","[0.004051899999467423, 0.0030501000001095235, 0.003025300000444986]"
14,n14_0091,M??CB?[FCoWOW_HO?,3,3,0.005163899999388377,0.008978200001365622,171,180,295,0.5751598314364713,-0.05263157894736842,2,3,"[0.006544400001075701, 0.005163899999388377, 0.004479600000195205]","[0.008726099998966674, 0.008978200001365622, 0.008995899999717949]"
14,n14_0092,M??CB?[FCoOoW_WO?,3,3,0.004766599999129539,0.0030012000006536255,170,1,4,1.5882313734810845,0.9941176470588236,2,3,"[0.003826199999821256, 0.004766599999129539, 0.004789399999935995]","[0.0030012000006536255, 0.0025824999993346864, 0.0034433000000717584]"
14,n14_0093,M??CB?[FAoW_g_Go?,3,3,0.008431399999608402,0.003451399999903515,453,5,8,2.4428927391331356,0.9889624724061811,2,3,"[0.008431399999608402, 0.008988899999167188, 0.007791800000632065]","[0.0034868999991886085, 0.0026092999996762956, 0.003451399999903515]"
14,n14_0094,M??CB?[FAoK_g__o?,3,3,0.004680599999119295,0.0036472000010689953,201,5,8,1.283340644260641,0.9751243781094527,2,3,"[0.004300500000681495, 0.004680599999119295, 0.007212999998955638]","[0.0036472000010689953, 0.0028025999999954365, 0.005300700000589131]"
14,n14_0095,M??CB?[FAoWGH_g_?,3,3,0.008510699999533244,0.005393800000092597,319,76,117,1.5778671807236344,0.7617554858934169,2,3,"[0.008761899998717126, 0.006369900000208872, 0.008510699999533244]","[0.005393800000092597, 0.005174300000362564, 0.005473400000482798]"
14,n14_0096,M??CB?[FAoSGH_o_?,4,4,0.012382400000205962,0.009285000000090804,608,214,360,1.3335918147641213,0.6480263157894737,7,3,"[0.009152200000244193, 0.012382400000205962, 0.013885799999115989]","[0.011179900000570342, 0.008234900000388734, 0.009285000000090804]"
14,n14_0097,M??CBBAw@oAoF?BO?,3,3,0.00953509999999369,0.004899999999906868,506,38,70,1.945938775545902,0.924901185770751,2,3,"[0.009090300000025309, 0.00953509999999369, 0.010825600000316626]","[0.004336400001193397, 0.004899999999906868, 0.00635830000101123]"
14,n14_0098,M??CBBAkB_B_BOB_?,3,3,0.009665599998697871,0.003571699999156408,416,17,33,2.7061623319373878,0.9591346153846154,2,3,"[0.008733500000744243, 0.010252000000036787, 0.009665599998697871]","[0.0035671000005095266, 0.003571699999156408, 0.006811600000219187]"
14,n14_0099,M??CBBAk?qI_B_J??,3,3,0.008227700000134064,0.004176899999947636,478,32,51,1.9698101463375255,0.9330543933054394,2,3,"[0.010141900000235182, 0.008227700000134064, 0.00820670000030077]","[0.004176899999947636, 0.004100299998754053, 0.004192399999737972]"
14,n14_0100,M??CBAQe?wH_X?Go?,3,3,0.010346700000809506,0.005673999999999069,538,49,114,1.8235283751870293,0.9089219330855018,2,3,"[0.01299269999981334, 0.010346700000809506, 0.009928800000125193]","[0.006006100000377046, 0.004944999998770072, 0.005673999999999069]"
14,n14_0101,M??CBAQe?kH_J?WO?,3,3,0.004871400000411086,0.004949000000124215,221,30,65,0.9843200647178861,0.8642533936651584,2,3,"[0.004984700000932207, 0.0046769000000495, 0.004871400000411086]","[0.004080799999428564, 0.004949000000124215, 0.005059400000391179]"
14,n14_0102,M??CBAQb?wJ?X?Go?,3,3,0.011052699999709148,0.0045601999991049524,567,35,65,2.4237314157007375,0.9382716049382716,2,3,"[0.01001180000093882, 0.0134911999994074, 0.011052699999709148]","[0.0045601999991049524, 0.004268899998351117, 0.0046188000014808495]"
14,n14_0103,M??CBAQb?[J?X?KO?,3,3,0.009937099999660859,0.003147399998852052,523,3,6,3.1572408982923075,0.994263862332696,2,3,"[0.009937099999660859, 0.009218699999109958, 0.010365899999669637]","[0.0033452000006946037, 0.003147399998852052, 0.0030975000008766074]"
14,n14_0104,M??CBAQo`aH_F?J??,4,4,0.010160399999222136,0.008004600000276696,640,233,376,1.2693201407779178,0.6359375,7,3,"[0.009437499998966814, 0.010160399999222136, 0.010927900000751833]","[0.008004600000276696, 0.007878500000515487, 0.00868369999989227]"
14,n14_0105,M??CBAQo_qK_F?J??,3,3,0.010743299999376177,0.00535650000165333,556,49,76,2.005656678065932,0.9118705035971223,2,3,"[0.010198300000411109, 0.010743299999376177, 0.011042199999792501]","[0.00535650000165333, 0.004751399999804562, 0.007607199999256409]"
14,n14_0106,M??CBAQo_qI_J?J??,3,3,0.010603900000205613,0.004436199998963275,584,37,57,2.390311528489182,0.9366438356164384,2,3,"[0.00906580000082613, 0.010603900000205613, 0.010784899999634945]","[0.004436199998963275, 0.0038153999994392507, 0.008824999998978456]"
14,n14_0107,M??CBAQo_qE_R?J??,3,3,0.012167199998657452,0.004668100000344566,603,33,62,2.6064565878535926,0.945273631840796,2,3,"[0.009406099999978323, 0.012167199998657452, 0.012342600000920356]","[0.004501400000663125, 0.004668100000344566, 0.006281400001171278]"
14,n14_0108,M??CBAQaagH_M?HO?,3,3,0.01276019999932032,0.00672619999932067,655,103,205,1.897088995362771,0.8427480916030534,2,3,"[0.012502699999458855, 0.013692099999389029, 0.01276019999932032]","[0.00672619999932067, 0.006573500000740751, 0.01030220000029658]"
14,n14_0109,M??CBAQa_wI_Y?HO?,3,3,0.008215599998948164,0.005358399999749963,227,32,78,1.5332188711801145,0.8590308370044053,2,3,"[0.010118099999090191, 0.006851500000266242, 0.008215599998948164]","[0.005594700000074226, 0.005358399999749963, 0.004732900000817608]"
14,n14_0110,M??CBAQa_wI_J?WO?,3,3,0.004759299999932409,0.0033617000008234754,183,10,15,1.4157420349128658,0.9453551912568307,2,3,"[0.006721100000504521, 0.00410109999938868, 0.004759299999932409]","[0.0029899000001023524, 0.0033617000008234754, 0.005332300001100521]"
14,n14_0111,M??CBAQa_wB_X?WO?,3,3,0.00525749999906111,0.008209999999962747,177,120,199,0.6403775881954892,0.3220338983050847,2,3,"[0.00525749999906111, 0.005290699999022763, 0.00474469999971916]","[0.009787299999516108, 0.0076812000006611925, 0.008209999999962747]"
14,n14_0112,M??CBAQaaaH_J?L??,3,3,0.005235299999185372,0.003715699998792843,225,14,35,1.4089673549765096,0.9377777777777778,2,3,"[0.007573699998829397, 0.004915699999401113, 0.005235299999185372]","[0.0033540000003995374, 0.003715699998792843, 0.004264600000169594]"
14,n14_0113,M??CBAQaaaB_J?X??,3,3,0.005833100000018021,0.0076253999995969934,206,88,184,0.764956592483844,0.5728155339805825,2,3,"[0.00526720000016212, 0.005833100000018021, 0.005849099999977625]","[0.005966200000329991, 0.0076253999995969934, 0.007631100001162849]"
14,n14_0114,M??CBAQa_qI_J?X??,4,4,0.011982699999862234,0.009400400000231457,671,202,375,1.274701076503893,0.698956780923994,7,3,"[0.01043500000014319, 0.016497200000230805, 0.011982699999862234]","[0.009400400000231457, 0.008618799998657778, 0.010779700000057346]"
14,n14_0115,M??CBAQa_iJ?J?X??,3,3,0.007006300000284682,0.004039200000988785,213,1,5,1.734576153339661,0.9953051643192489,2,3,"[0.007006300000284682, 0.009337900000900845, 0.005423799999334733]","[0.004039200000988785, 0.0032403999994130572, 0.004593300000124145]"
14,n14_0116,M??CBAQa_iB_Y?X??,3,3,0.0055167000009532785,0.009008699998958036,198,65,153,0.6123747046290087,0.6717171717171717,2,3,"[0.004984699999113218, 0.00668010000117647, 0.0055167000009532785]","[0.00910929999918153, 0.005938600001172745, 0.009008699998958036]"
14,n14_0117,M??CBB@W_sE_b?F??,3,3,0.009482200001002639,0.006340599999020924,431,111,170,1.4954736148734853,0.7424593967517401,2,3,"[0.009482200001002639, 0.011691699999573757, 0.008595200000854675]","[0.007121200000256067, 0.006015099999785889, 0.006340599999020924]"
14,n14_0118,M??CBB@caoE_J?B_?,3,3,0.01116369999908784,0.004844199998842669,587,23,57,2.3045497712222796,0.9608177172061328,2,3,"[0.010743400000137626, 0.012070199998561293, 0.01116369999908784]","[0.005121599999256432, 0.004227299999911338, 0.004844199998842669]"
14,n14_0119,M??CBB@c`oE_R?B_?,3,3,0.011506500000905362,0.0042061000003741356,589,22,36,2.7356696226627637,0.9626485568760611,2,3,"[0.011506500000905362, 0.010250700001051882, 0.016013599999496364]","[0.004304599999159109, 0.0042061000003741356, 0.004088600000613951]"
14,n14_0120,M??CBB@S`cD_b?F??,3,3,0.010889400000451133,0.0067644999999174615,448,111,179,1.609786384889349,0.7522321428571429,2,3,"[0.010889400000451133, 0.0083184999984951, 0.011215399999855435]","[0.006279999999605934, 0.0067644999999174615, 0.007500800000343588]"
14,n14_0121,M??CBB@ScSE_J?F??,4,4,0.011362199998984579,0.008933400000387337,654,182,336,1.2718785679015754,0.7217125382262997,7,3,"[0.011102799999207491, 0.011362199998984579, 0.011920199998712633]","[0.009201600001688348, 0.008479100000840845, 0.008933400000387337]"
14,n14_0122,M??CB@`wCoAoB_F??,3,3,0.006459400001403992,0.0060684999989462085,194,82,139,1.0644146003997137,0.5773195876288659,2,3,"[0.005963099998552934, 0.006845099998827209, 0.006459400001403992]","[0.00538330000017595, 0.0060684999989462085, 0.00668509999923117]"
14,n14_0123,M??CB@`sD_B_B_B_?,3,3,0.010512400000152411,0.003915999999662745,498,30,63,2.6844739532833923,0.9397590361445783,2,3,"[0.010512400000152411, 0.009938400000464753, 0.011521899999934249]","[0.003915999999662745, 0.0035951999998360407, 0.004519100000834442]"
14,n14_0124,M??CB@`sCoAoB_J??,3,3,0.005640299999868148,0.0047420000009879,220,28,51,1.189434837345657,0.8727272727272727,2,3,"[0.005640299999868148, 0.005568600001424784, 0.00590580000061891]","[0.0036751000006916, 0.0052598000002035405, 0.0047420000009879]"
14,n14_0125,M??CB@`[CoQ_B_B_?,3,3,0.005677699999068864,0.005425999999715714,188,47,94,1.0463877625076183,0.75,2,3,"[0.005144999999174615, 0.005677699999068864, 0.007489999999961583]","[0.0056851999997888925, 0.005425999999715714, 0.005251599999610335]"
14,n14_0126,M??CB@`[CoP_D_B_?,3,3,0.005397599999923841,0.004805900000064867,186,27,61,1.1231194989182023,0.8548387096774194,2,3,"[0.005397599999923841, 0.005338299999493756, 0.006837799999630079]","[0.0039284999984374736, 0.004805900000064867, 0.005311800001436495]"
14,n14_0127,M??CB@`[CcP_F?B_?,3,3,0.007504200000767014,0.004634699998860015,219,19,60,1.6191339250896073,0.91324200913242,2,3,"[0.00468170000021928, 0.007968399999299436, 0.007504200000767014]","[0.004634699998860015, 0.003870900000038091, 0.004711200001111138]"
14,n14_0128,M??CB@`[CSQ_F?B_?,3,3,0.005615100000795792,0.004186099999060389,220,16,39,1.3413678607907495,0.9272727272727272,2,3,"[0.004991100000552251, 0.0071458000002166955, 0.005615100000795792]","[0.003855800001474563, 0.004857099998844205, 0.004186099999060389]"
14,n14_0129,M??CB@`occB_F?J??,3,3,0.004972799999450217,0.007139100000131293,175,165,263,0.6965583896231687,0.05714285714285714,2,3,"[0.0041025000009540236, 0.004972799999450217, 0.004989400000340538]","[0.007751299999654293, 0.007139100000131293, 0.007050099999105441]"
14,n14_0130,M??CBAPwB_@oB_F??,3,3,0.006129900000814814,0.0035076000003755325,229,19,31,1.7476052001820424,0.9170305676855895,2,3,"[0.005031099999541766, 0.009224499999618274, 0.006129900000814814]","[0.0035076000003755325, 0.0032962000004772563, 0.005421299998488394]"
14,n14_0131,M??CBAPwAoB_B_H_?,3,3,0.008207200000470039,0.0034634000003279652,240,28,36,2.369694519747318,0.8833333333333333,2,3,"[0.008207200000470039, 0.006900800000948948, 0.008683899999596179]","[0.004534800000328687, 0.0033523000001878245, 0.0034634000003279652]"
14,n14_0132,M??CBAPsBOAoB_J??,3,3,0.005922799999098061,0.0037130000000615837,230,18,26,1.595152167788803,0.9217391304347826,2,3,"[0.006353300001137541, 0.005592400000750786, 0.005922799999098061]","[0.0031921000008878764, 0.004682500000853906, 0.0037130000000615837]"
14,n14_0133,M??CBAPsAo@oJ?H_?,3,3,0.005282400001306087,0.003630699999121134,251,20,27,1.4549260480306199,0.9203187250996016,2,3,"[0.004883800000243355, 0.005282400001306087, 0.006335199999739416]","[0.0032035000003816094, 0.004863599999225698, 0.003630699999121134]"
14,n14_0134,M??CBAPsAWBOH_J??,3,3,0.00543180000022403,0.00504469999941648,234,66,87,1.0767339982263218,0.717948717948718,2,3,"[0.00543180000022403, 0.006801400000767899, 0.0053307999987737276]","[0.0049912000013137, 0.00504469999941648, 0.005386299999372568]"
14,n14_0135,M??CBAPsAcD_J?B_?,3,3,0.005858500000613276,0.004047200000059092,233,17,26,1.4475439811543134,0.927038626609442,2,3,"[0.005227300000115065, 0.005858500000613276, 0.007129400000849273]","[0.004974100000254111, 0.003507900000840891, 0.004047200000059092]"
14,n14_0136,M??CBAPsASCoF?J??,3,3,0.006115100000897655,0.005947899999227957,299,99,125,1.0281107620658385,0.6688963210702341,2,3,"[0.006883299998662551, 0.005779099999926984, 0.006115100000897655]","[0.005055599998740945, 0.00783439999941038, 0.005947899999227957]"
14,n14_0137,M??CBAPqB_B_H_B_?,3,3,0.005032900000514928,0.003708399999595713,203,31,43,1.3571621187206373,0.8472906403940886,2,3,"[0.005032900000514928, 0.005101700000523124, 0.004615399999238434]","[0.004862600000706152, 0.003708399999595713, 0.003608300001360476]"
14,n14_0138,M??CBAPqBOB_H_D_?,3,3,0.007438299999193987,0.005209699998886208,226,66,87,1.427778950953843,0.7079646017699115,2,3,"[0.007438299999193987, 0.005026400000133435, 0.007679899999857298]","[0.004752800001369906, 0.005209699998886208, 0.005935400000453228]"
14,n14_0139,M??CBAPqBGDOD_F??,3,3,0.007787800001096912,0.006067700000130571,333,75,97,1.2834846813338374,0.7747747747747747,2,3,"[0.009056799999598297, 0.007562499999039574, 0.007787800001096912]","[0.0069511000001512, 0.006067700000130571, 0.0044768999996449566]"
14,n14_0140,M??CBAPqAgF?H_B_?,3,3,0.005537600000025122,0.005835599999045371,291,98,121,0.9489341286124824,0.6632302405498282,2,3,"[0.005417099999249331, 0.005829600000652135, 0.005537600000025122]","[0.005178900000828435, 0.005835599999045371, 0.007170599999881233]"
14,n14_0141,M??CBAPqAgE_B_I_?,3,3,0.00554550000015297,0.004457299999558018,281,20,27,1.2441388285964277,0.9288256227758007,2,3,"[0.005486500000188244, 0.00637529999949038, 0.00554550000015297]","[0.005099399999380694, 0.004457299999558018, 0.0043435999996290775]"
14,n14_0142,M??CBAPqAgB_H_I_?,3,3,0.005615100000795792,0.004494799999520183,227,56,72,1.249243570658361,0.7533039647577092,2,3,"[0.005615100000795792, 0.004956599999786704, 0.006133799999588518]","[0.004166900000200258, 0.004494799999520183, 0.005005600000004051]"
14,n14_0143,M??CBAPqAgEOJ?B_?,3,3,0.004824600000574719,0.004861100000198348,205,26,36,0.9924914114866717,0.8731707317073171,2,3,"[0.004824600000574719, 0.004771500000060769, 0.006265600000915583]","[0.005080299999463023, 0.004861100000198348, 0.00411069999972824]"
14,n14_0144,M??CBAPqAgBOJ?H_?,3,3,0.006170900000142865,0.005679099998815218,317,77,99,1.0865982288444027,0.7570977917981072,2,3,"[0.006541700000525452, 0.006170900000142865, 0.00612379999984114]","[0.005679099998815218, 0.0050848999999288935, 0.0060652000011032214]"
14,n14_0145,M??CBAPqAgAoJ?I_?,3,3,0.009545400000206428,0.004954899999574991,321,66,87,1.9264566390896263,0.794392523364486,2,3,"[0.010307300000931718, 0.009545400000206428, 0.006782500000554137]","[0.004668499999752385, 0.004954899999574991, 0.005894699999771547]"
14,n14_0146,M??CBAPqAcE_J?B_?,3,3,0.004668399998990935,0.0039223000003403286,202,27,37,1.1902200236049945,0.8663366336633663,2,3,"[0.004660099999455269, 0.004755199999635806, 0.004668399998990935]","[0.0039223000003403286, 0.003412999998545274, 0.004509700000198791]"
14,n14_0147,M??CBAPqAcB_H_J??,3,3,0.006761300001016934,0.006657199999608565,315,76,97,1.015637205043335,0.7587301587301587,2,3,"[0.006761300001016934, 0.006414499999664258, 0.009388800001033815]","[0.006747199999153963, 0.006657199999608565, 0.006138400000054389]"
14,n14_0148,M??CBAPeB_K_B_B_?,3,3,0.007211500000266824,0.005783000000519678,396,76,117,1.2470171190763923,0.8080808080808081,2,3,"[0.00681079999958456, 0.007211500000266824, 0.007475200000044424]","[0.00524770000083663, 0.005783000000519678, 0.00741329999982554]"
14,n14_0149,M??CBAPeAoGoJ?H_?,3,3,0.007563500001197099,0.005430400000477675,212,61,83,1.392807159791505,0.7122641509433962,2,3,"[0.007563500001197099, 0.005142399999385816, 0.008049000000028173]","[0.004725300001155119, 0.005430400000477675, 0.00654959999883431]"
14,n14_0150,M??CBAPeAgL?H_B_?,3,3,0.009181499999613152,0.005129900000611087,369,68,93,1.789800970490541,0.8157181571815718,2,3,"[0.006927899999936926, 0.009181499999613152, 0.011050699999032076]","[0.005129900000611087, 0.0051073000013275305, 0.005955300001005526]"
14,n14_0151,M??CBAPeAgH_H_I_?,3,3,0.005029799998737872,0.004574699998556753,238,50,66,1.0994819333125005,0.7899159663865546,2,3,"[0.005029799998737872, 0.004696500000136439, 0.008087600001090323]","[0.0037771999996039085, 0.004574699998556753, 0.0056108999997377396]"
14,n14_0152,M??CBAPeAWL?H_D_?,3,3,0.006171099999846774,0.003930000000764267,297,19,32,1.5702544525818527,0.936026936026936,2,3,"[0.006171099999846774, 0.006484499999714899, 0.0061226999987411546]","[0.003481199999441742, 0.003930000000764267, 0.0049736000000848435]"
14,n14_0153,M??CBAPe?wH_H_W_?,3,3,0.005338199998732307,0.005993500000840868,266,87,123,0.8906648866244057,0.6729323308270677,2,3,"[0.0051432000000204425, 0.005338199998732307, 0.007386400000541471]","[0.005993500000840868, 0.005693999999493826, 0.007374400000117021]"
14,n14_0154,M??CBAPUAc@oJ?h??,3,3,0.005484499999511172,0.0038383999999496154,191,24,32,1.4288505626258765,0.8743455497382199,2,3,"[0.005484499999511172, 0.0056905999990704, 0.004789900000105263]","[0.003378800000064075, 0.0038383999999496154, 0.004325899999457761]"
14,n14_0155,M??CBAPbAoHOL?H_?,3,3,0.008510600000590784,0.004846699999689008,508,76,96,1.7559576621488586,0.8503937007874016,2,3,"[0.008510600000590784, 0.0075123000005987706, 0.00980600000002596]","[0.00452199999926961, 0.004846699999689008, 0.005778000000645989]"
14,n14_0156,M??CBAPob_B_J?B_?,3,3,0.008957500000178698,0.0052729999988514464,425,38,88,1.6987483410069792,0.9105882352941177,2,3,"[0.010501799999474315, 0.008345799999005976, 0.008957500000178698]","[0.004816500000742963, 0.0052729999988514464, 0.007475399999748333]"
14,n14_0157,M??CBAPobOE_F?B_?,3,3,0.009809400000449386,0.005750500000431202,457,63,104,1.7058342752306455,0.862144420131291,2,3,"[0.009102500000153668, 0.009809400000449386, 0.009825299999647541]","[0.0045653000015590806, 0.005750500000431202, 0.00881649999973888]"
14,n14_0158,M??CBAPobOD_F?D_?,3,3,0.008122900000671507,0.004902099999526399,360,28,45,1.6570245408001214,0.9222222222222223,2,3,"[0.00830609999866283, 0.008122900000671507, 0.007339800000409014]","[0.0035117000006721355, 0.004902099999526399, 0.00710359999902721]"
14,n14_0159,M??CBAPoaoE_J?B_?,3,3,0.008360399999219226,0.009488699999565142,442,100,193,0.8810901387547688,0.7737556561085973,2,3,"[0.010502499999347492, 0.008360399999219226, 0.007926600001155748]","[0.0070136000013008015, 0.009488699999565142, 0.011019600000508945]"
14,n14_0160,M??CBAPoaoB_J?H_?,3,3,0.008398899999519926,0.006447199999456643,437,105,167,1.302720560898959,0.7597254004576659,2,3,"[0.008398899999519926, 0.008237900001404341, 0.008563600000343286]","[0.006447199999456643, 0.0059338999999454245, 0.007368299999143346]"
14,n14_0161,M??CBAPoaWBOJ?L??,3,3,0.007848199998989003,0.005599800000709365,362,76,113,1.4015143394397689,0.7900552486187845,2,3,"[0.007848199998989003, 0.009715300000607385, 0.007355699999607168]","[0.005582600000707316, 0.005599800000709365, 0.0068150999995850725]"
14,n14_0162,M??CBAPaaWJ?L?H_?,3,3,0.008847600000081002,0.006299699998635333,428,91,159,1.4044478311661834,0.7873831775700935,2,3,"[0.008431399999608402, 0.009377399999721092, 0.008847600000081002]","[0.006299699998635333, 0.006155499999294989, 0.008699100000740145]"
14,n14_0163,M??CBAPaaKL?F?L??,3,3,0.009477800000240677,0.008757400000831694,444,78,140,1.0822618584671895,0.8243243243243243,2,3,"[0.009216799999194336, 0.010185799999817391, 0.009477800000240677]","[0.009105799999815645, 0.00818269999945187, 0.008757400000831694]"
14,n14_0164,M??CBAPaaKJ?J?L??,3,3,0.00885290000042005,0.0067763000006380025,432,72,108,1.3064504227360847,0.8333333333333334,2,3,"[0.00885290000042005, 0.008345399999598158, 0.009763300000486197]","[0.0067763000006380025, 0.00532280000152241, 0.007925100000647944]"
14,n14_0165,M??CBAPa_[J?X?L??,3,3,0.009511999998721876,0.0033945000013773097,442,1,4,2.802179995540553,0.997737556561086,2,3,"[0.00826480000068841, 0.009553800000503543, 0.009511999998721876]","[0.0029020000001764856, 0.0033945000013773097, 0.00524059999952442]"
14,n14_0166,M??CB@Pw@c@oF?b??,3,3,0.00831590000052529,0.007128400000510737,463,107,153,1.1665871724271182,0.7688984881209503,2,3,"[0.00831590000052529, 0.010559299998931237, 0.00807850000092003]","[0.006488399998488603, 0.007128400000510737, 0.0077908999992359895]"
14,n14_0167,M??CB@PwCS@oF?L??,3,3,0.009476100000028964,0.011936200000491226,514,153,277,0.7938958797304823,0.7023346303501945,2,3,"[0.009476100000028964, 0.00916490000054182, 0.010876800000914955]","[0.00841720000062196, 0.011936200000491226, 0.015246700000716373]"
14,n14_0168,M??CB@P[D_P_B_B_?,3,3,0.007874900000388152,0.004738300000099116,392,25,45,1.661967372311467,0.9362244897959183,2,3,"[0.007480899999791291, 0.007874900000388152, 0.00896180000017921]","[0.004738300000099116, 0.003657399998701294, 0.004973099999915576]"
14,n14_0169,M??CB@P[DOQ_B_B_?,3,3,0.007966300001498894,0.00617210000018531,390,56,79,1.2906952254920878,0.8564102564102564,2,3,"[0.007966300001498894, 0.007833900001060101, 0.010110600000189152]","[0.005252300001302501, 0.00617210000018531, 0.007514599999922211]"
14,n14_0170,M??CB@P[DOP_D_B_?,3,3,0.00836399999934656,0.007006599998931051,403,53,73,1.1937316245572174,0.8684863523573201,2,3,"[0.00843910000003234, 0.0075948999983666, 0.00836399999934656]","[0.006166799999846262, 0.007006599998931051, 0.007379100001344341]"
14,n14_0171,M??CB@P[DOOoF?B_?,3,3,0.009670299999925192,0.005746900000303867,489,50,95,1.682698498218844,0.8977505112474438,2,3,"[0.009670299999925192, 0.00995599999987462, 0.00940699999955541]","[0.00547039999946719, 0.005746900000303867, 0.009397599998919759]"
14,n14_0172,M??CB@P[@oP_B_`_?,3,3,0.00909979999960342,0.006486199999926612,468,64,128,1.4029477968157595,0.8632478632478633,2,3,"[0.008749900000111666, 0.009181600000374601, 0.00909979999960342]","[0.005653600001096493, 0.006486199999926612, 0.006523300000480958]"
14,n14_0173,M??CB@P[DCP_F?B_?,3,3,0.004859100001340266,0.0067400000007182825,221,66,113,0.7209347182229127,0.7013574660633484,2,3,"[0.004762099999425118, 0.004859100001340266, 0.006159599999591592]","[0.005740099999457016, 0.0071446000001742505, 0.0067400000007182825]"
14,n14_0174,M??CB@Pq@WB_H_c_?,4,4,0.01111750000018219,0.011482500000056461,676,234,400,0.9682124972895731,0.6538461538461539,7,3,"[0.01111750000018219, 0.012342300000454998, 0.010710600001402781]","[0.011586200000238023, 0.011482500000056461, 0.011112199999843142]"
14,n14_0175,M??CB@PYD_P_B_D_?,3,3,0.008180600001651328,0.004928800000925548,471,57,78,1.6597549099405828,0.8789808917197452,2,3,"[0.00785090000135824, 0.008891299999959301, 0.008180600001651328]","[0.004840099998546066, 0.00864980000005744, 0.004928800000925548]"
14,n14_0176,M??CB@PYDOB_D_`_?,3,3,0.009564699999828008,0.005111500000566593,513,33,52,1.8712119727609884,0.935672514619883,2,3,"[0.00868840000111959, 0.01162809999914316, 0.009564699999828008]","[0.004059599999891361, 0.005282199999783188, 0.005111500000566593]"
14,n14_0177,M??CB@PY@gR?B_`_?,3,3,0.01178040000013425,0.007192499999291613,641,74,174,1.6378727843301353,0.8845553822152886,2,3,"[0.01178040000013425, 0.011244499999520485, 0.012040199999319157]","[0.007192499999291613, 0.006869699998787837, 0.009948199998689233]"
14,n14_0178,M??CB@PY@WR?D_`_?,3,3,0.010254700000587036,0.005546300000787596,527,24,72,1.8489263110778047,0.9544592030360531,2,3,"[0.010269500000504195, 0.009716900000057649, 0.010254700000587036]","[0.006074000000808155, 0.005227399999057525, 0.005546300000787596]"
14,n14_0179,M??CB@PY@WQ_D_a_?,3,3,0.009758799998962786,0.004225500000757165,527,29,50,2.309501833443169,0.9449715370018975,2,3,"[0.009758799998962786, 0.009542699999656179, 0.012422799998603296]","[0.004581099999995786, 0.004225500000757165, 0.004166900000200258]"
14,n14_0180,M??CB@PY?wR?H_`_?,3,3,0.009606699999494595,0.009502299999439856,551,158,284,1.010986813725192,0.7132486388384754,2,3,"[0.00919380000050296, 0.009606699999494595, 0.011196799998288043]","[0.009645699999964563, 0.009502299999439856, 0.00836170000002312]"
14,n14_0181,M??CB@PYDCP_F?D_?,3,3,0.012046099998769932,0.005462000000989065,629,58,107,2.2054375680316025,0.9077901430842608,2,3,"[0.010610999999698834, 0.012046099998769932, 0.01329749999968044]","[0.005462000000989065, 0.005669599999237107, 0.005075799999758601]"
14,n14_0182,M??CB@PMD_P_B_P_?,3,3,0.010278899999320856,0.004372299999886309,457,42,62,2.3509137066505352,0.9080962800875274,2,3,"[0.010278899999320856, 0.010510699999940698, 0.008378100001209532]","[0.004372299999886309, 0.004117500000575092, 0.004509799999141251]"
14,n14_0183,M??CB@PRCW@ok?K_?,3,3,0.008999199999379925,0.005563799999436014,481,66,103,1.6174556958000192,0.8627858627858628,2,3,"[0.009809900000618654, 0.008999199999379925, 0.008256999999503023]","[0.005655999999362393, 0.005339400000593741, 0.005563799999436014]"
14,n14_0184,M??CB@PR@WP_c_K_?,3,3,0.010105600000315462,0.006615500000407337,523,99,166,1.5275640540689637,0.8107074569789675,2,3,"[0.010105600000315462, 0.009556499999234802, 0.010841200000868412]","[0.006615500000407337, 0.006410699999833014, 0.007878200000050128]"
14,n14_0185,M??CB@PJDOB_D_o_?,3,3,0.009400599999935366,0.004809600000953651,575,22,31,1.954549234462618,0.9617391304347827,2,3,"[0.009250900000552065, 0.009400599999935366, 0.01126490000024205]","[0.004809600000953651, 0.0046106000008876435, 0.006054299999959767]"
14,n14_0186,M??CB@Pod_D_F?B_?,3,3,0.009180200000628247,0.00610910000068543,571,40,102,1.5027090732838297,0.9299474605954466,2,3,"[0.009057600000232924, 0.009180200000628247, 0.010883599999942817]","[0.006099399999584421, 0.00646489999962796, 0.00610910000068543]"
14,n14_0187,M??CB@PocWDOF?L??,3,3,0.010169500001211418,0.005898100000194972,585,44,95,1.724199318572972,0.9247863247863248,2,3,"[0.009448300001167809, 0.010169500001211418, 0.012683999999353546]","[0.005898100000194972, 0.005803600000945153, 0.008119599999190541]"
14,n14_0188,M??CB@PocW@oM?L??,3,3,0.011558799998965696,0.00405510000018694,590,20,41,2.8504352539845716,0.9661016949152542,2,3,"[0.009869800000160467, 0.011558799998965696, 0.012597900000400841]","[0.004406399999425048, 0.00405510000018694, 0.003926699999283301]"
14,n14_0189,M??CB@PocSD_F?L??,4,4,0.01076169999942067,0.009980000000723521,641,167,315,1.0783266531703886,0.7394695787831513,7,3,"[0.01076169999942067, 0.010270299999319832, 0.013271199999508099]","[0.010303900000508293, 0.009727699998620665, 0.009980000000723521]"
14,n14_0190,M??CB?XsAcS_B_J??,3,3,0.0046102999986032955,0.00419770000007702,193,25,30,1.0982919214137992,0.8704663212435233,2,3,"[0.0046102999986032955, 0.004351200001110556, 0.005165900000065449]","[0.00419770000007702, 0.00583579999874928, 0.003405199999178876]"
14,n14_0191,M??CB?X[E_P_H_B_?,3,3,0.005468800000016927,0.0032559000010223826,204,3,6,1.679658465646879,0.9852941176470589,2,3,"[0.005150000000867294, 0.005468800000016927, 0.006325800000922754]","[0.0032559000010223826, 0.005268900000373833, 0.0032291000006807735]"
14,n14_0192,M??CB?X[E_OoJ?B_?,3,3,0.008400099999562372,0.003928199999791104,446,4,12,2.1384094496230017,0.9910313901345291,2,3,"[0.008861899999828893, 0.008290400000987574, 0.008400099999562372]","[0.003928199999791104, 0.006594500000574044, 0.0038855000002513407]"
14,n14_0193,M??CB?XXE_B_I_`_?,3,3,0.009660599998824182,0.009705600001325365,531,192,295,0.9953635012266075,0.6384180790960452,2,3,"[0.009660599998824182, 0.008539299999029026, 0.00983020000057877]","[0.00955220000105328, 0.01085849999981292, 0.009705600001325365]"
14,n14_0194,M??CB?XTF?D_E_`_?,3,3,0.009158100001513958,0.004029899999295594,502,6,16,2.272537780866708,0.9880478087649402,2,3,"[0.009158100001513958, 0.009012100001200452, 0.009361200000057579]","[0.005987700000332552, 0.004029899999295594, 0.003968099999838159]"
14,n14_0195,M??CB?XTE_SOB_J??,3,3,0.009081000000151107,0.0038144000009197043,503,7,11,2.38071518402935,0.9860834990059643,2,3,"[0.009081000000151107, 0.009498499999608612, 0.008860500000082538]","[0.0039121000008890405, 0.0038144000009197043, 0.00360259999979462]"
14,n14_0196,M??CB?XTE_OoJ?I_?,3,3,0.008405900000070687,0.007224099999803002,475,85,149,1.1635913124541344,0.8210526315789474,2,3,"[0.007678599999053404, 0.008405900000070687, 0.008927599999879021]","[0.00955190000058792, 0.007224099999803002, 0.005820399999720394]"
14,n14_0197,M??CB?XTD_D_Q_`_?,3,3,0.008791399999608984,0.0058250000001862645,473,55,78,1.509253218768732,0.8837209302325582,2,3,"[0.007625499998539453, 0.008791399999608984, 0.009224900000845082]","[0.008158099999491242, 0.004621500000212109, 0.0058250000001862645]"
14,n14_0198,M??CBABsB_D_F?B_?,4,4,0.009981900000639143,0.013992100000905339,640,299,465,0.7133954159842539,0.5328125,7,3,"[0.009981900000639143, 0.010854300000573858, 0.009495899999819812]","[0.01542189999963739, 0.009808000000703032, 0.013992100000905339]"
14,n14_0199,M??CBABsBOE_B_F??,4,4,0.009846799999650102,0.012103900000511203,685,264,435,0.8135229140387996,0.6145985401459854,7,3,"[0.009846799999650102, 0.010535100000197417, 0.00949880000007397]","[0.016065800000433228, 0.010409500000605476, 0.012103900000511203]"
14,n14_0200,M??CBABsBOAoF?J??,4,4,0.009603499998775078,0.010789799998747185,664,273,441,0.8900535691013874,0.588855421686747,7,3,"[0.009446800000660005, 0.009603499998775078, 0.010219199999482953]","[0.010789799998747185, 0.01070860000072571, 0.011614999999437714]"
14,n14_0201,M??CBABsAWEOJ?F??,4,4,0.01000440000098024,0.011239499999646796,684,250,434,0.8901107701672344,0.6345029239766082,7,3,"[0.009616600000299513, 0.01071340000089549, 0.01000440000098024]","[0.010744499999418622, 0.013165500000468455, 0.011239499999646796]"
14,n14_0202,M??CBABsAWDOL?F??,4,4,0.010946499998681247,0.011209199999939301,706,241,422,0.9765638938318991,0.6586402266288952,7,3,"[0.010422800000014831, 0.010946499998681247, 0.011657799999738927]","[0.010525599998800317, 0.011209199999939301, 0.012654100000872859]"
14,n14_0203,M??CBABsASE_J?F??,4,4,0.010247099999105558,0.011099500001364504,687,241,421,0.9232037477224958,0.6491994177583698,7,3,"[0.010221799999271752, 0.010768699999971432, 0.010247099999105558]","[0.01579959999980929, 0.010220199999821489, 0.011099500001364504]"
14,n14_0204,M??ED?Wg`aI_R?BG?,3,3,0.008982299999843235,0.006500100000266684,413,58,100,1.3818710480569087,0.8595641646489104,2,3,"[0.007553000001280452, 0.008982299999843235, 0.010398600001281011]","[0.005350199999156757, 0.007719600000200444, 0.006500100000266684]"
14,n14_0205,M??ED?WHd_BGR?PG?,3,3,0.006388499999957276,0.00616739999895799,305,18,25,1.0358497910037685,0.940983606557377,2,3,"[0.006388499999957276, 0.005784299999504583, 0.006717100000969367]","[0.0037336000004870584, 0.00616739999895799, 0.006350400000883383]"
14,n14_0206,M??ED?WDGwH_W_gO?,3,3,0.0055204000000230735,0.0032233999991149176,276,5,8,1.7126016012715974,0.9818840579710145,2,3,"[0.0055204000000230735, 0.006680700000288198, 0.00538090000009106]","[0.0030348999989655567, 0.0032233999991149176, 0.0035082000013062498]"
14,n14_0207,M??E@_KwE_F?B_@W?,3,3,0.008041200000661775,0.006491899999673478,389,92,160,1.238651242481588,0.7634961439588689,2,3,"[0.007786099999066209, 0.008048799998505274, 0.008041200000661775]","[0.006310599999778788, 0.006491899999673478, 0.00873440000032133]"
14,n14_0208,M??E@_KwE_F?BO@g?,3,3,0.009040400000230875,0.0053193999992799945,441,77,144,1.699514983166247,0.8253968253968254,2,3,"[0.009637999999540625, 0.007399799998893286, 0.009040400000230875]","[0.0053193999992799945, 0.005201199999646633, 0.007606400000440772]"
14,n14_0209,M??E@_KwD_J?B_@W?,3,3,0.008241399998951238,0.003902899999957299,403,7,13,2.111609315903919,0.9826302729528535,2,3,"[0.00847280000016326, 0.008147500000632135, 0.008241399998951238]","[0.0036469000006036367, 0.003902899999957299, 0.004044900000735652]"
14,n14_0210,M??E@_KiF?IODOBG?,3,3,0.005057299998952658,0.007325500000661123,228,122,222,0.6903692578658439,0.4649122807017544,2,3,"[0.005542099999729544, 0.004706600000645267, 0.005057299998952658]","[0.007325500000661123, 0.006853599999885773, 0.009048199999597273]"
14,n14_0211,M??E@_Kof?F?BODG?,3,3,0.005517899999176734,0.006046700000297278,222,6,41,0.9125473396903193,0.972972972972973,2,3,"[0.005064599999968777, 0.005517899999176734, 0.005837000000610715]","[0.006046700000297278, 0.007778900000630529, 0.004706100000475999]"
14,n14_0212,M??E@_Kof?EGF?BG?,3,3,0.004489300001296215,0.004523999999946682,171,26,49,0.9923297969383563,0.847953216374269,2,3,"[0.005895000000236905, 0.0037623000007442897, 0.004489300001296215]","[0.004796400000486756, 0.004096700000445708, 0.004523999999946682]"
14,n14_0213,M??E@_Kof?BGJ?DG?,3,3,0.005809799999042298,0.004984499999409309,231,6,44,1.1655732771051843,0.974025974025974,2,3,"[0.005688900000677677, 0.005809799999042298, 0.0059653000007529045]","[0.00518249999913678, 0.004984499999409309, 0.0041050999989238335]"
14,n14_0214,M??E@_KodOM?DOBG?,3,3,0.0038378999997803476,0.0063408000005438225,181,97,185,0.6052706282253324,0.46408839779005523,2,3,"[0.005446099999971921, 0.003591900000174064, 0.0038378999997803476]","[0.006382899999152869, 0.0063408000005438225, 0.006098500000007334]"
14,n14_0215,M??E@_Kge_BGR?HG?,4,4,0.011647699999230099,0.008807899999737856,643,186,352,1.322415104573935,0.7107309486780715,7,3,"[0.011922400000912603, 0.011443899998994311, 0.011647699999230099]","[0.00865440000052331, 0.008807899999737856, 0.011070900000049733]"
14,n14_0216,M??E@_Kgb_R?R?@W?,3,3,0.012183900000309222,0.006305700000666548,538,59,116,1.9322041960482288,0.8903345724907064,2,3,"[0.012858000000051106, 0.010339800001020194, 0.012183900000309222]","[0.006305700000666548, 0.006544099998791353, 0.006264800000280957]"
14,n14_0217,M??E@_Kgb_J?BO`G?,4,4,0.012580900000102702,0.01049090000014985,652,218,397,1.1992202766133504,0.6656441717791411,7,3,"[0.012580900000102702, 0.01181439999891154, 0.013037400000030175]","[0.009815299999900162, 0.010561200000665849, 0.01049090000014985]"
14,n14_0218,M??E@_KgbOY?DOBG?,4,4,0.012309400000958703,0.008199300000342191,653,151,322,1.5012744990968718,0.7687595712098009,7,3,"[0.010148600000320585, 0.012309400000958703, 0.012976399999388377]","[0.008068199998888304, 0.008199300000342191, 0.0098519999992277]"
14,n14_0219,M??E@_KgbOH_DGcO?,4,4,0.010288299999956507,0.008483499999783817,645,114,262,1.2127423822972454,0.8232558139534883,7,3,"[0.009824499999012914, 0.011633199999778299, 0.010288299999956507]","[0.008483499999783817, 0.010793900000862777, 0.00825789999908011]"
14,n14_0220,M??E@_KIf?R?PODG?,3,3,0.008654799999931129,0.004284599999664351,391,60,80,2.0199785278927163,0.8465473145780051,2,3,"[0.008346199998413795, 0.008654799999931129, 0.013685199999599718]","[0.0041596000010031275, 0.00522859999909997, 0.004284599999664351]"
14,n14_0221,M??E@_KIf?P_DGSO?,3,3,0.013759299999946961,0.006761300001016934,600,69,131,2.035008060266146,0.885,2,3,"[0.01209999999991851, 0.013759299999946961, 0.014051899999685702]","[0.006761300001016934, 0.005714699998861761, 0.0076836000007460825]"
14,n14_0222,M?AA@B_HagR?EOAo?,3,3,0.009925099999236409,0.0074071999988518655,571,144,184,1.339926018033106,0.7478108581436077,2,3,"[0.010508299999855808, 0.008935400001064409, 0.009925099999236409]","[0.007307899999432266, 0.0074071999988518655, 0.008222300000852556]"
14,n14_0223,M?AA@B_HaIR?E_EO?,4,4,0.011347700001351768,0.012241200000062236,713,347,525,0.9270087900936245,0.5133239831697055,7,3,"[0.011347700001351768, 0.013061700001344434, 0.010749099999884493]","[0.012241200000062236, 0.011950899999646936, 0.012517299999672105]"
14,n14_0224,M?AA@BOw@oAoBOAo?,3,3,0.0072326000008615665,0.006063799999537878,391,141,192,1.1927504207613646,0.639386189258312,2,3,"[0.0072326000008615665, 0.007583999999042135, 0.006298500000411877]","[0.0072440000003552996, 0.005580099999860977, 0.006063799999537878]"
14,n14_0225,M?AA@BOw@oBGB_@o?,3,3,0.007857300000978285,0.011547400001290953,370,190,274,0.6804388866844372,0.4864864864864865,2,3,"[0.00715190000119037, 0.007857300000978285, 0.009032800000568386]","[0.011547400001290953, 0.011942099999942002, 0.008010600000488921]"
14,n14_0226,M?AA@BOw@gBOAoBO?,3,3,0.007099700000253506,0.00698740000007092,348,123,170,1.0160717863842696,0.646551724137931,2,3,"[0.007099700000253506, 0.0066788999993150355, 0.0072522000009485055]","[0.00698740000007092, 0.007270600000992999, 0.00558429999910004]"
14,n14_0227,M?AA@BOw@WAoEOAo?,3,3,0.0061165000006440096,0.003928500000256463,335,31,39,1.5569555810728544,0.9074626865671642,2,3,"[0.0061165000006440096, 0.006811899998865556, 0.005465899999762769]","[0.003929700000298908, 0.003928500000256463, 0.003689200000735582]"
14,n14_0228,M?AA@BOw@KB_EOAo?,3,3,0.006032900000718655,0.006868000000395114,238,156,223,0.8784071054705277,0.3445378151260504,2,3,"[0.006032900000718655, 0.009098700000322424, 0.00558660000024247]","[0.006910599999173428, 0.006868000000395114, 0.006649599999946076]"
14,n14_0229,M?AA@BOw@aB_B_Ao?,3,3,0.011225999998714542,0.0076884999998583226,506,183,271,1.4601027507213897,0.6383399209486166,2,3,"[0.011225999998714542, 0.014331599999422906, 0.009688000000096508]","[0.0076884999998583226, 0.008892300000297837, 0.0076147999989188975]"
14,n14_0230,M?AA@BOw@I@gE_E_?,3,3,0.010167400001591886,0.005801200000860263,469,91,140,1.7526373853830515,0.8059701492537313,2,3,"[0.010167400001591886, 0.012242999999216408, 0.008275800000774325]","[0.005238699999608798, 0.00583349999942584, 0.005801200000860263]"
14,n14_0231,M?AA@BOw@I@WF?E_?,3,3,0.013366999999561813,0.007151399999202113,649,161,230,1.8691445033214726,0.7519260400616333,2,3,"[0.011298499999611522, 0.013366999999561813, 0.014319699999759905]","[0.007151399999202113, 0.008222299999033567, 0.0070850000010977965]"
14,n14_0232,M?AA@BOw?iBGI_B_?,3,3,0.006519500000649714,0.0035225000010541407,336,37,46,1.8508161813197141,0.8898809523809523,2,3,"[0.007011199999396922, 0.006519500000649714, 0.006106799999543]","[0.003466300000582123, 0.004678399998738314, 0.0035225000010541407]"
14,n14_0233,M?AA@BOk@cH_BOAo?,3,3,0.0053430999996635364,0.00448800000049232,198,75,97,1.1905303028247358,0.6212121212121212,2,3,"[0.005321500000718515, 0.005343299999367446, 0.0053430999996635364]","[0.0046791999993729405, 0.00448800000049232, 0.00443009999980859]"
14,n14_0234,M?AA@BOk?sGWBOJ??,3,3,0.009536800000205403,0.0067841000000044005,530,122,174,1.4057575802537134,0.769811320754717,2,3,"[0.009536800000205403, 0.010835900000529364, 0.008810399998765206]","[0.005544400000871974, 0.007522800000515417, 0.0067841000000044005]"
14,n14_0235,M?AA@BOk@KBOQOBO?,3,3,0.0054132000004756264,0.009249499998986721,266,236,326,0.5852424456531315,0.11278195488721804,2,3,"[0.0054132000004756264, 0.005605500000456232, 0.005264600000373321]","[0.01385640000080457, 0.007712399999945774, 0.009249499998986721]"
14,n14_0236,M?AA@BOq@oBGH_@o?,3,3,0.008649299999888171,0.008820400000331574,440,150,231,0.9806017867174991,0.6590909090909091,2,3,"[0.009983400001146947, 0.008649299999888171, 0.008145099998728256]","[0.009183499998471234, 0.007476499999029329, 0.008820400000331574]"
14,n14_0237,M?AA@BOq@aDGD_B_?,3,3,0.005292699999699835,0.007735299999694689,229,121,195,0.6842268560894518,0.47161572052401746,2,3,"[0.0051175999997212784, 0.006991500000367523, 0.005292699999699835]","[0.006456199998865486, 0.008182199999282602, 0.007735299999694689]"
14,n14_0238,M?AA@BOq@aCgE_B_?,3,3,0.005788200000097277,0.006579599999895436,227,105,175,0.8797191318908846,0.5374449339207048,2,3,"[0.004593099998601247, 0.005805000000691507, 0.005788200000097277]","[0.005662900000970694, 0.006579599999895436, 0.006613300000026356]"
14,n14_0239,M?AA@BOi@SGoDOEO?,3,3,0.008567700000639888,0.005655799999658484,443,98,136,1.5148520105302936,0.7787810383747178,2,3,"[0.008567700000639888, 0.009311199999501696, 0.008193400000891415]","[0.006606599999940954, 0.005605000000286964, 0.005655799999658484]"
14,n14_0240,M?AA@BOi@KHOEODO?,3,3,0.008847400000377093,0.005698099999790429,464,105,145,1.5526930030540869,0.7737068965517241,2,3,"[0.008116200000586105, 0.008981999999377877, 0.008847400000377093]","[0.005698099999790429, 0.006214799999725074, 0.005335699999704957]"
14,n14_0241,M?AA@BOi@KHGE_DO?,3,3,0.006694199999401462,0.004825800000617164,335,69,89,1.387168966502,0.7940298507462686,2,3,"[0.006694199999401462, 0.005832199998621945, 0.007768700001179241]","[0.005084299998998176, 0.00477849999879254, 0.004825800000617164]"
14,n14_0242,M?AA@BOi@KGgE_EO?,3,3,0.0063045999995665625,0.005432099998870399,240,101,125,1.160619281838994,0.5791666666666667,2,3,"[0.0063045999995665625, 0.0056760999996186, 0.0072946999989653705]","[0.005461000000650529, 0.005432099998870399, 0.005333900000550784]"
14,n14_0243,M?AA@BOi@KGWEOF??,3,3,0.012909299999591894,0.008396900000661844,700,187,274,1.537388798077193,0.7328571428571429,2,3,"[0.012909299999591894, 0.014326099999379949, 0.011889800000062678]","[0.008757499999774154, 0.008128600000418373, 0.008396900000661844]"
14,n14_0244,M?AA@BOiAEEGB_F??,3,3,0.011454800000137766,0.004080200000316836,595,11,17,2.807411401217655,0.9815126050420168,2,3,"[0.009991899998567533, 0.011873399998876266, 0.011454800000137766]","[0.0036392000001796987, 0.005740800001149182, 0.004080200000316836]"
14,n14_0245,M?AA@BOiAECgF?E_?,4,4,0.010799099998621386,0.009971299999961047,694,160,328,1.0830182622790983,0.7694524495677233,7,3,"[0.010799099998621386, 0.011583900000914582, 0.010378799999671173]","[0.008773900000960566, 0.011526100000992301, 0.009971299999961047]"
14,n14_0246,M?AA@BOXDOB_CoAo?,3,3,0.01127249999990454,0.008891000001312932,658,226,284,1.267855134207618,0.6565349544072948,2,3,"[0.018849100000807084, 0.01127249999990454, 0.01104260000101931]","[0.009401199999047094, 0.007782499998938874, 0.008891000001312932]"
14,n14_0247,M?AA@BOXDOAoEOAo?,3,3,0.005514999998922576,0.004049299999678624,249,49,59,1.3619637960537079,0.8032128514056225,2,3,"[0.00487520000024233, 0.005514999998922576, 0.005984900000839843]","[0.004499100001339684, 0.003980999999839696, 0.004049299999678624]"
14,n14_0248,M?AA@BOXCIDOEOE_?,4,4,0.01006039999992936,0.01135930000054941,708,260,444,0.8856531651988038,0.632768361581921,7,3,"[0.010068800000226474, 0.01006039999992936, 0.009685400000307709]","[0.011534299999766517, 0.010816899999554153, 0.01135930000054941]"
14,n14_0249,M?AA@BOTDOCgAoE_?,3,3,0.007456699999238481,0.00472030000128143,380,69,89,1.5797089162159597,0.8184210526315789,2,3,"[0.007456699999238481, 0.009834799999225652, 0.007014300001173979]","[0.005248999999821535, 0.004520799999227165, 0.00472030000128143]"
14,n14_0250,M?AA@BOTDGDOEOAo?,3,3,0.00871509999888076,0.004679899999246118,453,9,18,1.8622406462284815,0.9801324503311258,2,3,"[0.00871509999888076, 0.008652900000015507, 0.010450600000694976]","[0.004112099999474594, 0.004679899999246118, 0.004805799999303417]"
14,n14_0251,M?AA@BORD_D_CoAo?,4,4,0.010893200000282377,0.013028100000155973,717,398,570,0.8361311319495524,0.44490934449093444,7,3,"[0.010160400001041126, 0.010947099999611964, 0.010893200000282377]","[0.01244580000093265, 0.013028100000155973, 0.016453199999887147]"
14,n14_0252,M?AA@BORD_CoEOAo?,3,3,0.006904199999553384,0.006358200000249781,388,115,150,1.0858733602721138,0.7036082474226805,2,3,"[0.006510000001071603, 0.006904199999553384, 0.007823400001143455]","[0.005027200000768062, 0.007486399999834248, 0.006358200000249781]"
14,n14_0253,M?AA@BORD_CgE_Ao?,3,3,0.008714799998415401,0.00805939999918337,509,157,221,1.081321190075991,0.6915520628683693,2,3,"[0.010120499999175081, 0.008714799998415401, 0.008351599999514292]","[0.00805939999918337, 0.008252499999798601, 0.00685929999963264]"
14,n14_0254,M?AA@BORDOBO@oKO?,3,3,0.008684399999765446,0.004815199999939068,435,46,60,1.8035387937936824,0.8942528735632184,2,3,"[0.008684399999765446, 0.010143900000912254, 0.007487500000934233]","[0.0045107999994797865, 0.004815199999939068, 0.004934799999318784]"
14,n14_0255,M?AA@BORDOCoCoEO?,3,3,0.007236000001284992,0.005061300000306801,363,101,125,1.4296722187671878,0.721763085399449,2,3,"[0.005920999999943888, 0.007236000001284992, 0.009736799998790957]","[0.007584899998619221, 0.005012200001146994, 0.005061300000306801]"
14,n14_0256,M?AA@BORDOCgCoE_?,3,3,0.009081700000024284,0.004554699999061995,517,58,78,1.9939183704513117,0.8878143133462283,2,3,"[0.009108999998716172, 0.008499200001097051, 0.009081700000024284]","[0.004554699999061995, 0.004268499998943298, 0.005882900000869995]"
14,n14_0257,M?AA@BORDGF?CoAo?,3,3,0.00949409999884665,0.008923999999751686,464,148,239,1.063883908461545,0.6810344827586207,2,3,"[0.00949409999884665, 0.010001000000556814, 0.00819460000093386]","[0.008923999999751686, 0.008481000000756467, 0.0125449999995908]"
14,n14_0258,M?AA@BORDGEOEOAo?,3,3,0.009401799999977811,0.010436900000058813,428,155,245,0.900823041317329,0.6378504672897196,2,3,"[0.007561899999927846, 0.009401799999977811, 0.012422700001479825]","[0.010436900000058813, 0.009183899999698042, 0.01058530000045721]"
14,n14_0259,M?AA@BORDGCWEOE_?,4,4,0.011217899998882785,0.009982999999920139,696,150,319,1.123700290390917,0.7844827586206896,7,3,"[0.011217899998882785, 0.012141799999881187, 0.010749099999884493]","[0.01043549999849347, 0.009914399999615853, 0.009982999999920139]"
14,n14_0260,M?AA@BORDCBOBOKO?,3,3,0.010735700001532678,0.003882700000758632,526,28,35,2.765008885423817,0.9467680608365019,2,3,"[0.010735700001532678, 0.01644309999937832, 0.008691099999850849]","[0.00459220000084315, 0.003882700000758632, 0.003439000000071246]"
14,n14_0261,M?AA@BORCSCoEOKO?,3,3,0.011636900000667083,0.006505900000775,658,72,94,1.7886687467192648,0.8905775075987842,2,3,"[0.010840799999641604, 0.011636900000667083, 0.013441999999486143]","[0.006505900000775, 0.005019599999286584, 0.006539599999086931]"
14,n14_0262,M?AA@BORCSAoKOIO?,3,3,0.011234800000238465,0.005515700000614743,630,65,88,2.0368765522030405,0.8968253968253969,2,3,"[0.011016500000550877, 0.011234800000238465, 0.014479299999948125]","[0.005515700000614743, 0.004604599998856429, 0.006786100000681472]"
14,n14_0263,M?AA@BORCKCWM?EO?,3,3,0.011879199999384582,0.004070000000865548,689,26,45,2.9187223579504393,0.9622641509433962,2,3,"[0.011189100001502084, 0.011879199999384582, 0.013973200000691577]","[0.004070000000865548, 0.003953600000386359, 0.0051782999998977175]"
14,n14_0264,M?AA@BORDACoEOE_?,3,3,0.008554500000172993,0.005575999999564374,452,55,77,1.5341642756171656,0.8783185840707964,2,3,"[0.008554500000172993, 0.01135459999932209, 0.0082165999992867]","[0.006753700001354446, 0.004066800000146031, 0.005575999999564374]"
14,n14_0265,M?AA@AWwAgDOCoBO?,3,3,0.005744199999753619,0.0050115000012738165,261,77,94,1.1462037310772355,0.7049808429118773,2,3,"[0.005711199999495875, 0.008487399998557521, 0.005744199999753619]","[0.0050115000012738165, 0.004112499998882413, 0.006490700001450023]"
14,n14_0266,M?AA@AWwAgAgAoI_?,3,3,0.005707499998607091,0.004920899998978712,265,67,84,1.1598488081025078,0.7471698113207547,2,3,"[0.005024799998864182, 0.005707499998607091, 0.00590369999918039]","[0.006268400000408292, 0.004484999999476713, 0.004920899998978712]"
14,n14_0267,M?AA@AWwAcB_@oIO?,4,4,0.01271439999982249,0.010574599999017664,695,185,343,1.2023528077661192,0.7338129496402878,7,3,"[0.009557800000038696, 0.01496699999916018, 0.01271439999982249]","[0.010146299999178154, 0.010574599999017664, 0.014653599999292055]"
14,n14_0268,M?AA@AWw@cI_BOAo?,3,3,0.006269999999858555,0.005458999999973457,356,79,100,1.148562007673391,0.7780898876404494,2,3,"[0.006269999999858555, 0.006100500000684406, 0.006436700001358986]","[0.0042954999989888165, 0.005458999999973457, 0.007283500000994536]"
14,n14_0269,M?AA@AWw@cIGB_BO?,4,4,0.011231700000280398,0.014847500000541913,761,371,548,0.7564707863189396,0.5124835742444153,7,3,"[0.009864499999821419, 0.013565600000220002, 0.011231700000280398]","[0.014847500000541913, 0.015191299999059993, 0.011902299998837407]"
14,n14_0270,M?AA@AWwAKB_EOGo?,4,4,0.010839500000656699,0.010107299998708186,654,148,304,1.0724426901390178,0.7737003058103975,7,3,"[0.00889380000080564, 0.010839500000656699, 0.012624299999515642]","[0.011745699999664794, 0.008423100000072736, 0.010107299998708186]"
14,n14_0271,M?AA@AWwAKB_CoIO?,4,4,0.011233999999603839,0.011559099999431055,696,181,339,0.9718749729785867,0.7399425287356322,7,3,"[0.009991799999625073, 0.011316199999782839, 0.011233999999603839]","[0.011559099999431055, 0.008765299999140552, 0.015141399999265559]"
14,n14_0272,M?AA@AWwAKBODOIO?,3,3,0.012512100000094506,0.004914500001177657,587,29,52,2.545955844357766,0.9505962521294719,2,3,"[0.009813799999392359, 0.012512100000094506, 0.012825199999497272]","[0.006319500000245171, 0.003990400000475347, 0.004914500001177657]"
14,n14_0273,M?AA@AWsB_D_Ao@o?,3,3,0.006591299999854527,0.008295800000269082,399,127,176,0.7945345837219716,0.681704260651629,2,3,"[0.006591299999854527, 0.006514999999126303, 0.007571300000563497]","[0.008295800000269082, 0.006584699998711585, 0.009632799999963026]"
14,n14_0274,M?AA@AWsBOEG@oB_?,3,3,0.009086500000194064,0.004118100001505809,433,1,4,2.2064787151529903,0.9976905311778291,2,3,"[0.007818300000508316, 0.009592899999915971, 0.009086500000194064]","[0.004706600000645267, 0.0035071000002062647, 0.004118100001505809]"
14,n14_0275,M?AA@AWsBOBG@oH_?,3,3,0.0050890000002254965,0.006148599999505677,210,105,140,0.8276680871474208,0.5,2,3,"[0.004456200000277022, 0.0053377999993244885, 0.0050890000002254965]","[0.00855770000089251, 0.0060374000004230766, 0.006148599999505677]"
14,n14_0276,M?AA@AWsBGEGAoB_?,3,3,0.008339199999682023,0.007470700000340003,493,85,121,1.116254166182887,0.8275862068965517,2,3,"[0.009688599999208236, 0.00822150000021793, 0.008339199999682023]","[0.009320099999968079, 0.004990500001440523, 0.007470700000340003]"
14,n14_0277,M?AA@AWsBGAgI_Ao?,3,3,0.007365200001004268,0.004274799999620882,410,69,87,1.7229344066757426,0.8317073170731707,2,3,"[0.007365200001004268, 0.007526299999881303, 0.006309000000328524]","[0.0041911000007530674, 0.004274799999620882, 0.009076199999981327]"
14,n14_0278,M?AA@AWsBCEGB_BO?,3,3,0.010731999998824904,0.004745799999000155,610,1,5,2.261367946623524,0.9983606557377049,2,3,"[0.010009699999500299, 0.012538299999505398, 0.010731999998824904]","[0.006002500000249711, 0.003293699999630917, 0.004745799999000155]"
14,n14_0279,M?AA@AWsASF?HO@o?,3,3,0.010591599999315804,0.004171300000962219,579,29,50,2.5391604528258758,0.9499136442141624,2,3,"[0.010591599999315804, 0.011996799999906216, 0.009986700000808924]","[0.004171300000962219, 0.0038313000004563946, 0.004436500001247623]"
14,n14_0280,M?AA@AWsASD_DOGo?,3,3,0.01023200000054203,0.004411899999468005,608,6,12,2.319182212148014,0.9901315789473685,2,3,"[0.009772500001417939, 0.011565700000573997, 0.01023200000054203]","[0.0051253000001452165, 0.004411899999468005, 0.0041311000004498055]"
14,n14_0281,M?AA@AWs?s@oWOHO?,4,4,0.009734400000525056,0.009867000000667758,674,255,406,0.9865612648085813,0.6216617210682492,7,3,"[0.009973700000045937, 0.009734400000525056, 0.009082299999136012]","[0.010436000000481727, 0.00919640000029176, 0.009867000000667758]"
14,n14_0282,M?AA@AWs?kCoIOQO?,3,3,0.010213499999736086,0.0038688000004185596,562,1,4,2.6399658805394703,0.998220640569395,2,3,"[0.010213499999736086, 0.009672399999544723, 0.010254699998768046]","[0.0038688000004185596, 0.0037341999995987862, 0.003928000000087195]"
14,n14_0283,M?AA@AWsBAF?B_@o?,3,3,0.008030500001041219,0.005398299999797018,435,78,112,1.4875979477508057,0.8206896551724138,2,3,"[0.007522500000050059, 0.008030500001041219, 0.008078200000454672]","[0.005478299999595038, 0.005398299999797018, 0.005357500000172877]"
14,n14_0284,M?AA@AWs@aCWR?B_?,3,3,0.00477839999985008,0.006059700001060264,217,59,95,0.788553888643663,0.728110599078341,2,3,"[0.00477839999985008, 0.00554060000104073, 0.004556699999739067]","[0.007925599998998223, 0.0053609000005963026, 0.006059700001060264]"
14,n14_0285,M?AA@AWeB_DOPO@o?,3,3,0.005710499999622698,0.00579479999942123,294,85,124,0.9854524746657431,0.7108843537414966,2,3,"[0.005900600001041312, 0.005710499999622698, 0.0055216000000655185]","[0.005878100000700215, 0.005093699999633827, 0.00579479999942123]"
14,n14_0286,M?AA@AWeAoK_@oGo?,3,3,0.007197700000688201,0.004922800000713323,352,21,33,1.462115056399862,0.9403409090909091,2,3,"[0.0068025000000488944, 0.00792379999984405, 0.007197700000688201]","[0.004922800000713323, 0.005410499999925378, 0.004336199999670498]"
14,n14_0287,M?AA@AWeAoGoHOGo?,3,3,0.008823100000881823,0.006494799999927636,448,139,230,1.3584867895824548,0.6897321428571429,2,3,"[0.008823100000881823, 0.009620299999369308, 0.007843399998819223]","[0.006494799999927636, 0.008796799998890492, 0.006454099999245955]"
14,n14_0288,M?AA@AWe?wK_OoGo?,3,3,0.007791500000166707,0.006085699998948257,463,101,150,1.2802964328693904,0.7818574514038877,2,3,"[0.007791500000166707, 0.007606400000440772, 0.007974000000103842]","[0.006122700000560144, 0.0045470000004570466, 0.006085699998948257]"
14,n14_0289,M?AA@AWeAcL?HO@o?,4,4,0.009803299999475712,0.012357600000541424,630,261,418,0.7933012881988574,0.5857142857142857,7,3,"[0.009106100000281003, 0.009803299999475712, 0.010538299999097944]","[0.012357600000541424, 0.009907199999361183, 0.014147899999443325]"
14,n14_0290,M?AA@AWU?wSO@oWO?,4,4,0.010656299999027397,0.011356300001352793,685,319,498,0.9383602051511487,0.5343065693430656,7,3,"[0.009860699999990175, 0.011170400000992231, 0.010656299999027397]","[0.012379300000247895, 0.011356300001352793, 0.011302500000965665]"
14,n14_0291,M?AA@AWpB_BOBOGo?,3,3,0.011574400001336471,0.007948200000100769,645,140,232,1.4562290834641465,0.7829457364341085,2,3,"[0.011574400001336471, 0.011627500000031432, 0.010758899999927962]","[0.010295599999153637, 0.006956400000490248, 0.007948200000100769]"
14,n14_0292,M?AA@AWpB_AgAoI_?,3,3,0.009016800000608782,0.004823899998882553,475,76,98,1.8691929771963571,0.84,2,3,"[0.009137600000030943, 0.009016800000608782, 0.008296000001791981]","[0.005945099999735248, 0.004218599999148864, 0.004823899998882553]"
14,n14_0293,M?AA@AWpAoE_GoAo?,3,3,0.010900000001129229,0.007293199998457567,605,103,178,1.4945428623148223,0.8297520661157025,2,3,"[0.010750999999800115, 0.010900000001129229, 0.01161110000066401]","[0.008597399999416666, 0.006595099999685772, 0.007293199998457567]"
14,n14_0294,M?AA@AWob_B_BOGo?,4,4,0.010161099999095313,0.008768899999267887,677,141,290,1.1587656376448199,0.7917282127031019,7,3,"[0.009461700001338613, 0.010161099999095313, 0.011103599999842118]","[0.01132799999868439, 0.008155699999406352, 0.008768899999267887]"
14,n14_0295,M?AA@AWob_AWJ?BO?,3,3,0.00834709999980987,0.007093399999575922,459,143,223,1.1767417599894128,0.6884531590413944,2,3,"[0.00834709999980987, 0.007724099999904865, 0.009162000000287662]","[0.007093399999575922, 0.007352399999945192, 0.006965099999433733]"
14,n14_0296,M?AA@BCw@oB_CoAo?,3,3,0.009801700000025448,0.007588800001030904,484,84,168,1.2916007799248803,0.8264462809917356,2,3,"[0.009700700000394136, 0.01059480000003532, 0.009801700000025448]","[0.006165299999338458, 0.009313700000348035, 0.007588800001030904]"
14,n14_0297,M?AA@BCw@oAgE_Ao?,3,3,0.009500500000285683,0.0043875999999727355,520,34,57,2.165306773713356,0.9346153846153846,2,3,"[0.009262799998396076, 0.009500500000285683, 0.009855100001004757]","[0.0037481999988813186, 0.0060190999993210426, 0.0043875999999727355]"
14,n14_0298,M?AA@BCw@cB_EOAo?,3,3,0.010542200001509627,0.00916759999927308,509,110,201,1.1499410971623483,0.7838899803536346,2,3,"[0.008867900000041118, 0.010797899998578941, 0.010542200001509627]","[0.009442999999009771, 0.009072400000150083, 0.00916759999927308]"
14,n14_0299,M?AA@BCw?iBGE_I_?,3,3,0.01056819999939762,0.00516569999854255,541,27,50,2.0458408351974238,0.9500924214417745,2,3,"[0.009418100000402774, 0.011695599998347461, 0.01056819999939762]","[0.00516569999854255, 0.0053157999991526594, 0.005044899999120389]"
14,n14_0300,M?AA@BCs@gDOEOAo?,3,3,0.008623600000646547,0.007319199999983539,435,88,179,1.178216198582624,0.7977011494252874,2,3,"[0.009174000000712113, 0.008623600000646547, 0.008088000000498141]","[0.006530599999678088, 0.007319199999983539, 0.007989899999301997]"
14,n14_0301,M?AA@BCs@gDGE_Ao?,3,3,0.010012400000050548,0.00886999999966065,519,120,227,1.1287936866328754,0.7687861271676301,2,3,"[0.009176300000035553, 0.010012400000050548, 0.011437700000897166]","[0.008464699998512515, 0.00886999999966065, 0.011597700000493205]"
14,n14_0302,M?AA@BCs@WF?AoCo?,3,3,0.007920699999885983,0.00823110000055749,412,119,200,0.9622893658623412,0.7111650485436893,2,3,"[0.007649400000445894, 0.007920699999885983, 0.010632400000758935]","[0.00826249999954598, 0.00823110000055749, 0.007682499999646097]"
14,n14_0303,M?AA@BCs@WEOEOAo?,3,3,0.00868830000035814,0.007763200001136283,469,123,233,1.1191647772937,0.7377398720682303,2,3,"[0.007972999999765307, 0.00930069999958505, 0.00868830000035814]","[0.007595000000947039, 0.007763200001136283, 0.011432299999796669]"
14,n14_0304,M?AA@BCs@WDGE_Co?,3,3,0.01020059999973455,0.008477600000333041,540,113,221,1.203241483360128,0.7907407407407407,2,3,"[0.01020059999973455, 0.009458599999561557, 0.010768999998617801]","[0.011143600000650622, 0.008477600000333041, 0.007813000000169268]"
14,n14_0305,M?AA@BCs@IDGE_E_?,3,3,0.004376499999125372,0.006707699998514727,209,74,134,0.6524591141664732,0.645933014354067,2,3,"[0.004376499999125372, 0.00418080000054033, 0.005437700001493795]","[0.005236000000877539, 0.008096800000203075, 0.006707699998514727]"
14,n14_0306,M?AA@BCkBOB_CoAo?,3,3,0.009589999999661813,0.010041999999884865,512,134,237,0.9549890459840437,0.73828125,2,3,"[0.008350300000529387, 0.013447000001178822, 0.009589999999661813]","[0.007968799998707254, 0.010041999999884865, 0.010418600000775768]"
14,n14_0307,M?AA@BCkBOAoEOAo?,3,3,0.010011300000769552,0.009519299999737996,445,86,129,1.0516844727075623,0.8067415730337079,2,3,"[0.008365300000150455, 0.010958100001516868, 0.010011300000769552]","[0.009519299999737996, 0.0058054000000993256, 0.010857299999770476]"
14,n14_0308,M?AA@BCkBO@oCoEO?,3,3,0.009083400000235997,0.009630500000639586,449,103,146,0.9431909038609362,0.7706013363028953,2,3,"[0.008883799999239272, 0.009083400000235997, 0.01063129999965895]","[0.009630500000639586, 0.008447399999568006, 0.010264500000630505]"
14,n14_0309,M?AA@BChAcBOEOIO?,3,3,0.0055827000014687655,0.0057826000011118595,218,61,97,0.9654307751522399,0.7201834862385321,2,3,"[0.004697799999121344, 0.005850100000316161, 0.0055827000014687655]","[0.004558999999062507, 0.006672199999229633, 0.0057826000011118595]"
14,n14_0310,M?AA@BChAc@WEOM??,3,3,0.005144299999301438,0.004797300000063842,226,36,89,1.0723323534556892,0.8407079646017699,2,3,"[0.005144299999301438, 0.006642899999860674, 0.0044072000000596745]","[0.004729399999632733, 0.004797300000063842, 0.005508199999894714]"
14,n14_0311,M?AA@BCh@c@WEOU??,3,3,0.005641399999149144,0.00742299999910756,219,77,145,0.7599892226629918,0.6484018264840182,2,3,"[0.004441999999471591, 0.006475599999248516, 0.005641399999149144]","[0.006124000001364038, 0.008237200001531164, 0.00742299999910756]"
14,n14_0312,M?AA@BChAEBGE_M??,3,3,0.005383100000472041,0.007615299999088165,220,86,162,0.7068795715358027,0.6090909090909091,2,3,"[0.005383100000472041, 0.0055370999998558545, 0.004933000000164611]","[0.00817319999987376, 0.007615299999088165, 0.006464100000812323]"
14,n14_0313,M?AA@BCo`gF?EOAo?,3,3,0.008627000001069973,0.004311200000302051,395,19,28,2.0010669884175054,0.9518987341772152,2,3,"[0.007448199999998906, 0.008627000001069973, 0.008754899999985355]","[0.004311200000302051, 0.003391399999600253, 0.006754900001396891]"
14,n14_0314,M?AA@BCo`IF?EOE_?,3,3,0.005051399999501882,0.00864980000005744,205,95,207,0.5839903812190268,0.5365853658536586,2,3,"[0.005051399999501882, 0.005749500000092667, 0.004810700000234647]","[0.011481499999717926, 0.00864980000005744, 0.008647700000437908]"
14,n14_0315,M?AA@BCgb_B_AoEO?,3,3,0.010475699999005883,0.010262399999191985,515,167,273,1.0207846117702188,0.6757281553398058,2,3,"[0.008563400000639376, 0.010885800000323798, 0.010475699999005883]","[0.010262399999191985, 0.01178529999924649, 0.009795599999051774]"
14,n14_0316,M?AA@BCcbOCWF?EO?,4,4,0.01063109999995504,0.01105699999970966,703,205,375,0.9614814145097401,0.7083926031294452,7,3,"[0.011196600000403123, 0.01063109999995504, 0.010570399999778601]","[0.009846599999946193, 0.01105699999970966, 0.012854399999923771]"
14,n14_0317,M?AA@BCcaoE_IOAo?,3,3,0.009057199999006116,0.006237600000531529,381,64,112,1.4520328328578809,0.8320209973753281,2,3,"[0.009057199999006116, 0.009564599999066559, 0.008650599998873076]","[0.005986000000120839, 0.006451299999753246, 0.006237600000531529]"
14,n14_0318,M?AA@BCcaoEOIOBO?,3,3,0.011496299999635085,0.006580199999007164,543,44,104,1.747104951425439,0.9189686924493554,2,3,"[0.012269599999854108, 0.010950300000331481, 0.011496299999635085]","[0.008752600000661914, 0.006395200000042678, 0.006580199999007164]"
14,n14_0319,M?AA@BCc`KHGEOM??,3,3,0.0124653999992006,0.005002599998988444,689,52,81,2.491784272522524,0.9245283018867925,2,3,"[0.0124653999992006, 0.012190100000225357, 0.012982000000192784]","[0.0057030999996641185, 0.005002599998988444, 0.004772799999045674]"
14,n14_0320,M?AA@BC`b_F?AoEO?,3,3,0.005784700000731391,0.0038258000004134374,217,17,39,1.5120236290726812,0.9216589861751152,2,3,"[0.005870900000445545, 0.0049242000004596775, 0.005784700000731391]","[0.0038258000004134374, 0.004803600000741426, 0.0037087000000610715]"
14,n14_0321,M?AA@BC`b_DOEOEO?,3,3,0.004995999999664491,0.005842900000061491,196,16,38,0.8550548528319692,0.9183673469387755,2,3,"[0.004268799999408657, 0.004995999999664491, 0.005621199999950477]","[0.005900799998926232, 0.005842900000061491, 0.003881300001012278]"
14,n14_0322,M?AA@BC`b_DGE_EO?,3,3,0.005999499999234104,0.005966799999441719,213,66,136,1.0054803244277408,0.6901408450704225,2,3,"[0.006829800000559771, 0.005999499999234104, 0.005235299999185372]","[0.005966799999441719, 0.006823699999586097, 0.005747600000177044]"
14,n14_0323,M?AA@BC`bCF?EOEO?,3,3,0.005971599999611499,0.004464999999981956,210,75,110,1.3374244120124594,0.6428571428571429,2,3,"[0.006785800000216113, 0.005799200000183191, 0.005971599999611499]","[0.004429700000400771, 0.005941999999777181, 0.004464999999981956]"
14,n14_0324,M?AA@BC`bAF?E_EO?,3,3,0.015312300000005052,0.005836000000272179,625,51,107,2.623766278151288,0.9184,2,3,"[0.011879199999384582, 0.015312300000005052, 0.01596579999932146]","[0.007565599998997641, 0.005836000000272179, 0.005033800000092015]"
14,n14_0325,M?AA@BCgR_B_AoE_?,4,4,0.014321799999379436,0.01061680000020715,677,188,354,1.348975209017783,0.7223042836041359,7,3,"[0.012731699998766999, 0.01469369999904302, 0.014321799999379436]","[0.01061680000020715, 0.009579800000210525, 0.011682100001053186]"
14,n14_0326,M?AA@BCgR_@oE_EO?,4,4,0.011897599999429076,0.010349500000302214,674,161,333,1.1495821053269875,0.7611275964391692,7,3,"[0.012538000000859029, 0.01183110000056331, 0.011897599999429076]","[0.009546699999191333, 0.010349500000302214, 0.010769599999548518]"
14,n14_0327,M?AA@BCgRCB_E_EO?,4,4,0.011466100000689039,0.009737200000017765,620,144,324,1.1775561763821345,0.7677419354838709,7,3,"[0.011697600000843522, 0.009429299998373608, 0.011466100000689039]","[0.009737200000017765, 0.010803400000440888, 0.009554199999911361]"
14,n14_0328,M?AA@BCgPcHOF?EO?,4,4,0.010985000000800937,0.011324400000376045,665,123,279,0.970029317265035,0.8150375939849624,7,3,"[0.013463799999954063, 0.010292000000845292, 0.010985000000800937]","[0.008801800000583171, 0.011385800000425661, 0.011324400000376045]"
14,n14_0329,M?AA@BCWT_B_E_Ao?,4,4,0.010711900000387686,0.009930999998687184,679,199,366,1.0786325648780317,0.7069219440353461,7,3,"[0.012241500000527594, 0.01068680000025779, 0.010711900000387686]","[0.009028399999806425, 0.012173099999927217, 0.009930999998687184]"
14,n14_0330,M?AA@BCWT_@gE_E_?,4,4,0.012236799999300274,0.010581800001091324,665,250,412,1.1564006121867987,0.6240601503759399,7,3,"[0.012915699999211938, 0.012236799999300274, 0.010256999999910477]","[0.010436599999593454, 0.013843799999449402, 0.010581800001091324]"
14,n14_0331,M?AA@BCWTCB_E_EO?,4,4,0.012489599999753409,0.009265799999411684,655,183,317,1.3479246261031337,0.7206106870229008,7,3,"[0.009765300001163268, 0.014616399999795249, 0.012489599999753409]","[0.009265799999411684, 0.010602899999867077, 0.007987200000570738]"
14,n14_0332,M?AA@ASs@gHOIOAo?,3,3,0.006253899999137502,0.007791899999574525,317,141,273,0.8026155365801659,0.555205047318612,2,3,"[0.006384300000718213, 0.005985499999951571, 0.006253899999137502]","[0.0076212000003579305, 0.012316700000155834, 0.007791899999574525]"
14,n14_0333,M?AA@ASs@gDOQOAo?,3,3,0.008357499998965068,0.0031357999996544095,386,1,4,2.665189106411803,0.9974093264248705,2,3,"[0.008334899999681511, 0.008357499998965068, 0.009936300000845222]","[0.0029051999990770128, 0.0041639999999461, 0.0031357999996544095]"
14,n14_0334,M?AA@ASs?sHOIOHO?,3,3,0.005003700000088429,0.006074599999919883,214,92,172,0.8237085569674418,0.5700934579439252,2,3,"[0.005003700000088429, 0.0053275000009307405, 0.004798599999048747]","[0.006074599999919883, 0.00812200000109442, 0.005773400000180118]"
14,n14_0335,M?AA@ASs?kL?AoIO?,3,3,0.011233299999730662,0.0038715999999112682,478,1,6,2.9014619278820417,0.997907949790795,2,3,"[0.014601799999582, 0.010458499999003834, 0.011233299999730662]","[0.0039260999983525835, 0.0038715999999112682, 0.0029875999989599222]"
14,n14_0336,M?AA@ASqB_BO@oIO?,3,3,0.011719499998434912,0.008152800000971183,546,96,210,1.4374816010498055,0.8241758241758241,2,3,"[0.012829100000089966, 0.011719499998434912, 0.009784900001250207]","[0.008152800000971183, 0.008619199999884586, 0.008024400000067544]"
14,n14_0337,M?AA@ASqBGBOEOGo?,4,4,0.013808600000629667,0.010079900001073838,697,193,361,1.3699143839877976,0.7230989956958394,7,3,"[0.01113459999942279, 0.014440699998885975, 0.013808600000629667]","[0.010079900001073838, 0.012000999999145279, 0.009831999999732943]"
14,n14_0338,M?AA@ASqAcF?BOGo?,4,4,0.011382200000298326,0.009097699999983888,688,127,287,1.2511074227902088,0.815406976744186,7,3,"[0.010333199999877252, 0.013713199999983772, 0.011382200000298326]","[0.009097699999983888, 0.01046889999997802, 0.008607400000983034]"
14,n14_0339,M?AA@ASqASF?DOGo?,3,3,0.011428899999373243,0.005911900001592585,612,45,94,1.9332025230965433,0.9264705882352942,2,3,"[0.012798800000382471, 0.011428899999373243, 0.011238199998842902]","[0.005911900001592585, 0.009708499999760534, 0.00588900000002468]"
14,n14_0340,M?AA@ASq?kL?EOGo?,3,3,0.010073800000100164,0.007048899999062996,588,122,195,1.4291307865680127,0.7925170068027211,2,3,"[0.010018799999670591, 0.010073800000100164, 0.012835100000302191]","[0.006699100000332692, 0.007048899999062996, 0.007295199999134638]"
14,n14_0341,M?AA@ASeB_HO@oIO?,4,4,0.010517200000322191,0.009402499999850988,666,180,330,1.1185535762285423,0.7297297297297297,7,3,"[0.009655300000304123, 0.010517200000322191, 0.01145639999958803]","[0.009732800001074793, 0.008715899999515386, 0.009402499999850988]"
14,n14_0342,M?AA@ASeB_CoQOAo?,3,3,0.010172199999942677,0.005585599999903934,516,49,74,1.8211472357701282,0.9050387596899225,2,3,"[0.010770499999125605, 0.010172199999942677, 0.009154800000032992]","[0.0067281999999977415, 0.005585599999903934, 0.00485099999968952]"
14,n14_0343,M?AA@ASeAgHOIOGo?,3,3,0.006177499999466818,0.0033179000001837267,226,14,31,1.8618704599670703,0.9380530973451328,2,3,"[0.007461100000000442, 0.005542300001252443, 0.006177499999466818]","[0.00402849999954924, 0.0032177000011870405, 0.0033179000001837267]"
14,n14_0344,M?AA@ASeAWL?CoGo?,3,3,0.012454699999580043,0.006311799999821233,622,66,131,1.9732405969664428,0.8938906752411575,2,3,"[0.012454699999580043, 0.01067930000135675, 0.012462200000300072]","[0.006311799999821233, 0.0069822999994357815, 0.006180599999424885]"
14,n14_0345,M?AA@ASe?wL?OoGo?,3,3,0.0111466999987897,0.0031563000011374243,494,5,12,3.531571775424644,0.9898785425101214,2,3,"[0.011801099999502185, 0.0111466999987897, 0.00902969999879133]","[0.0031563000011374243, 0.003728600000613369, 0.002709500000491971]"
14,n14_0346,M?AA@ASeAKM?IOAo?,4,4,0.01125560000036785,0.009209399999235757,650,162,308,1.2221860274612784,0.7507692307692307,7,3,"[0.01125560000036785, 0.010845200000403565, 0.012274900000193156]","[0.008657299998958479, 0.009920100001181709, 0.009209399999235757]"
14,n14_0347,M?AA@ASpB_DOAoEO?,3,3,0.005605300000752322,0.004306999999243999,205,39,62,1.3014395174683566,0.8097560975609757,2,3,"[0.005023600000640727, 0.00576309999996738, 0.005605300000752322]","[0.004306999999243999, 0.0050437000008969335, 0.004012400000647176]"
14,n14_0348,M?AA@ASpB_BOAoIO?,4,4,0.010749099999884493,0.009087299999009701,663,177,333,1.1828705997442461,0.7330316742081447,7,3,"[0.010749099999884493, 0.013252299999294337, 0.010680100000172388]","[0.009226500000295346, 0.009087299999009701, 0.007879299999331124]"
14,n14_0349,M?AA@ASpBOEOAoEO?,3,3,0.0049721999985195,0.006524299999000505,205,45,74,0.7621047467592262,0.7804878048780488,2,3,"[0.004579100001137704, 0.0049721999985195, 0.00663429999985965]","[0.006524299999000505, 0.0051705999994737795, 0.006872899999507354]"
14,n14_0350,M?AA@ASpBOCWE_EO?,3,3,0.006400700000085635,0.0063943000004655914,201,74,143,1.001000891359426,0.6318407960199005,2,3,"[0.006996699999945122, 0.006148200000097859, 0.006400700000085635]","[0.008232700000007753, 0.006248199999390636, 0.0063943000004655914]"
14,n14_0351,M?AA@ASpAoEOAoIO?,3,3,0.005936199999268865,0.004470900001251721,229,26,46,1.3277416174834828,0.8864628820960698,2,3,"[0.0054870000003575115, 0.005936199999268865, 0.006728000000293832]","[0.004470900001251721, 0.005361300000004121, 0.004164800000580726]"
14,n14_0352,M?AA@ASpAoBOGoIO?,3,3,0.006038800000169431,0.00460430000021006,229,25,45,1.3115565883834515,0.8908296943231441,2,3,"[0.005264699999315781, 0.006383199999618228, 0.006038800000169431]","[0.00460430000021006, 0.005242799999905401, 0.004462400000193156]"
14,n14_0353,M?AA@ASpBC@WEOM??,3,3,0.0053508000000874745,0.005092099998364574,219,38,74,1.050804187232377,0.8264840182648402,2,3,"[0.007827299999917159, 0.0053508000000874745, 0.004626600000847247]","[0.004729500000394182, 0.005396399999881396, 0.005092099998364574]"
14,n14_0354,M?AA@ASpBADOE_EO?,3,3,0.011984500000835396,0.004809300000488292,626,55,97,2.4919426942837,0.9121405750798722,2,3,"[0.011984500000835396, 0.012447999999494641, 0.009346900000309688]","[0.0070030000006227056, 0.004809300000488292, 0.004741799999465002]"
14,n14_0355,M?AA@ASdB_HOIOAo?,3,3,0.008015999999770429,0.006647000000157277,359,112,204,1.205957574782723,0.6880222841225627,2,3,"[0.007478100000298582, 0.009946999998646788, 0.008015999999770429]","[0.007823699999789824, 0.006245300000955467, 0.006647000000157277]"
14,n14_0356,M?AA@ASdB_DOQOAo?,3,3,0.0059571000001596985,0.002793800000290503,180,1,5,2.1322571406472446,0.9944444444444445,2,3,"[0.006055100000594393, 0.0059571000001596985, 0.0047040999997989275]","[0.0025236999990738695, 0.002793800000290503, 0.0036099000008107396]"
14,n14_0357,M?AA@ASbB_EOQOAo?,3,3,0.005004700000426965,0.0050653999987844145,195,55,76,0.9880167413487551,0.717948717948718,2,3,"[0.004790700000739889, 0.005004700000426965, 0.005100799999127048]","[0.003954699999667355, 0.005370099999709055, 0.0050653999987844145]"
14,n14_0358,M?AA@ASbAoM?AoGo?,3,3,0.0054877999991731485,0.006457899999077199,211,52,99,0.8497808885175254,0.7535545023696683,2,3,"[0.0054192999996303115, 0.0054877999991731485, 0.005650299999615527]","[0.005491600000823382, 0.006612900000618538, 0.006457899999077199]"
14,n14_0359,M?AA@ASbAoF?OoGo?,3,3,0.011280000000624568,0.004499200000282144,604,38,72,2.507112375515025,0.9370860927152318,2,3,"[0.011209099999177852, 0.011532399999850895, 0.011280000000624568]","[0.004818199999135686, 0.0041858000004140195, 0.004499200000282144]"
14,n14_0360,M?AA@ASbAoEOAoWO?,3,3,0.011447500000940636,0.0048170000009122305,591,48,85,2.376479136137168,0.9187817258883249,2,3,"[0.010214599999017082, 0.011447500000940636, 0.01156989999981306]","[0.00492839999969874, 0.0045702999996137805, 0.0048170000009122305]"
14,n14_0361,M?AA@ASbAcL?EOGo?,3,3,0.013255100000606035,0.007096999999703257,675,58,155,1.8677046641059973,0.914074074074074,2,3,"[0.011991200000920799, 0.015072199999849545, 0.013255100000606035]","[0.007096999999703257, 0.00897850000001199, 0.006640800000241143]"
14,n14_0362,M?AA@ASbAcHOKOIO?,3,3,0.004381900000225869,0.008474399999613524,179,121,255,0.5170749552093017,0.3240223463687151,2,3,"[0.004128199998376658, 0.005113899998832494, 0.004381900000225869]","[0.007271599999512546, 0.008474399999613524, 0.008664699998917058]"
14,n14_0363,M?AA@ASoaoF?AoHO?,4,4,0.010252899999613874,0.008510499999829335,663,118,265,1.2047353269278513,0.8220211161387632,7,3,"[0.009937600001649116, 0.010252899999613874, 0.010675200001060148]","[0.008510499999829335, 0.007178800000474439, 0.00888189999932365]"
14,n14_0364,M?AA@ASoaoEOIOBO?,3,3,0.011492999999973108,0.005510099999810336,628,22,70,2.0858060652925916,0.964968152866242,2,3,"[0.012915699999211938, 0.01114419999976235, 0.011492999999973108]","[0.005433700000139652, 0.005827599999975064, 0.005510099999810336]"
14,n14_0365,M?AA@ASobGDGE_EO?,4,4,0.010697800000343705,0.008782099999734783,645,142,302,1.2181368921632383,0.7798449612403101,7,3,"[0.010697800000343705, 0.010593799999696785, 0.010783899999296409]","[0.008782099999734783, 0.008694000000105007, 0.010720300000684801]"
14,n14_0366,M?AAD@Oi@WBGCgP_?,3,3,0.006654799999523675,0.004329800000050454,310,43,56,1.5369763036274489,0.8612903225806452,2,3,"[0.006492200000138837, 0.0069839000007050345, 0.006654799999523675]","[0.006282199999986915, 0.0038865000005898764, 0.004329800000050454]"
14,n14_0367,M?AAD@Oi@QB_D_Og?,3,3,0.0053140999989409465,0.007498499999201158,204,109,225,0.7086884042817999,0.46568627450980393,2,3,"[0.0052961999990657205, 0.0053140999989409465, 0.005565199999182369]","[0.006610200000068289, 0.009805099998629885, 0.007498499999201158]"
14,n14_0368,M?AAD@OgQoAcB_I_?,3,3,0.005080700000689831,0.007270000000062282,213,153,281,0.6988583219596016,0.28169014084507044,2,3,"[0.004573099999106489, 0.005080700000689831, 0.0066442000006645685]","[0.007270000000062282, 0.007160600000133854, 0.007769499999994878]"
14,n14_0369,M?AAD@OgPoB_B_Og?,3,3,0.004210099999909289,0.00879249999888998,182,166,299,0.47882854710728445,0.08791208791208792,2,3,"[0.004210099999909289, 0.004133100001126877, 0.004424000000653905]","[0.01126259999909962, 0.00879249999888998, 0.00787280000076862]"
14,n14_0370,M?AAD@OgPWB_E_Og?,3,3,0.005289999999149586,0.008367600001292885,183,143,278,0.6322003917888311,0.2185792349726776,2,3,"[0.004165100001046085, 0.005289999999149586, 0.005993100001433049]","[0.00985930000024382, 0.008150800000294112, 0.008367600001292885]"
14,n14_0371,M?AAD@OaR_BCB_H_?,3,3,0.011479199998575496,0.007126300000891206,606,106,175,1.6108218847283895,0.8250825082508251,2,3,"[0.011811000000307104, 0.010797500000990112, 0.011479199998575496]","[0.007230499999423046, 0.007126300000891206, 0.006469400001151371]"
14,n14_0372,M?AAD@OaQcECJ?B_?,4,4,0.011647500001345179,0.009797499998967396,642,216,389,1.188823679772673,0.6635514018691588,7,3,"[0.011279099999228492, 0.011647500001345179, 0.0138130999985151]","[0.01074729999891133, 0.009797499998967396, 0.009593700000550598]"
14,n14_0373,M?AAD?oqAa@cI_D_?,3,3,0.0061993999988771975,0.003846499999781372,270,20,25,1.6116989468944651,0.9259259259259259,2,3,"[0.0061993999988771975, 0.005684800000381074, 0.006458800000473275]","[0.004830600000786944, 0.003846499999781372, 0.0032833999994181795]"
14,n14_0374,M?AAD?ooQoAcI_B_?,4,4,0.01122140000006766,0.011872900000525988,700,235,400,0.9451271382367017,0.6642857142857143,7,3,"[0.009915799999362207, 0.01156509999964328, 0.01122140000006766]","[0.011872900000525988, 0.009409700000105659, 0.012674800000240793]"
14,n14_0375,M?AAD?ooPoASB_R??,3,3,0.011302599999908125,0.009064800000487594,578,151,222,1.2468670019526256,0.7387543252595156,2,3,"[0.01232989999880374, 0.011302599999908125, 0.011135099999592057]","[0.009064800000487594, 0.008157100000971695, 0.010133100000530249]"
14,n14_0376,M?AAD?ooQWDOD_EG?,3,3,0.010936800001218216,0.007484400000976166,584,85,174,1.4612794612516389,0.8544520547945206,2,3,"[0.010936800001218216, 0.010677700000087498, 0.011657600000035018]","[0.009446800000660005, 0.007484400000976166, 0.0070405999995273305]"
14,n14_0377,M?AAD?ooOXJ?I_D_?,3,3,0.009989399999540183,0.004121899999518064,523,1,4,2.4234940199199766,0.9980879541108987,2,3,"[0.010931500000879169, 0.009989399999540183, 0.009736399999383138]","[0.004361699999208213, 0.002936799999588402, 0.004121899999518064]"
14,n14_0378,M?AAD?ooOXF?E_P_?,4,4,0.010259599999699276,0.009792400000151247,675,180,363,1.0477104692966803,0.7333333333333333,7,3,"[0.010185099999944214, 0.010600099998555379, 0.010259599999699276]","[0.010929099998975289, 0.009792400000151247, 0.008595799999966403]"
14,n14_0379,M?AAD?ooOLDOU?F??,3,3,0.01047389999985171,0.010078899998916313,554,233,362,1.03919078480567,0.5794223826714802,2,3,"[0.01047389999985171, 0.009760900000401307, 0.010916999999608379]","[0.01353220000055444, 0.009745999999722699, 0.010078899998916313]"
14,n14_0380,M?AAD?WwAaF?B_@g?,3,3,0.006768100000044797,0.003703000000314205,317,9,13,1.8277342693682186,0.9716088328075709,2,3,"[0.006053199998859782, 0.007089600001563667, 0.006768100000044797]","[0.003703000000314205, 0.0031310000013036188, 0.0042559000012261095]"
14,n14_0381,M?AAD?WwAaCoF?Ag?,3,3,0.010303399998520035,0.003738800000064657,546,1,4,2.7558040008403375,0.9981684981684982,2,3,"[0.01026349999847298, 0.010303399998520035, 0.011884800000188989]","[0.0033588999995117774, 0.003841899999315501, 0.003738800000064657]"
14,n14_0382,M?AAD?WwAEE_F?Ag?,3,3,0.011919700000362354,0.0032683999997971114,588,2,6,3.6469526377133397,0.9965986394557823,2,3,"[0.0131160999990243, 0.011919700000362354, 0.011745900001187692]","[0.003420900000492111, 0.0032683999997971114, 0.003192500000295695]"
14,n14_0383,M?AAD?WwAEE_E_BG?,3,3,0.010960400000840309,0.003537099999448401,526,1,5,3.098696673136057,0.9980988593155894,2,3,"[0.009574699999575387, 0.010960400000840309, 0.011167399999976624]","[0.003537099999448401, 0.0029238000006444054, 0.003912700000000768]"
14,n14_0384,M?AAD?WwAEAoM?BG?,3,3,0.012559200000396231,0.004872399998930632,662,15,27,2.5776208856318563,0.9773413897280967,2,3,"[0.012559200000396231, 0.0129371999992145, 0.012313799999901676]","[0.006695199999739998, 0.003904399998646113, 0.004872399998930632]"
14,n14_0385,M?AAD?Ws?w@oGgWO?,3,3,0.00813170000037644,0.00863519999984419,378,218,318,0.9416921438441688,0.42328042328042326,2,3,"[0.00813170000037644, 0.008429899999100599, 0.007145899999159155]","[0.012808199999199132, 0.008428099999946426, 0.00863519999984419]"
14,n14_0386,M?AAD?WsAQEOB_HG?,3,3,0.00623980000091251,0.006251499999052612,259,31,38,0.9981284494694272,0.8803088803088803,2,3,"[0.006094800000937539, 0.00623980000091251, 0.008139899999150657]","[0.006586699999388657, 0.004113499999220949, 0.006251499999052612]"
14,n14_0387,M?AAD?WkAaGoJ?Ag?,3,3,0.011660900001515984,0.0076122000009490876,616,111,193,1.531869893074552,0.8198051948051948,2,3,"[0.011954300000070361, 0.011164300000018557, 0.011660900001515984]","[0.007112600000255043, 0.0076122000009490876, 0.009518599999864819]"
14,n14_0388,M?AAD?Wk@QHCP_D_?,3,3,0.011691100000462029,0.008663399999932153,637,128,238,1.3494817277920432,0.7990580847723705,2,3,"[0.012347500000032596, 0.011691100000462029, 0.011566799999854993]","[0.009859100000539911, 0.007942700000057812, 0.008663399999932153]"
14,n14_0389,M?AAD?Wk?qL?P_@g?,3,3,0.010249399998428999,0.004130999999688356,534,18,30,2.481094165868365,0.9662921348314607,2,3,"[0.009141099999396829, 0.010249399998428999, 0.01307730000007723]","[0.0064836000001378125, 0.004130999999688356, 0.003907100001015351]"
14,n14_0390,M?AAD?WU?sKCHO`_?,3,3,0.007834699999875738,0.004479100000025937,304,49,62,1.7491683596772498,0.8388157894736842,2,3,"[0.00916999999935797, 0.006277300000874675, 0.007834699999875738]","[0.005480699999679928, 0.004479100000025937, 0.0037188000005698996]"
14,n14_0391,M?AAD?WpBCE_EOAg?,3,3,0.012398199998642667,0.006275399999140063,650,18,67,1.9756828250536427,0.9723076923076923,2,3,"[0.011200700000699726, 0.012398199998642667, 0.013334900000700145]","[0.0071159000017360086, 0.006275399999140063, 0.006210300000020652]"
14,n14_0392,M?AAD?WpBCEGF?Ag?,4,4,0.01231999999981781,0.008908100000553532,632,122,276,1.3830109674400006,0.8069620253164557,7,3,"[0.01231999999981781, 0.01150710000001709, 0.012833599999794387]","[0.008909700000003795, 0.008860500000082538, 0.008908100000553532]"
14,n14_0393,M?AAD?WpAaB_I_Gg?,3,3,0.009315999999671476,0.003881300001012278,441,30,43,2.400226727447448,0.9319727891156463,2,3,"[0.009872599999653175, 0.009315999999671476, 0.008994100000563776]","[0.004829999999856227, 0.003881300001012278, 0.0037699000004067784]"
14,n14_0394,M?AAD?WpAaCoM?Ag?,4,4,0.011159799998495146,0.011769000000640517,701,164,337,0.9482368933543873,0.7660485021398002,7,3,"[0.011545199999090983, 0.011159799998495146, 0.010748700000476674]","[0.012065400000210502, 0.010040200000730692, 0.011769000000640517]"
14,n14_0395,M?AAD?WhBGIOEOAg?,3,3,0.0053230999983497895,0.0033827999995992286,233,1,6,1.5735781006800387,0.9957081545064378,2,3,"[0.005632800000967109, 0.004936699999234406, 0.0053230999983497895]","[0.005569999999352149, 0.0033827999995992286, 0.00312359999952605]"
14,n14_0396,M?AAD?WhBGGWE_EG?,3,3,0.004840999999942142,0.004232100000081118,176,1,5,1.1438765624274834,0.9943181818181818,2,3,"[0.004883499999777996, 0.0037496999993891222, 0.004840999999942142]","[0.005735900000217953, 0.002894300001571537, 0.004232100000081118]"
14,n14_0397,M?AAD?WhBGAWU?Ag?,3,3,0.011558199999853969,0.0036206999993737554,583,10,23,3.1922556416861663,0.9828473413379074,2,3,"[0.011558199999853969, 0.010238499999104533, 0.013894700001401361]","[0.003410999999687192, 0.003815000000031432, 0.0036206999993737554]"
14,n14_0398,M?AAD?Wh@gJ?AoOg?,3,3,0.011175899999216199,0.005577299998549279,506,27,67,2.003819052610256,0.9466403162055336,2,3,"[0.011598099999901024, 0.011175899999216199, 0.010104899998623296]","[0.006116699998528929, 0.004904999999780557, 0.005577299998549279]"
14,n14_0399,M?AAD?Wh@gIOQOAg?,4,4,0.011005700000168872,0.008763799998632749,647,100,243,1.2558136883413458,0.8454404945904173,7,3,"[0.011512500001117587, 0.011005700000168872, 0.010942500000965083]","[0.009366900001623435, 0.008763799998632749, 0.008416299999225885]"
14,n14_0400,M?AAD?WhBAI_E_Ag?,3,3,0.008527199999662116,0.003931499999453081,376,16,28,2.1689431516846884,0.9574468085106383,2,3,"[0.008835200000248733, 0.008527199999662116, 0.00784850000127335]","[0.005132799999046256, 0.003316100001029554, 0.003931499999453081]"
14,n14_0401,M?AAD?WhBAIOE_BG?,3,3,0.007608699999764212,0.006792600001062965,344,90,179,1.1201454521940843,0.7383720930232558,2,3,"[0.010833399999683024, 0.006125199999587494, 0.007608699999764212]","[0.009631299999455223, 0.006309099999270984, 0.006792600001062965]"
14,n14_0402,M?AAD?WhBAGoE_EG?,3,3,0.005256000000372296,0.0029596000003948575,191,1,6,1.775915664167814,0.9947643979057592,2,3,"[0.005413600001702434, 0.005086699999083066, 0.005256000000372296]","[0.0031607000000803964, 0.0029596000003948575, 0.0029197000003478024]"
14,n14_0403,M?AAD?Wh@aI_Q_Ag?,3,3,0.008007399999769405,0.004177499999059364,442,35,61,1.916792340292617,0.920814479638009,2,3,"[0.00781269999970391, 0.008239000000685337, 0.008007399999769405]","[0.005714099999750033, 0.004177499999059364, 0.0036729000003106194]"
14,n14_0404,M?AAD?Wh@aB_Q_Og?,3,3,0.005223099999057013,0.004182499998933054,202,16,36,1.2487985655443907,0.9207920792079208,2,3,"[0.004478600001675659, 0.005223099999057013, 0.005480600000737468]","[0.004182499998933054, 0.004571700001179124, 0.0039602000015293015]"
14,n14_0405,M?AAD?Wh@aICB_Q_?,3,3,0.007134600000426872,0.007663800000955234,396,78,165,0.9309480935746756,0.803030303030303,2,3,"[0.00826020000022254, 0.007134600000426872, 0.0069483999996009516]","[0.007663800000955234, 0.007308000000193715, 0.009579900000971975]"
14,n14_0406,M?AAD?Wh@aHCB_S_?,4,4,0.010523999999350053,0.010297999999238527,644,131,272,1.0219460089462262,0.796583850931677,7,3,"[0.010523999999350053, 0.010867400000279304, 0.010365900001488626]","[0.010469900000316557, 0.008866899999702582, 0.010297999999238527]"
14,n14_0407,M?AAD?WobGEGF?Ag?,4,4,0.01134730000012496,0.009747099999003694,665,151,307,1.164171907673547,0.7729323308270677,7,3,"[0.011193800000910414, 0.01134730000012496, 0.01136670000050799]","[0.009355899999718531, 0.009747099999003694, 0.011440300000685966]"
14,n14_0408,M?AAD?WobAE_E_BG?,4,4,0.0133482000001095,0.008754499998758547,668,119,246,1.524724427666043,0.8218562874251497,7,3,"[0.014596099999835133, 0.0133482000001095, 0.01147829999899841]","[0.006668300000455929, 0.009253000000171596, 0.008754499998758547]"
14,n14_0409,M?AAD?WoaaE_I_BG?,4,4,0.01356859999941662,0.01102549999995972,721,212,386,1.230656206019336,0.7059639389736477,7,3,"[0.012135299999499694, 0.01356859999941662, 0.014022800000020652]","[0.01000949999979639, 0.01102549999995972, 0.011966999998549]"
14,n14_0410,M?AAD?WWbGAge?Ag?,3,3,0.011791999999331892,0.005859700000655721,599,48,97,2.0123897124447203,0.9198664440734557,2,3,"[0.011791999999331892, 0.012575700000525103, 0.0110447999995813]","[0.005011999999624095, 0.005859700000655721, 0.007328899999265559]"
14,n14_0411,M?AAD?WWaKQGJ?EG?,4,4,0.011694400000124006,0.008507399999871268,667,126,261,1.3746150410584859,0.8110944527736131,7,3,"[0.011915499999304302, 0.011694400000124006, 0.011333200000080978]","[0.0070352999991882825, 0.009783400000742404, 0.008507399999871268]"
14,n14_0412,M?AAD?WoR_CoF?Ag?,3,3,0.011888099999850965,0.009073999999600346,607,91,193,1.3101278378195462,0.8500823723228995,2,3,"[0.015020400000139489, 0.011888099999850965, 0.011456700000053388]","[0.0070548000003327616, 0.010146000000531785, 0.009073999999600346]"
14,n14_0413,M?AAD?WoR_AoJ?Ag?,4,4,0.013246900000012829,0.014465200001723133,725,198,374,0.9157771754579835,0.7268965517241379,7,3,"[0.013246900000012829, 0.016269800000372925, 0.010652200000549783]","[0.014441600000282051, 0.014465200001723133, 0.015444499998920946]"
14,n14_0414,M?AAD?WoRCE_E_BG?,3,3,0.012273300000742893,0.005092400000648922,646,7,28,2.410120964413422,0.9891640866873065,2,3,"[0.012273300000742893, 0.01387830000021495, 0.011939699999857112]","[0.007468400001016562, 0.004868100000749109, 0.005092400000648922]"
14,n14_0415,M?AAD?WoQcE_J?Ag?,4,4,0.012130400000387453,0.010185299999648123,666,92,247,1.1909713018572383,0.8618618618618619,7,3,"[0.012748500001180219, 0.012130400000387453, 0.00972619999993185]","[0.012925600000016857, 0.008497999999235617, 0.010185299999648123]"
14,n14_0416,M?AAD?WoP`B_I_P_?,3,3,0.014732600000570528,0.006891099999847938,664,50,103,2.1379170235369713,0.9246987951807228,2,3,"[0.017670100000032107, 0.014732600000570528, 0.012320400001044618]","[0.006891099999847938, 0.006595700000616489, 0.011908899999980349]"
14,n14_0417,M?AAD?WcR_GoB_IG?,4,4,0.012527599999884842,0.009506500000497908,674,158,303,1.3177930888580132,0.7655786350148368,7,3,"[0.013629400000354508, 0.012226100001498708, 0.012527599999884842]","[0.009506500000497908, 0.009301199999754317, 0.01201279999986582]"
14,n14_0418,M?AAD?WcR_CoB_QG?,3,3,0.011954100000366452,0.00714469999911671,654,45,67,1.6731423295371843,0.9311926605504587,2,3,"[0.015195199999652687, 0.011954100000366452, 0.010853100000531413]","[0.004654100001062034, 0.00714469999911671, 0.008304799999677925]"
14,n14_0419,M?AAD?WcPoH_H_Og?,3,3,0.009759700000358862,0.008632199998828582,494,60,115,1.130615602243146,0.8785425101214575,2,3,"[0.010307300000931718, 0.009759700000358862, 0.008101999999780674]","[0.008632199998828582, 0.00973119999980554, 0.006406000000424683]"
14,n14_0420,M?AAD?WcPoHCP_H_?,3,3,0.010542599999098456,0.007087699999829056,543,56,108,1.4874500895005047,0.8968692449355433,2,3,"[0.01071589999992284, 0.010542599999098456, 0.010012599999754457]","[0.006945299999642884, 0.008810599998469115, 0.007087699999829056]"
14,n14_0421,M?AAD?WcPgL?B_Og?,4,4,0.010210899999947287,0.011259299999437644,723,252,428,0.9068858632825557,0.6514522821576764,7,3,"[0.01064109999970242, 0.00997069999903033, 0.010210899999947287]","[0.011027399999875342, 0.011259299999437644, 0.012850799999796436]"
14,n14_0422,M?AAD?WcQcHOHGJ??,3,3,0.006174200001623831,0.004860299999563722,276,23,61,1.270333107457986,0.9166666666666666,2,3,"[0.005412099999375641, 0.00736490000053891, 0.006174200001623831]","[0.004860299999563722, 0.004054600000017672, 0.005137800000738935]"
14,n14_0423,M?AAD?WcR@IOB_J??,3,3,0.012064399999871966,0.009542799998598639,677,178,286,1.2642411034123764,0.7370753323485968,2,3,"[0.014990899999247631, 0.012064399999871966, 0.011498499998197076]","[0.012285400000109803, 0.008748400001422851, 0.009542799998598639]"
14,n14_0424,M?AAD?WcQPIOJ?H_?,4,4,0.010590699999738717,0.008387800000491552,671,133,282,1.2626314407971182,0.8017883755588674,7,3,"[0.010590699999738717, 0.011039299999538343, 0.0099874000006821]","[0.009075899999515968, 0.007636000000275089, 0.008387800000491552]"
14,n14_0425,M?AAD?WcPPL?P_D_?,4,4,0.011894700000993907,0.010515500000110478,646,189,342,1.1311587657143207,0.7074303405572755,7,3,"[0.011894700000993907, 0.012345699999059434, 0.011310300000332063]","[0.010515500000110478, 0.010115500001120381, 0.010685499999453896]"
14,n14_0426,M?AAD?WcQDJ?J?H_?,3,3,0.009240499999577878,0.0036119999986112816,534,13,26,2.5582779632144534,0.9756554307116105,2,3,"[0.010274600001139333, 0.009240499999577878, 0.009192299999995157]","[0.0034176999997725943, 0.0036119999986112816, 0.004067899999427027]"
14,n14_0427,M?AAD?WSJ_DOB_`O?,3,3,0.00564210000084131,0.007999000001291279,206,158,277,0.7053506688249164,0.23300970873786409,2,3,"[0.005242699999143952, 0.00564210000084131, 0.00584319999870786]","[0.007953799999086186, 0.007999000001291279, 0.00893770000038785]"
14,n14_0428,M?AAD?WSJ_DOBO`_?,3,3,0.00967290000153298,0.006154900000183261,527,54,101,1.5715771176209152,0.8975332068311196,2,3,"[0.009649199999330449, 0.01010139999925741, 0.00967290000153298]","[0.007150999999794294, 0.006154900000183261, 0.00573890000123356]"
14,n14_0429,M?AAD?WSJ_DO@ob??,3,3,0.009918899999320274,0.008176699999239645,527,98,203,1.2130688419830296,0.8140417457305503,2,3,"[0.009918899999320274, 0.010326600000553299, 0.009120000000621076]","[0.008176699999239645, 0.0073729000014282065, 0.008921500000724336]"
14,n14_0430,M?AAD?WKHWI_Aoo_?,3,3,0.008897699999579345,0.0038597999991907272,428,19,27,2.3052230689271203,0.955607476635514,2,3,"[0.010417299999971874, 0.007876499999838416, 0.008897699999579345]","[0.004478799999560579, 0.0036854999998467974, 0.0038597999991907272]"
14,n14_0431,M?AAD?WEHoGgH_o_?,3,3,0.0076134999999339925,0.0031897999997454463,306,1,4,2.3868267604682325,0.9967320261437909,2,3,"[0.010266900000715395, 0.0076134999999339925, 0.006911799999215873]","[0.00366070000018226, 0.0030262000000220723, 0.0031897999997454463]"
14,n14_0432,M?AAD?WEHoGWX?`_?,3,3,0.0060427999997045845,0.007669499998883111,273,45,102,0.787900123943488,0.8351648351648352,2,3,"[0.0060427999997045845, 0.006516299999930197, 0.006021099999998114]","[0.007688000001508044, 0.005952600000455277, 0.007669499998883111]"
14,n14_0433,M?AAD?WEIcKOHOb??,3,3,0.00444950000019162,0.004607100001521758,177,77,123,0.9657919295699937,0.5649717514124294,2,3,"[0.004620800000338932, 0.004148399999394314, 0.00444950000019162]","[0.006971799999519135, 0.004440900000190595, 0.004607100001521758]"
14,n14_0434,M?AAD?WHHoI_Aoo_?,3,3,0.007228800001030322,0.004049899998790352,366,17,22,1.784932962095228,0.953551912568306,2,3,"[0.007228800001030322, 0.007415199999741162, 0.00667050000083691]","[0.004049899998790352, 0.004627300000720425, 0.003864399999656598]"
14,n14_0435,M?AAD?cp@EJ?EGE_?,4,4,0.010521000000153435,0.010962100001052022,655,223,381,0.9597613595153981,0.6595419847328244,7,3,"[0.010303400000339025, 0.011073400000896072, 0.010521000000153435]","[0.01118300000052841, 0.009103899999900023, 0.010962100001052022]"
14,n14_0436,M?AA@_gwCQB_CgP_?,3,3,0.008322499999849242,0.0042400999991514254,422,3,6,1.9628074813129008,0.9928909952606635,2,3,"[0.01264420000006794, 0.008036299999730545, 0.008322499999849242]","[0.003708800000822521, 0.0042400999991514254, 0.005444399999760208]"
14,n14_0437,M?AA@_gwCQ@oT?Cg?,3,3,0.00529639999876963,0.0043697000000975095,249,24,29,1.21207405511853,0.9036144578313253,2,3,"[0.008721000000150525, 0.00529639999876963, 0.004514500000368571]","[0.0043697000000975095, 0.003417500000068685, 0.005170800000996678]"
14,n14_0438,M?AA@_gwCQAcE_P_?,3,3,0.011951399999816203,0.005629400000543683,642,68,97,2.123032649778297,0.8940809968847352,2,3,"[0.014685399999507354, 0.011951399999816203, 0.011116300000139745]","[0.005157399999006884, 0.005629400000543683, 0.005665900000167312]"
14,n14_0439,M?AA@_gkEAASR?B_?,3,3,0.005084200000055716,0.0033310999988316325,187,22,29,1.5262826099003257,0.8823529411764706,2,3,"[0.005501499999809312, 0.004439099999217433, 0.005084200000055716]","[0.0035641000013129087, 0.0033310999988316325, 0.0033024999993358506]"
14,n14_0440,M?AA@_gkCQJ?P_@g?,3,3,0.008174299999154755,0.004542700000456534,453,49,70,1.79943645812694,0.891832229580574,2,3,"[0.009054300000570947, 0.007858199998736382, 0.008174299999154755]","[0.004542700000456534, 0.0045886999996582745, 0.004023199999210192]"
14,n14_0441,M?AA@_gkCQICP_B_?,3,3,0.008718000000953907,0.005105800000819727,412,55,75,1.7074699360637409,0.866504854368932,2,3,"[0.007232399999338668, 0.008718000000953907, 0.00907790000019304]","[0.005105800000819727, 0.005050300000220886, 0.005270800000289455]"
14,n14_0442,M?AA@_gk?qWCB_P_?,3,3,0.012077600000338862,0.006753699999535456,638,65,107,1.7882938242992141,0.8981191222570533,2,3,"[0.012077600000338862, 0.01427980000153184, 0.01130630000079691]","[0.00622280000061437, 0.00863260000005539, 0.006753699999535456]"
14,n14_0443,M?AA@_gk?qGcB_o_?,3,3,0.011056499999540392,0.010130600001502899,498,98,194,1.0913963632855048,0.8032128514056225,2,3,"[0.009713699999338132, 0.012150900000051479, 0.011056499999540392]","[0.010688100001061684, 0.008568400000513066, 0.010130600001502899]"
14,n14_0444,M?AA@_gkE@AoR?Ao?,3,3,0.007331299999350449,0.004293399999369285,316,26,32,1.7075744166458848,0.9177215189873418,2,3,"[0.006033999999999651, 0.007331299999350449, 0.00882869999986724]","[0.004293399999369285, 0.005151700001079007, 0.003581199998734519]"
14,n14_0445,M?AA@_gMCaH_@go_?,4,4,0.013571199999205419,0.009967400001187343,675,217,383,1.361558681059131,0.6785185185185185,7,3,"[0.013571199999205419, 0.014406100000996958, 0.011719500000253902]","[0.009967400001187343, 0.009925599999405676, 0.010221399999863934]"
14,n14_0446,M?AA@_gpCKIOEOIG?,3,3,0.006389299998772913,0.004778799999257899,196,36,78,1.3370092909862537,0.8163265306122449,2,3,"[0.006792799998947885, 0.003942899998946814, 0.006389299998772913]","[0.004871499999353546, 0.0037728000006609363, 0.004778799999257899]"
14,n14_0447,M?AA@_ghE_BGAgP_?,4,4,0.011570799999390147,0.009180000000924338,658,73,219,1.260435729654148,0.8890577507598785,7,3,"[0.011570799999390147, 0.012153499999840278, 0.010199500000453554]","[0.008267100000011851, 0.013129299999491195, 0.009180000000924338]"
14,n14_0448,M?AA@_ghCoIGAgP_?,4,4,0.011365700000169454,0.009878400000161491,656,117,278,1.1505608195642663,0.8216463414634146,7,3,"[0.011365700000169454, 0.012122800000724965, 0.00931490000039048]","[0.009312000000136322, 0.009878400000161491, 0.010397799998827395]"
14,n14_0449,M?AA@_ghCoHGCgP_?,3,3,0.011439099998824531,0.007278999999471125,617,54,165,1.5715208132512253,0.9124797406807131,2,3,"[0.012760699999489589, 0.011439099998824531, 0.010257799998726114]","[0.007278999999471125, 0.00775670000075479, 0.0071298999991995515]"
14,n14_0450,M?AA@_ghEAIOB_EG?,4,4,0.013211400000727735,0.00888430000122753,688,153,303,1.4870501895368613,0.7776162790697675,7,3,"[0.013211400000727735, 0.013234800000645919, 0.010342100000343635]","[0.00888430000122753, 0.009115000000747386, 0.008623699999589007]"
14,n14_0451,M?AA@_gdCWIGAgW_?,4,4,0.011175199999343022,0.006980400001339149,646,84,195,1.6009397738237243,0.8699690402476781,7,3,"[0.01631660000020929, 0.011175199999343022, 0.010762900001282105]","[0.006980400001339149, 0.009892799998851842, 0.006180399999720976]"
14,n14_0452,M?AA@_ggUOB_CgP_?,3,3,0.009810300000026473,0.0097167999992962,549,152,277,1.0096225095439904,0.7231329690346083,2,3,"[0.009724800000185496, 0.011201799999980722, 0.009810300000026473]","[0.0097167999992962, 0.013570099999924423, 0.008567900000343798]"
14,n14_0453,M?AA@_ggSoICP_B_?,3,3,0.010594499999569962,0.0090053000003536,528,159,284,1.1764738541918605,0.6988636363636364,2,3,"[0.008678399999553221, 0.011312300001009135, 0.010594499999569962]","[0.008820900000500842, 0.0090053000003536, 0.00926660000004631]"
14,n14_0454,M?AA@_ggUGAoQ_EG?,4,4,0.011450999998487532,0.007656800000404473,657,69,216,1.4955333818152008,0.8949771689497716,7,3,"[0.011291000000710483, 0.011508600000524893, 0.011450999998487532]","[0.007656800000404473, 0.007528800000727642, 0.008054199999605771]"
14,n14_0455,M?AA@_ggSWJ?CgP_?,3,3,0.012241299999004696,0.005689699999493314,668,19,80,2.1514842610497604,0.9715568862275449,2,3,"[0.01195920000100159, 0.013197100000979844, 0.012241299999004696]","[0.0066234999994776445, 0.005689699999493314, 0.00553580000087095]"
14,n14_0456,M?AA@_ggUCI_B_EG?,3,3,0.012924699998620781,0.005564600000070641,687,40,84,2.322664701588022,0.9417758369723436,2,3,"[0.012924699998620781, 0.015783099999680417, 0.012020199999824399]","[0.005366600000343169, 0.005651600000419421, 0.005564600000070641]"
14,n14_0457,M?AA@_ggU@J?B_D_?,3,3,0.009313600001405575,0.0036252000008971663,451,13,17,2.569127220319056,0.9711751662971175,2,3,"[0.009313600001405575, 0.010921299999608891, 0.008875899999111425]","[0.0036252000008971663, 0.0036073999999644, 0.00380340000083379]"
14,n14_0458,M?AA@_ggU@B_E_P_?,3,3,0.010783300000184681,0.0065015999989554984,551,81,149,1.6585609699023396,0.852994555353902,2,3,"[0.010475299999598064, 0.013133599999491707, 0.010783300000184681]","[0.006279799999902025, 0.0065015999989554984, 0.0069398000014189165]"
14,n14_0459,M?AA@_ggU@IOF?B_?,3,3,0.010709700000006706,0.007088100001055864,546,85,148,1.5109408725062228,0.8443223443223443,2,3,"[0.009202999999615713, 0.010709700000006706, 0.011329200000545825]","[0.007088100001055864, 0.007627899998624343, 0.006523899999592686]"
14,n14_0460,M?AA@_gcRGP_E_Og?,3,3,0.01553530000091996,0.006839600000603241,646,46,102,2.2713755189703746,0.9287925696594427,2,3,"[0.016068899998572306, 0.012550299999929848, 0.01553530000091996]","[0.006146400000943686, 0.007985600001120474, 0.006839600000603241]"
14,n14_0461,M?AA@_gcRGP_AgS_?,4,4,0.012462299999242532,0.008057299999563838,657,98,226,1.5467091953777503,0.8508371385083714,7,3,"[0.010835799999767914, 0.014068700000279932, 0.012462299999242532]","[0.007007299998804228, 0.009755900000527618, 0.008057299999563838]"
14,n14_0462,M?AA@_gcQcGob?IG?,3,3,0.0050486000000091735,0.0028460000012273667,178,25,40,1.7739283196879525,0.8595505617977528,2,3,"[0.0038342000007105526, 0.005844699999215663, 0.0050486000000091735]","[0.002919699998528813, 0.0028350000011414522, 0.0028460000012273667]"
14,n14_0463,M?AA@_gaQWCoSGc_?,3,3,0.0059909999999945285,0.0031940000008034986,255,12,16,1.8757044453623677,0.9529411764705882,2,3,"[0.0059909999999945285, 0.0067359999993641395, 0.005347199999960139]","[0.0032845000005181646, 0.0030360999990080018, 0.0031940000008034986]"
14,n14_0464,M?AA@_gaRCH_c_DG?,3,3,0.009891399999105488,0.004321899999922607,449,33,48,2.2886693350800837,0.9265033407572383,2,3,"[0.007794700000886223, 0.009891399999105488, 0.010828000000401516]","[0.00400189999891154, 0.0063747000003786525, 0.004321899999922607]"
14,n14_0465,M?AA@_gaQ`B_`_W_?,3,3,0.01207559999966179,0.007126700000299024,615,61,174,1.6944167706168518,0.9008130081300812,2,3,"[0.01207559999966179, 0.013271199999508099, 0.010807299999214592]","[0.006715800000165473, 0.0075164999998378335, 0.007126700000299024]"
14,n14_0466,M?AA@_gIUOGcc_D_?,3,3,0.010895900000832626,0.004849499999181717,477,66,91,2.246808949927034,0.8616352201257862,2,3,"[0.008866199999829405, 0.013794799999232055, 0.010895900000832626]","[0.004849499999181717, 0.004866299999775947, 0.004842799999096314]"
14,n14_0467,M?AA@_gISoY?@gP_?,3,3,0.011176199999681558,0.005010199998650933,577,34,69,2.2306893941740666,0.9410745233968805,2,3,"[0.011176199999681558, 0.010236000000077183, 0.01263959999960207]","[0.004637699999875622, 0.006471499998951913, 0.005010199998650933]"
14,n14_0468,M?AA@_gISoWCD_P_?,3,3,0.0096079999984795,0.004863800000748597,515,30,54,1.9754101724990158,0.941747572815534,2,3,"[0.010183399999732501, 0.009306900001320173, 0.0096079999984795]","[0.005091699998956756, 0.004804500000318512, 0.004863800000748597]"
14,n14_0469,M?AA@_gISPY?D_P_?,3,3,0.009747300000526593,0.00486310000087542,447,50,81,2.004338795988558,0.8881431767337807,2,3,"[0.009747300000526593, 0.00863260000005539, 0.011026300000594347]","[0.004677799999626586, 0.00486310000087542, 0.005522499999642605]"
14,n14_0470,M?AA@_gISPQ_S_P_?,3,3,0.01056579999931273,0.003406399999221321,547,21,47,3.1017496482292146,0.9616087751371115,2,3,"[0.010162500000660657, 0.01056579999931273, 0.011091100001067389]","[0.003406399999221321, 0.0033440999995946186, 0.004380499998660525]"
14,n14_0471,M?AA@_gIOpY?`_P_?,3,3,0.007453799998984323,0.002901600000768667,449,17,32,2.568858559763484,0.9621380846325167,2,3,"[0.007453799998984323, 0.006908899998961715, 0.00792370000090159]","[0.002901600000768667, 0.0028831999989051837, 0.003116400001090369]"
14,n14_0472,M?AA@_gETOIOP_`G?,3,3,0.005785600000308477,0.0029871999995521037,285,5,8,1.9367970009292854,0.9824561403508771,2,3,"[0.007211799998913193, 0.0057173000004695496, 0.005785600000308477]","[0.002755000001343433, 0.0037609999999403954, 0.0029871999995521037]"
14,n14_0473,M?AA@_gETOGSP_d??,3,3,0.005067600000984385,0.0033701000011205906,229,5,8,1.5036942521881722,0.9781659388646288,2,3,"[0.0056419999982608715, 0.004672600000048988, 0.005067600000984385]","[0.003289599999334314, 0.0045107999994797865, 0.0033701000011205906]"
14,n14_0474,M?AA@_g`V?B_E_Og?,3,3,0.011029399998733425,0.006551400001626462,631,62,136,1.683518026070038,0.901743264659271,2,3,"[0.01137419999940903, 0.011029399998733425, 0.010213100000328268]","[0.00606800000059593, 0.006721899999320158, 0.006551400001626462]"
14,n14_0475,M?AA@_g`V?IOB_EG?,4,4,0.012421299999914481,0.009240900000804686,691,155,315,1.3441656114483276,0.7756874095513748,7,3,"[0.011899499999344698, 0.012676099999225698, 0.012421299999914481]","[0.009240900000804686, 0.009634899999582558, 0.008369399998628069]"
14,n14_0476,M?AA@_g`V?BCD_Q_?,4,4,0.012880500000392203,0.009231999998519314,689,130,302,1.3952014734031692,0.8113207547169812,7,3,"[0.012211900000693277, 0.012880500000392203, 0.015369299999292707]","[0.009336000000985223, 0.009231999998519314, 0.008368299999347073]"
14,n14_0477,M?AA@_g`TOBCS_P_?,3,3,0.004851499999858788,0.006518799998957547,226,73,173,0.7442320673489929,0.6769911504424779,2,3,"[0.004851499999858788, 0.00452210000003106, 0.006902099999933853]","[0.005956199998763623, 0.007703199999014032, 0.006518799998957547]"
14,n14_0478,M?AA@_g`TOGcS_E_?,3,3,0.013523599998734426,0.007794600000124774,568,118,203,1.7349960226975012,0.7922535211267606,2,3,"[0.009955300000001444, 0.015865100000155508, 0.013523599998734426]","[0.007794600000124774, 0.007363000000623288, 0.007826400000340072]"
14,n14_0479,M?AACH_h@oBGE_Og?,3,3,0.00567600000067614,0.005833900000652648,178,85,157,0.9729340578414366,0.5224719101123596,2,3,"[0.00567600000067614, 0.003955700000005891, 0.006269699999393197]","[0.005833900000652648, 0.006058599999960279, 0.00564219999978377]"
14,n14_0480,M?AACGopBODOEOCg?,3,3,0.005084099999294267,0.006090299999414128,219,60,126,0.8347864636854252,0.726027397260274,2,3,"[0.005084099999294267, 0.004528900000877911, 0.005511299999852781]","[0.006090299999414128, 0.006913299999723677, 0.005962500001260196]"
14,n14_0481,M?AACGopAQDOE_KG?,3,3,0.005967400000372436,0.003284100001110346,277,5,13,1.8170579453594204,0.9819494584837545,2,3,"[0.006164399999761372, 0.005492500000400469, 0.005967400000372436]","[0.002828599999702419, 0.0034130999993067235, 0.003284100001110346]"
14,n14_0482,M?AACGop?UHOM?KG?,3,3,0.0040239000009023584,0.005568100001255516,177,41,91,0.7226702106634282,0.768361581920904,2,3,"[0.00440829999934067, 0.0040239000009023584, 0.0036713999998028157]","[0.005590700000539073, 0.005568100001255516, 0.0054091000001790235]"
14,n14_0483,M?AACGohBOIGE_Ag?,3,3,0.006085999999413616,0.003931499999453081,205,1,4,1.548009665588262,0.9951219512195122,2,3,"[0.006767599999875529, 0.004290699998819036, 0.006085999999413616]","[0.0032864999993762467, 0.003931499999453081, 0.004048000000693719]"
14,n14_0484,M?AACGohBO@WS_EG?,3,3,0.0049629999994067475,0.0050449000009393785,228,20,58,0.9837657829654937,0.9122807017543859,2,3,"[0.0049629999994067475, 0.004762700000355835, 0.0054437999988294905]","[0.0050449000009393785, 0.005884399999558809, 0.0041144000006170245]"
14,n14_0485,M?AACGoh@oICQ_Ao?,3,3,0.004801999999472173,0.006961600000067847,201,108,197,0.6897839576283288,0.4626865671641791,2,3,"[0.005197500000576838, 0.004447399998753099, 0.004801999999472173]","[0.007127900000341469, 0.006961600000067847, 0.0064954000008583535]"
14,n14_0486,M?AACGohBAJ?AgE_?,3,3,0.004718599999250728,0.003365799999301089,190,10,14,1.4019252481521625,0.9473684210526315,2,3,"[0.005026299999371986, 0.004718599999250728, 0.004303599998820573]","[0.0034821999997802777, 0.003365799999301089, 0.003099100000326871]"
14,n14_0487,M?AACGohBAHOEGE_?,4,4,0.011145200000100886,0.009292099999584025,633,171,342,1.1994274707116601,0.7298578199052133,7,3,"[0.012138099998992402, 0.010544700000536977, 0.011145200000100886]","[0.01097230000050331, 0.007889099999374594, 0.009292099999584025]"
14,n14_0488,M?AACGoh?qHCE_W_?,3,3,0.0060326000002532965,0.004170500000327593,202,14,37,1.44649322617898,0.9306930693069307,2,3,"[0.006736799999998766, 0.004580500000884058, 0.0060326000002532965]","[0.004170500000327593, 0.004944400001477334, 0.003841699999611592]"
14,n14_0489,M?AACGoh?pM?Q_Ao?,3,3,0.004842800000915304,0.007939799999803654,193,115,197,0.6099397971025798,0.40414507772020725,2,3,"[0.004842800000915304, 0.004275499999494059, 0.004996700001356658]","[0.008745499999349704, 0.007939799999803654, 0.006233699999938835]"
14,n14_0490,M?AACGoh?pF?Q_Oo?,3,3,0.004875600001469138,0.006253200001083314,181,105,183,0.7796967953407026,0.4198895027624309,2,3,"[0.004875600001469138, 0.004170100000919774, 0.006262099999730708]","[0.007511300000260235, 0.006253200001083314, 0.006203999999343068]"
14,n14_0491,M?AACGoh?pIGQ_I_?,4,4,0.011579300000448711,0.008344300000317162,656,172,341,1.387689800223936,0.7378048780487805,7,3,"[0.015025799999420997, 0.011579300000448711, 0.01114420000158134]","[0.008344300000317162, 0.008624800000688992, 0.00810299999830022]"
14,n14_0492,M?AACGobBAHOM?Cg?,4,4,0.010888899998462875,0.008781900000030873,656,162,313,1.2399253007236013,0.7530487804878049,7,3,"[0.010430700000142679, 0.011513699999341043, 0.010888899998462875]","[0.009034599999722559, 0.008781900000030873, 0.008157199999914155]"
14,n14_0493,M?AACGobBADOU?Cg?,3,3,0.011821300000519841,0.004216099998302525,675,34,58,2.8038471585776668,0.9496296296296296,2,3,"[0.011821300000519841, 0.011621100000411388, 0.012028400000417605]","[0.005814100000861799, 0.0040467999988322845, 0.004216099998302525]"
14,n14_0494,M?AACGob@aL?E_Og?,3,3,0.009584699999322766,0.005706900001314352,550,30,88,1.679493244513715,0.9454545454545454,2,3,"[0.009568200001012883, 0.009584699999322766, 0.00981320000028063]","[0.00554060000104073, 0.005706900001314352, 0.006068599999707658]"
14,n14_0495,M?AACGobAQKOM?Cg?,3,3,0.012246300000697374,0.004887600000074599,651,16,54,2.505585563571172,0.9754224270353302,2,3,"[0.011769499998990796, 0.012246300000697374, 0.013458999999784282]","[0.007825499998943997, 0.004887600000074599, 0.004141600000366452]"
14,n14_0496,M?AACGobAQHOK_KG?,3,3,0.00425589999940712,0.0044137000004411675,175,15,37,0.9642476831188629,0.9142857142857143,2,3,"[0.00584060000073805, 0.004003600000942242, 0.00425589999940712]","[0.0044137000004411675, 0.005083500000182539, 0.0038688000004185596]"
14,n14_0497,M?AACGobAQDO[?Cg?,3,3,0.013696199999685632,0.004203500000585336,649,35,60,3.2582847621692492,0.9460708782742681,2,3,"[0.014091399998505949, 0.012180299998362898, 0.013696199999685632]","[0.006129399998826557, 0.004043799999635667, 0.004203500000585336]"
14,n14_0498,M?AACGob@QM?E_Og?,3,3,0.010615900000630063,0.003466100000878214,619,1,5,3.062779492207463,0.9983844911147012,2,3,"[0.021515999998882762, 0.010615900000630063, 0.010409900000013295]","[0.003466100000878214, 0.003047300000616815, 0.0042310999997425824]"
14,n14_0499,M?AACGob@QKOU?Cg?,4,4,0.011719600001015351,0.009411099999852013,677,125,290,1.2452954491185557,0.8153618906942393,7,3,"[0.011719600001015351, 0.010845900000276743, 0.011930099999517552]","[0.009411099999852013, 0.012142199999289005, 0.007503900000301655]"
14,n14_0500,M?AACGob@`F?Q_Oo?,3,3,0.004323400000430411,0.005615199999738252,180,65,118,0.7699458613463355,0.6388888888888888,2,3,"[0.004333500000939239, 0.004323400000430411, 0.004218099998979596]","[0.006017699999574688, 0.005574799999521929, 0.005615199999738252]"
14,n14_0501,M?AACGob@`KGQ_E_?,3,3,0.004294800000934629,0.00765769999998156,180,154,273,0.5608472519091856,0.14444444444444443,2,3,"[0.005111299999043695, 0.004294800000934629, 0.004046500000185915]","[0.00765769999998156, 0.00822620000144525, 0.007081600000674371]"
14,n14_0502,M?`@?aGqB_Co?wDO?,4,4,0.011167599999680533,0.008951100000558654,676,164,335,1.2476231970353973,0.757396449704142,7,3,"[0.011281099999905564, 0.011167599999680533, 0.010662499998943531]","[0.008809099999780301, 0.009720599999127444, 0.008951100000558654]"
14,n14_0503,M?`@?aGqBGEO?wDO?,4,4,0.010172399999646586,0.006557700000485056,645,120,230,1.5512146025121858,0.813953488372093,7,3,"[0.010172399999646586, 0.009765300001163268, 0.011183100001289858]","[0.006109500000093249, 0.006906599999638274, 0.006557700000485056]"
14,n14_0504,M?`@?aGqBCCoDOCW?,4,4,0.012435799999366282,0.008986899998490117,655,113,262,1.3837697094054249,0.8274809160305343,7,3,"[0.013768999999228981, 0.010331699999369448, 0.012435799999366282]","[0.009940899999492103, 0.008986899998490117, 0.008551900000384194]"
14,n14_0505,M?`@?aGqB@CoDOCo?,3,3,0.006469899999501649,0.004742499999338179,282,16,53,1.3642382710394372,0.9432624113475178,2,3,"[0.01529819999996107, 0.006469899999501649, 0.005743000001530163]","[0.006019299999024952, 0.004410999999890919, 0.004742499999338179]"
14,n14_0506,M?`@?aGqAHE_GoCo?,3,3,0.0050486999989516335,0.00461159999940719,218,59,97,1.0947827217453014,0.7293577981651376,2,3,"[0.009292400000049383, 0.0050486999989516335, 0.004160100001172395]","[0.004414200000610435, 0.0061541999984910944, 0.00461159999940719]"
14,n14_0507,M?`@?aGq@HAoGoSO?,4,4,0.010597000000416301,0.008348800000021583,678,128,287,1.2692842085555895,0.8112094395280236,7,3,"[0.016392599998653168, 0.010597000000416301, 0.010579699999652803]","[0.008389000000533997, 0.00793110000086017, 0.008348800000021583]"
14,n14_0508,M?`@?aGq@DE_@oSO?,4,4,0.013366299999688636,0.007917699998870376,675,103,252,1.6881543884708459,0.8474074074074074,7,3,"[0.017320599999948172, 0.013366299999688636, 0.011014200001227437]","[0.00968740000098478, 0.007917699998870376, 0.007177500001489534]"
