canonical_graph6,genreg_index,geng_index,publication_index
Os????@?wFB?D_R?D_B?G,106,819,819
Os????@?wUC_D_EGH_B?G,1112,666,666
Os????@@WMB?EGI_GoB?G,1344,664,664
Os????@@gLB?D_QODGB?G,3295,1298,1298
Os????@AWJCOE_D_H_B?G,344,669,669
Os????A@WLB?D_QODGB?G,964,515,515
Os????A@WMB?EGIOGoB?G,3444,500,500
Os????B@OHb?E_IOGoB?G,1243,1070,1070
Os????B@oUC_CGE?h_B?G,1233,993,993
Os????BAGMCODOECH_B?G,1895,1242,1242
Os????D?oMB?D_IGHAB?G,3422,1504,1504
Os????D@_ScGCWE_H_B?G,1186,2697,2697
Os????DAgUA?CoH@H_B?G,3430,1615,1615
Os????F@oAB?IAD_G@bO?,3290,257,257
Os????H@W[CGC_C_h_B?G,765,2220,2220
Os????H@_KcGCWE_H_B?G,357,2358,2358
Os???C@?W@`PB_R?E_B_?,138,99,99
Os???CAAOHcOCWF?H_B?G,1846,1136,1136
Os???CB?oGH@IADGAaBO?,256,804,804
Os???CC@gUA?CWI@H_B?G,2191,2375,2375
Os???CCAg[A?CWGPH_B?G,3433,1418,1418
Os???CD@ODB?D_ICH@B?G,3440,1420,1420
Os???CE@OSa?EGGPH_B?G,3448,1473,1473
Os???CH@OLA?E_GDH_B?G,3436,1471,1471
Os???GA?WBBAEAP_CoBO?,3969,22,22
Os???GAAAWGWCcGSAc@P?,4058,1520,1520
Os???GB@ODB?D_ICH@B?G,2224,2461,2461
Os???GC?wFB?D_Q?D?J?G,1904,2604,2604
Os???GD?oDb?D_Q?D?J?G,979,3882,3882
Os???KA@GBb?D?I?hOB?G,959,3816,3816
Os???KD?_GD@ECCIGQBO?,1772,776,776
Os???KD?_GD@ECOIAQBO?,1787,645,645
Os???KE??BD@QCDCAQBO?,3339,16,16
Os???KE@_B@?CDCBL?BO?,3277,204,204
Os???KFA?K@?CBGDJ?B?_,89,713,713
Os???KFA?K@?CDGBJ?B?_,107,818,818
Os???KIB?@_WC@GAi_BO?,2945,523,523
Os???KIB@WGEOoC?A?H?B,231,2058,2058
Os???KKA_B@_G@CEIOB?C,1373,1614,1614
Os???KKB?E?EG@CAiOBO?,2758,946,946
Os???KM?OW?ACBGDJ?BC?,3139,1580,1580
Os???OB?oHd?D?D_H?R?G,1153,1176,1176
Os???SEB?@_WC@GAi_BO?,2974,755,755
Os???SEB@WGQOWC?A?H?B,232,1859,1859
Os???SEBAWAGCGGCCOI?K,3113,568,568
Os???SEBAWCAG_COACI?K,2769,1460,1460
Os???SH@GGc@C_C_h_B?G,505,4008,4008
Os???SI@?GcACaCWH_B?G,1479,1390,1390
Os???SJ@?K@AC@CEK_B?C,558,2254,2254
Os???SM?OK@AC@CEK_B?C,3317,852,852
Os???SM@?E@_C@GEIAB?C,1298,1048,1048
Os???SM@?E@_G@CEIAB?C,1289,1247,1247
Os???WH?gK@_C@GEIOB?C,1395,1635,1635
Os???WH?gK@_G@CEIOB?C,1374,1636,1636
Os???WL?_W?ACBGDIOBC?,69,711,711
Os???[AAGH@_C@GEIOB?C,3450,1297,1297
Os???[AAGH@_G@CEIOB?C,1371,1322,1322
Os???[EAGK@?GBC@GAJ_?,3304,220,220
Os???[I?GG`_C@GEIOB?C,2939,1631,1631
Os???[I?GG`_G@CEIOB?C,1370,1049,1049
Os???[I?_W?ACBCDKCBG?,1795,200,200
Os???[K?_@`_C@CEKOB?C,2989,947,947
Os???[M??C`_C@GEIAB?C,2936,374,374
Os???[M??C`_G@CEIAB?C,1363,616,616
Os???[M?_W??GBCDI?b?_,3286,9,9
Os???[M?_W?AC@GEI?b?C,3276,613,613
Os??G?@?WMB?D_QGDAB?G,548,3808,3808
Os??G?@@GDb?D_QODGB?G,1048,3759,3759
Os??G?B?OGd@ECPGAWBO?,3549,199,199
Os??G?B?oI@_CBGKJ?BO?,3312,900,900
Os??GC@?GGd@ECD_GKBO?,2872,1926,1926
Os??GCBAGQ@?GBCDK_Ag?,2705,120,120
Os??GCD?GED@QCD?AAJO?,1726,661,661
Os??GCE?O@B@ECHAGIBO?,1789,536,536
Os??GGA@ODD@QCCOACJO?,2861,2067,2067
Os??GGB?GGH@IACcAIBO?,3412,13,13
Os??GGB?WS@_G@CEJ?B?C,1142,1212,1212
Os??GGB?wGH?I@CAA@JO?,1,2323,2323
Os??GGBB?S@?CBGDGKB_?,1753,932,932
Os??GGD?oO?PCBCKL?BO?,906,1036,1036
Os??GGD?oO?PCDCIL?BO?,1283,1683,1683
Os??GGD?oO?PCHCEL?BO?,1109,1686,1686
Os??GGGA?aaSGKH_GGAO@,3032,1112,1112
Os??GGGA?aaSGKP_CGAO@,3093,964,964
Os??GGGA?acICgHGGOAO@,3084,1038,1038
Os??GGGA?acIGgPGAOAO@,3996,480,480
Os??GGGA?acIGgP_ACAO@,3101,967,967
Os??GGGA?acIOgHGAOAO@,3858,153,153
Os??GGGA?acIOgH_ACAO@,2522,460,460
Os??GGGA?acKOKH_AOAO@,2481,582,582
Os??GGGA?acSGKDOGOAO@,1861,3233,3233
Os??GGGA?acSGKD_GGAO@,2612,315,315
Os??GGGA?acSGKPOAOAO@,3055,960,960
Os??GGGA?acSGKP_AGAO@,3180,944,944
Os??GGGA?agSGKD_CGAO@,2579,432,432
Os??GGGA?agSGKHOAOAO@,3041,564,564
Os??GGGA?agSGKH_AGAO@,3128,594,594
Os??GGGA?ccSGKPOAGAO@,2358,949,949
Os??GGGA?eCSGKDCGGAO@,3226,441,441
Os??GGGA@EAIGgDCGCAO@,1574,1058,1058
Os??GGGA@EAIGgPGAAAO@,3468,851,851
Os??GGGA@EAIOgDGCAAO@,3820,421,421
Os??GGGA@ECIOgDGAAAO@,3589,420,420
Os??GGGA@EGIGcDGACAO@,3469,412,412
Os??GGGAAAcKGKD_AOAO@,1694,997,997
Os??GGGAAAcSGKD_AGAO@,2608,3064,3064
Os??GGGAAEAIGcHGACAO@,3887,282,282
Os??GGGAAEASGKHCAGAO@,3607,234,234
Os??GGGAAECSGKDCAGAO@,3606,447,447
Os??GGH?oG?PCBCKL?BO?,1285,952,952
Os??GGH?oG?PCDCIL?BO?,3280,205,205
Os??GGH?oG?PCHCEL?BO?,3281,255,255
Os??GGHAaOC`COG_gA?`@,4028,3235,3235
Os??GGIAQOC`GOC_GAG`C,4048,1787,1787
Os??GGIAQOG`G_GOaA?`@,2807,3525,3525
Os??GGJ?_A`_C@GEJ?B?C,1983,1433,1433
Os??GGJ?_A`_G@CEJ?B?C,1299,3101,3101
Os??GGK?oC?HCKGBJ?BO?,1982,144,144
Os??GK@??@b@ECGgGaBO?,1577,975,975
Os??GKA?WGH?I@CIABBO?,874,1259,1259
Os??GKA?WP@_C@GEJ?B?C,1296,2082,2082
Os??GKAAGB@?CDGBJ?BG?,1622,1059,1059
Os??GKE???b@ECOSCDBO?,702,707,707
Os??GKE?O?D@ECCIGBBO?,597,571,571
Os??GKEAOP@?C@CEK?b?C,250,825,825
Os??GKG?gB@_C@GEJ?B?C,1926,3155,3155
Os??GKG?gB@_G@CEJ?B?C,1302,3156,3156
Os??GKGA?oaKH_OCCCA?B,588,3775,3775
Os??GKGA?oaWHGOCCCA?B,619,2725,2725
Os??GKGAA@aoIGCCCGA?B,584,3375,3375
Os??GKGAA@d_GKC_AGA?B,1964,2878,2878
Os??GKGAAWCECKGOAOA?B,2293,628,628
Os??GKGAAWCEGKC_AGA?B,1918,1687,1687
Os??GKGAIOC`OOC_AAH@C,2910,3090,3090
Os??GKGAIOC`OOC_CAG`C,3171,3377,3377
Os??GKGAIOC`OOG_AAG`C,2628,3184,3184
Os??GKGAIOG`G_COCAO`A,2906,3778,3778
Os??GKJ??W?ACBGDJ?B?_,171,3597,3597
Os??GKJA?W??GBCDI?b?_,212,101,101
Os??GKJA?W?AC@GEI?b?C,152,3627,3627
Os??GKJA?W?ACBGDI?B?@,158,3997,3997
Os??GOB@_B@_C@GEJ?B?C,2193,3042,3042
Os??GOB@_B@_G@CEJ?B?C,1297,2704,2704
Os??GOBBAIDOCCCGG?H?D,4022,3250,3250
Os??GOCAAECECKR?CG?c@,3984,279,279
Os??GODA_A?PCKGBI_BO?,3007,1467,1467
Os??GOEAOA?PCKGBI_BO?,2732,1999,1999
Os??GOG?@GaIOcCWCSAW?,3617,863,863
Os??GOG?@GaIOcCgCKAW?,3989,871,871
Os??GOG?@GaQOSCgCKAW?,3918,496,496
Os??GOG@AEASGSR?AC@?`,3964,274,274
Os??GOH?WKc?C@D_H?R?G,465,3969,3969
Os??GOJ@?E@_C@GEIAB?C,1148,1967,1967
Os??GOJ@?E@_G@CEIAB?C,1151,1971,1971
Os??GOKB?E?EC@GAiGBC?,3375,1499,1499
Os??GOM?OE@_G@CEIAB?C,1165,992,992
Os??GSA@GB@_C@GEJ?B?C,3417,351,351
Os??GSCAAPAICgGCC_A?B,3753,497,497
Os??GSCAAPCECoCCC_A?B,3185,1732,1732
Os??GSDAGK@?GBC@GAJ_?,1291,1051,1051
Os??GSEB??_KC@GAj?B?O,1191,981,981
Os??GSEB??_KG@CAj?B?O,1209,980,980
Os??GSG@APAECcH?CGA?B,3188,319,319
Os??GSH@GK@?GBC@GAJ_?,2188,1928,1928
Os??GSI?OW?ACBCDKCBG?,1554,976,976
Os??GSIA?@_IG@CAk_Ag?,3415,850,850
Os??GSJ@?G`?GBC@GAJ_?,432,3638,3638
Os??GSKA@?aAG_D?gDAAG,3967,3166,3166
Os??GSKAACcaCGCOG?H?D,4021,3249,3249
Os??GSKB?D?ICAG@I?J?C,3428,1435,1435
Os??GSKB?D?ICAG@K?I_C,1307,1232,1232
Os??GSKB?D?ICAG@i?B?@,900,2108,2108
Os??GSKB@DAIO?O?A?X?E,3303,222,222
Os??GSKB@DAIO?O?a?H?D,1078,1974,1974
Os??GSKBA@cOCOO?A?h?E,3336,1398,1398
Os??GSKBA@cOCOO?C?g_E,2381,3304,3304
Os??GSM?OW?AG@CEI?b?C,891,2110,2110
Os??GWAA?`aWJ?OCCCA?B,2473,3749,3749
Os??GWAA?oaWHGOCCCA?B,2525,2066,2066
Os??GWAAA@aoIGCCCGA?B,3247,3084,3084
Os??GWAAA@dCH_CCAGA?B,2294,3772,3772
Os??GWB?GC`_C@GEJ?B?C,1369,1078,1078
Os??GWB?GW?ACBGDIOBO?,3238,1666,1666
Os??GWG?aWCEGoCGAAA?B,3578,1575,1575
Os??GWG?aWCIGgCCACA?B,3744,170,170
Os??GWG?aWCQGWCCACA?B,3201,606,606
Os??GWI@_?_KG@CAj?B?O,1966,2597,2597
Os??GWIA?ccaGOCGG?Q?B,2172,3284,3284
Os??GWIA?dAGGCP?CAI?K,2315,3800,3800
Os??GWIA?eACGCP?CAI?K,3688,3729,3729
Os??GWIA?eGCH?CCCAI?K,2662,3007,3007
Os??GWIA@DAACCOOC_I?K,2074,2040,2040
Os??G[AA?W?ACBCDKCB@?,1162,659,659
Os??G[G?_W?ACBCDKCB@?,1478,765,765
Os??OGBBAED_CCCGG?H?D,3970,887,887
Os??OGBBAWCWCCCGG?H?D,3972,1285,1285
Os??OGCAAECECgR?AA@A@,4031,427,427
Os??OGD?oO?PCBGKI_BO?,1793,3122,3122
Os??OGH?oG?PCHGEI_BO?,3657,406,406
Os??OGKB?C_KC@GAiOBA?,3476,1589,1589
Os??OGKB?C_KCAG@iOBA?,3464,1588,1588
Os??OKBA?W?ACBCDKCBG?,1269,2095,2095
Os??OKCAA@aSJ?CCCGA?B,4016,1788,1788
Os??OKCAA@bOHGCCCGA?B,2632,2809,2809
Os??OKCAHWGQOWC?A?H?B,237,3623,3623
Os??OKG@A@bAHGC_CGA?B,4030,3170,3170
Os??OKG@A@bCHCCOCOA?B,3183,2913,2913
Os??OKG@A@bCHCC_CGA?B,2630,3183,3183
Os??OKG@AWCEGoCCACA?B,2474,3058,3058
Os??OKG@HWGQOWC?A?H?B,239,4041,4041
Os??OKK?@Ah_CCCCgC@C@,383,3962,3962
Os??OKKB?C_KC?GBI?R?C,884,1007,1007
Os??OKKB?E?EC?GBI?R?C,879,1008,1008
Os??OKKB?E?EC@GAi?B?@,895,2113,2113
Os??OKKB@CCGCGCCG@a?E,3669,1149,1149
Os??OKKBA@aOCOO?C?X?I,3331,1142,1142
Os??OKKBAEACCDO?C?H?B,193,3954,3954
Os??OKKBAECACHO?C?G_B,1989,3948,3948
Os??OKKBAECCCCO?A?h?E,1997,1477,1477
Os??OKKBAECCCCO?C?g_E,1996,3904,3904
Os??OOC??acaOcCWCcAS?,1515,3513,3513
Os??OOC?@CgIPCCWAS@W?,3994,1330,1330
Os??OOC?AAaaGcCWCcAS?,2263,475,475
Os??OOC?AAaaGcCWDCAK?,4052,449,449
Os??OOC?AAcQPCCWAc@S?,1516,1249,1249
Os??OOC?AAcQPCCWBC@K?,3768,846,846
Os??OOC?AAcaOcCWCc?s?,1586,1086,1086
Os??OOC?ACaIHCDGDCAE?,2275,785,785
Os??OOC?AGcQCSGWASAW?,4007,400,400
Os??OOC@@EAECKR?GG@C@,3282,1684,1684
Os??OOC@@ECIOgOKB??g@,3262,1164,1164
Os??OOC@ABAIHCEGGO@C@,2677,3670,3670
Os??OOC@ADCIGSOgB??g@,3265,115,115
Os??OOC@ADCIGcOWB??g@,3266,123,123
Os??OOC@ADCQOSGWB??g@,3267,593,593
Os??OOC@AECSCSR?AA@@@,3752,161,161
Os??OOC@AECSCSR?CA?`@,3755,171,171
Os??OOC@AECSGSOKB??g@,3263,592,592
Os??OOD@_B@_G@CEIOB?C,1354,2862,2862
Os??OSB@?W?ACBCDKCBG?,738,1203,1203
Os??OSC@APAID_GCCCA?B,2356,2415,2415
Os??OSC@HWGQOWC?A?H?B,238,4040,4040
Os??OSC@HWGWOKC?A?H?B,236,3328,3328
Os??OSE?OW?ACBCDKCBG?,1487,2476,2476
Os??OWC?gB@_G@CEIOB?C,1346,137,137
Os??OWEA?ccKOCP?A?H?D,3784,1450,1450
Os??OWEA?cgKCCP?C?H?D,2123,1417,1417
Os??OWEAA@cWCCP?A?H?D,3679,3175,3175
Os??OWEAAAcSCCP?A?H?D,2749,2426,2426
Os??OWI@@@agOCO_A?H?D,2903,3285,3285
Os??O[A?GW?ACBCDKCBG?,1805,1965,1965
Os??W?K?oW?GCBGDGKB_?,3356,908,908
Os??WG@AA@aSJ?CCCGA?B,3816,1551,1551
Os??WG@AA@bOHGCCCGA?B,2818,2608,2608
Os??WG@B?A?PGDCIJ?B@?,3562,501,501
Os??WG@B?C?HCDGIJ?B@?,3527,363,363
Os??WG@B?C?HGDCIJ?B@?,3560,1601,1601
Os??WGB@O?_CGBCBL?Ao?,1393,1213,1213
Os??WGG??`gQGWJ?AAAA@,3786,503,503
Os??WGG?A@aQGWJ?AAAA@,3789,502,502
Os??WGG?A@aQHCQOAC@A@,4049,1730,1730
Os??WGGA?bAEH_OCCGA?B,2610,3065,3065
Os??WGH??ah_OCGCACHCC,3738,1766,1766
Os??WKKAA@cAOPC?A?H?B,164,3991,3991
Os??WO@@APAEGoCCC_A?B,3629,1785,1785
Os??WO@@APAaGoCCCCA?B,1728,3112,3112
Os??WO@@APCECoCCC_A?B,3655,1410,1410
Os??WO@@GB@_C@GEIOB?C,1396,1083,1083
Os??WO@@GB@_G@CEIOB?C,1330,1084,1084
Os??WO@AOC?`CKGBI_B@?,1794,557,557
Os??WOAAOG?HGDCII_B@?,1551,977,977
Os??WOB?OG?BCBCKL?BG?,2733,1165,1165
Os??WOB?OW?ACBCDKCBG?,1635,934,934
Os??WOC??`aEGcQOCGAG@,2237,784,784
Os??WOC??`aEGcQOGG@G@,1446,996,996
Os??WOC??`aEHCQOGO@A@,2000,1930,1930
Os??WOC?@@cEOSQOAO?g@,1804,989,989
Os??WOC?@CgIHCQOAC?`@,680,2302,2302
Os??WOC?A@cEGcQOAG?g@,2857,1124,1124
Os??WOC?QWCEGgCCAGA?B,3519,1154,1154
Os??WOCA?`aIGWO_C_A?B,2179,799,799
Os??WOCA?iAQGKOGCGA?B,2303,3799,3799
Os??WOG@ABAECoGCC_A?B,3542,428,428
Os??WOG@ABAEHOCCCOA?B,3905,155,155
Os??WOG@ABAICKG_C_A?B,3664,848,848
Os??WOG@ABAaCWGCCOA?B,2975,394,394
Os??WOG@ABAaGWCCCOA?B,1444,1000,1000
Os??WOG@ABCECoCCC_A?B,3622,882,882
Os??WOG@ABCSHOCCAAA?B,3323,149,149
Os??WOH@?G_E?oW?e?a_O,1499,556,556
Os??WOH@?agCH?C_CAI?K,2829,3267,3267
Os??WOH@?gaKGCO_G?H?D,652,4035,4035
Os??WOH@?kGKOCGCA?H?D,496,3999,3999
Os??WOH@@AgCH?C_AAI?K,2569,3876,3876
Os??WOH@@GcKCCO_A?I?D,654,3654,3654
Os??WOH@@KGKOCGCA?G_D,494,3550,3550
Os??WOH@AHGWGCCCC?G_D,1077,3120,3120
Os??WOK@_?_KC@GAiGB?O,1342,1638,1638
Os??WOK@_?_KG@CAiGB?O,1351,1047,1047
Os??WW??@KGKIGOKAA?_`,316,1222,1222
Os??WW??@PAaCKGKGOAA@,1957,126,126
Os??WW??@WGICKGKAOA@@,3406,191,191
Os??WW??@WGQCKCKCGA@@,3316,371,371
Os??WW??G`aEQ?H?cGAC@,84,2932,2932
Os??WW??GacEF?O_CCA?B,1462,2954,2954
Os??WW??GacQF?OGCCA?B,1138,1755,1755
Os??WW??GcaIJ?OGCCA?B,1180,955,955
Os??WW??I@dCDCCOCOA?B,3082,1753,1753
Os??WW??IWGEG_GOaC?_`,992,2394,2394
Os??WW?B?C?HCKGBICB@?,1937,348,348
Os??WW@?G@`_C@GEIOB?C,746,809,809
Os??WW@?g?_DG@CAk_Ao?,3485,349,349
Os??WWA?W@?ACBCBL?BG?,3329,838,838
Os??WWAB???HCDGIICB?O,3322,836,836
Os??WWAB???HCKGBICB?O,1364,196,196
Os??WWAB???HGDCIICB?O,3319,837,837
Os??WWAB???HGKCBICB?O,2940,197,197
Os??WWB?GG`?GBC@GAJ_?,3305,218,218
Os??WWCA?`cKCCO_C?I?D,3564,486,486
Os??WWCA?`cKGCO_A?I?D,3546,418,418
Os??WWCA?`gWCCGGG?H?D,3363,330,330
Os??WWCA?`gWGCCGG?H?D,2350,948,948
Os??WWCA@@cKCCO_A?I?D,3434,353,353
Os??WWCA@@gWCCCGG?H?D,3388,889,889
Os??WWCA@BASGCCCG?I?D,2034,1159,1159
Os??WWCAA@gIGgC?A?H?B,220,102,102
Os??WWCAABAAGCCGCOI?K,3501,1132,1132
Os??WWCAABCSCCCCG?H?D,3423,550,550
Os??WWCAABCSCCGCA?I?D,3419,429,429
Os??WWCAABCSCCGCA?Q?B,2064,783,783
Os??WWCAADGKCCCCC?P?B,1910,1855,1855
Os??WWCAADGKGCCCC?G_D,3413,513,513
Os??WWCAADGKGCCCC?O_B,2039,651,651
Os??WWG??`cIOCH?gC?c@,3947,168,168
Os??WWG??agcCCGCCCICC,2949,1595,1595
Os??WWG??agcCCGCgC@C@,1263,2129,2129
Os??WWG??dAKGCOCCAIGC,1075,931,931
Os??WWG?@@aIOCH?aCAC@,3917,166,166
Os??WWG?@@gcCCCCGGHCC,3704,1793,1793
Os??WWG?@@gcOCGCaO?a@,1134,2942,2942
Os??WWG?@@goCCCCcGA@@,350,3879,3879
Os??WWG?@@goCCCCgG@@@,324,1224,1224
Os??WWG?@@goCCGCaGA@@,1181,3877,3877
Os??WWG?@@goOCCCAGH@C,1876,2134,2134
Os??WWG?@AgcCCGCaCAC@,1268,1442,1442
Os??WWG?A@aIOCH?cC?c@,3859,336,336
Os??WWG?A@aSHCCOCAA?B,3561,1782,1782
Os??WWG?A@aaGcCOCCA?B,3822,425,425
Os??WWG?A@aaGgCOCAA?B,3640,150,150
Os??WWG?A@acGcCOCAA?B,3706,156,156
Os??WWG?A@cSHCCOAAA?B,3480,404,404
Os??WWG?A@goCCCCcG@@@,365,2351,2351
Os??WWG?A@goGCCCAGH@C,1615,2905,2905
Os??WWG?AAgcCCCCcC@C@,404,3458,3458
Os??WWG?AAgoGCCCcC?`@,1270,1254,1254
Os??WWG?ABCSGCCCAAIGC,303,643,643
Os??WWG?AKCKGKCCAAA?B,1347,746,746
Os??WWG?GagAH?CGCOI?K,2658,3172,3172
Os??WWG?GeGCGCCCC_I?K,2138,1940,1940
Os??WWG@?A?PGHCEICB?_,3536,1776,1776
Os??WWG@?`cEG_COG?Q?B,2155,110,110
Os??WWG@?`gWOCGGC?G_D,2240,789,789
Os??WWG@?bCQCGGCG?I?D,2105,1155,1155
Os??WWG@@@gWOCGGA?G_D,2099,1156,1156
Os??WWG@@BAQCGGCG?I?D,2130,519,519
Os??WWG@A@GBCGGCAGHCC,3182,3356,3356
Os??WWG@A@aECOG_G?H?D,3683,295,295
Os??WWG@A@aEGOC_G?H?D,2419,920,920
Os??WWG@A@gEC_COC?P?B,2008,1162,1162
Os??WWG@A@gEG_COA?P?B,3340,485,485
Os??WWG@A@gEG_COC?O_B,2226,639,639
Os??WWG@ABCQCGCCC?I?D,3531,891,891
Os??WWG@ABGQCGCCC?H?D,2015,1161,1161
Os??WWG@ABGQCGGCA?H?D,3449,355,355
Os??WWG@ABGQCGGCC?G_D,2209,754,754
Os??WWK??A?PCDGIIAB?_,3301,347,347
Os??WWK??aaEGCO_G?H?D,2195,533,533
Os??WWK?@?aAOCOaAC`AC,3122,1951,1951
Os??WWK?@BAACCOCCOI?K,3273,614,614
Os??WWK?@CaGCGOCCAI?K,1251,761,761
Os??WWK?@EAACCOGCAI?K,3278,203,203
Os??WWK?A?cACCOaCG_`C,3118,2077,2077
Os??WWK?A@gWGCCCC?G_D,3275,618,618
Os??WWK?AAcACGCCCOI?K,3409,377,377
Os??WWK?o`ABO?O?C?X?E,2934,376,376
Os??WWK?o`ABO?O?c?P?B,972,1948,1948
Os??W[K???_EC@GAiAB?O,83,2315,2315
Os??W[K???_EG@CAiAB?O,97,2311,2311
Os??W[K??_aAGCOGG?X?W,13,3293,3293
Os??W[K?A@cACCO?C?W_I,113,3460,3460
Os??W[K?A@gAGDC?A?H?B,29,2757,2757
Os?G????WBdODGD_GWBO?,761,694,694
Os?G????WEdODGDGGWBO?,1903,370,370
Os?G????WFDODCDGGWBO?,3555,894,894
Os?G????gB_[AoR?E_B_?,873,1003,1003
Os?G????gDdCDODOGWBO?,754,693,693
Os?G????oEdCDGDGGWBO?,42,715,715
Os?G????wEBCHADGGWBO?,3396,46,46
Os?G????wEDCDAPGAWBO?,3324,913,913
Os?G????wEDCDGDAGWBO?,3392,896,896
Os?G????wFDCD?D?gWBO?,554,621,621
Os?G??@?GDbAHOD_GWBO?,2597,320,320
Os?G??@?GDdADOP_AWBO?,2718,334,334
Os?G??@?ODbCHCD_GWBO?,3746,3165,3165
Os?G??@?ODbCHCP_AWBO?,3685,3728,3728
Os?G??@?W@bOHAD_GWBO?,827,743,743
Os?G??@?WDb?H@D_GWBO?,218,3737,3737
Os?G??@?WDd?D@P_AWBO?,210,3621,3621
Os?G??@?_FDADCDGGWBO?,1816,1274,1274
Os?G??@?_FH_DCGKAWBO?,1136,1210,1210
Os?G??@?aWH_GoCSAE@D?,109,2498,2498
Os?G??@?gDdGD?DOGORO?,834,2250,2250
Os?G??@?gFB?DCJ?GWB?G,946,2667,2667
Os?G??@?gFB?F?HCGWB?G,938,2635,2635
Os?G??@?gFD?DCD@GWBO?,948,672,672
Os?G??@?gFDAD?D?gWBO?,552,2381,2381
Os?G??@?gFDAD?P?aWBO?,949,2634,2634
Os?G??@?gFH_D?GCaWBO?,908,2193,2193
Os?G??@?o@bCHAD_GWBO?,3614,51,51
Os?G??@?o@dCDAP_AWBO?,3481,413,413
Os?G??A?GEbGHCDGGWBO?,3637,80,80
Os?G??A?QWGWGgCSAc@O_,3111,2167,2167
Os?G??A?WAbOHADGGWBO?,2696,1712,1712
Os?G??A?WAh_DGGaAWBO?,1293,3299,3299
Os?G??A?WCb@HODGGWBO?,3721,251,251
Os?G??A?WCd@DOPGAWBO?,3482,456,456
Os?G??A?WCh_DGGQAWBO?,1301,1076,1076
Os?G??A?WEB@HCDGGWBO?,3766,2571,2571
Os?G??A?WEB@HGPCAWBO?,3666,1415,1415
Os?G??A?WEBAHADGGWBO?,3778,2495,2495
Os?G??A?WEDADAPGAWBO?,3474,1724,1724
Os?G??A?gAd@DOPGAWBO?,2735,1335,1335
Os?G??A?gAh_DGGQAWBO?,1300,2042,2042
Os?G??A?wAD@DAPGAWBO?,1695,2978,2978
Os?G??B??EbAHCDGGWBO?,3402,49,49
Os?G??B?o@b@D?HOGORO?,3410,888,888
Os?G??B?oC@D@ER?EGB_?,2704,112,112
Os?G??B?oUA?DGGDH_B?G,2951,391,391
Os?G??B?wUA?D?G@h_B?G,22,2322,2322
Os?G??B@WSA?CoGBH_B?G,1484,2367,2367
Os?G??BAOI?oCBGKIOBO?,3635,280,280
Os?G??BAOI?oCBGKKOAo?,3632,1574,1574
Os?G??C?WFB?CcJ?GWB?G,2373,2403,2403
Os?G??C@GDb?CoIOGWB?G,763,703,703
Os?G??C@WEB?CgIAGWB?G,2946,1620,1620
Os?G??C@_FB?CSIGGWB?G,3702,423,423
Os?G??D@?Db?CcIOGWB?G,3466,164,164
Os?G??D@?Db?CoICGWB?G,3626,1414,1414
Os?G??D@O@b?CaI_GWB?G,3374,50,50
Os?G??D@ODb?C_I?gWB?G,3326,1702,1702
Os?G??EAOK@GOKC`CHB_?,3408,190,190
Os?G??I@OI@OCHCEKGBC?,3390,188,188
Os?G??I@OI@OCHGEIGBC?,3391,39,39
Os?G??I@OK@GCHCEKGBC?,3403,1758,1758
Os?G??I@OQ?oCHCEKGBC?,3395,261,261
Os?G??I@OS?gCHCEKGBC?,3398,146,146
Os?G??I@_Q?gCHCEKGBC?,3404,147,147
Os?G??K@OS?WCBCKKGBC?,1518,1924,1924
Os?G??K@OS?WCBGKKGAc?,1714,1361,1361
Os?G??K@OS?WCHGEIGBC?,2477,1461,1461
Os?G??K@_Q?WCHCEKOBA?,2260,176,176
Os?G??KB?E?WCICDKOBA?,347,652,652
Os?G??KB?E?WCKCBKOBA?,104,803,803
Os?G?C??GBdCDCD_GWBO?,2921,1341,1341
Os?G?C??GBh_H_CcAKBO?,1069,2217,2217
Os?G?C??GBh_H_CoAEBO?,269,3605,3605
Os?G?C??GEdCDCPGAWBO?,390,2247,2247
Os?G?C??GFDADCDGGWBO?,811,2257,2257
Os?G?C??GFDADCPGAWBO?,672,2256,2256
Os?G?C??IWGWGgGWBA?g_,1932,1432,1432
Os?G?C??IWH_GoCKAE@E?,103,1219,1219
Os?G?C??OBh_H_CgAEBO?,1082,1053,1053
Os?G?C??W@bOHADGGWBO?,2783,1821,1821
Os?G?C??WBb?D_HGGObO?,731,3973,3973
Os?G?C??WBb?H_DGGObO?,706,3972,3972
Os?G?C??WBb?H_PGAObO?,730,3976,3976
Os?G?C??WBd?D_DGGObO?,569,3615,3615
Os?G?C??WBh?H_DGAObO?,598,3611,3611
Os?G?C??WCb@PGHGAWBO?,1277,311,311
Os?G?C??WCh_DGGIAWBO?,1286,1077,1077
Os?G?C??gBDCDCDAGWBO?,2772,249,249
Os?G?C??gBdCD?D?gWBO?,553,2648,2648
Os?G?C??wUA?DGGHH_B?G,452,2290,2290
Os?G?C?@GUCACgCWH_B?G,1493,3717,3717
Os?G?C@?O@h_H_CaAEBO?,1083,223,223
Os?G?C@?W@b@D?H_GORO?,866,3643,3643
Os?G?C@?W@h_D?GaAORO?,184,3994,3994
Os?G?C@?W@h_DAG_AOJO?,441,3646,3646
Os?G?C@?W@h_D_GAAOJO?,326,1225,1225
Os?G?C@?oC?bAIR?ECB_?,1139,637,637
Os?G?C@@GRA?CcG`H_B?G,2053,2458,2458
Os?G?C@@_P@_O`CQCEB_?,2621,1340,1340
Os?G?CA?GBh_DCGOAOJO?,1290,2083,2083
Os?G?CA?O@h_H_CWABBO?,1088,3333,3333
Os?G?CA?W?h_H_CQADBO?,1089,929,929
Os?G?CA?WBH_H_CCA@JO?,1094,691,691
Os?G?CA?WBb?E_P?C_J?G,49,2317,2317
Os?G?CA?WBbOP?H?A?ZO?,111,2310,2310
Os?G?CA@GBa?E@IOGoB?G,1124,2500,2500
Os?G?CA@GBd?COD_H?R?G,1137,3198,3198
Os?G?CB?G?h_H_CQABBO?,1084,3334,3334
Os?G?CB?GAh?HADCAObO?,1467,2539,2539
Os?G?CB?GAh_DCGAAOJO?,1119,1466,1466
Os?G?CB?O@H_H_CEABBO?,1086,610,610
Os?G?CB?O@b?HCPAAObO?,1682,3196,3196
Os?G?CB?O@d?DCDAGObO?,1666,2531,2531
Os?G?CB?O@h_H_CCA@JO?,1085,2203,2203
Os?G?CB?W?b?E_PAC`B?G,767,704,704
Os?G?CB?W?b?PAHAAObO?,536,1864,1864
Os?G?CB?W?cOEADAH_B?G,530,2298,2298
Os?G?CB?W?h_H_CAA@JO?,461,3653,3653
Os?G?CB@GQA?CcGBH_B?G,1497,2849,2849
Os?G?CBAOHCOCCCAh_B?G,1786,3553,3553
Os?G?CBB?K@?CBGDGKB_?,740,816,816
Os?G?CBB@WGEOoC?A?H?B,188,4048,4048
Os?G?CBBAIDOCCCGG?H?D,3159,2914,2914
Os?G?CBBAWAGCGGCCOI?K,450,3727,3727
Os?G?CC?WCb?DAIGGWB?G,1733,3191,3191
Os?G?CC?WCb?DGIAGWB?G,1847,3852,3852
Os?G?CC@?Db?CKIOGWB?G,2986,1750,1750
Os?G?CC@?FB?CKICGWB?G,796,810,810
Os?G?CC@G@b?CaIOGWB?G,715,3977,3977
Os?G?CC@GDb?COI?gWB?G,519,3982,3982
Os?G?CC@GFC?ECCoH?b?G,426,2189,2189
Os?G?CC@g@B?CQIAGWB?G,2563,1814,1814
Os?G?CCA?`cEI_DOGGAC@,1426,3810,3810
Os?G?CCA?aaEPOI_COA@@,3916,159,159
Os?G?CCA?aaEP_I_CGA@@,3965,2570,2570
Os?G?CCA?aaIH_IGGOA@@,3048,1680,1680
Os?G?CCA?aaII_HGGOA@@,2613,1941,1941
Os?G?CCA?aaII_PGCOA@@,1688,995,995
Os?G?CCA?aaIP_IGCOA@@,3401,1339,1339
Os?G?CCA?aaIQ_HGCOA@@,2349,1943,1943
Os?G?CCA?acEDOQ_COA@@,3993,1394,1394
Os?G?CCA?acED_I_GGA@@,3192,2908,2908
Os?G?CCA?acEHOQ_AOA@@,4027,1737,1737
Os?G?CCA?acEH_Q_AGA@@,3936,1387,1387
Os?G?CCA?acQP_IGAGA@@,3928,2535,2535
Os?G?CCA?agEDOI_COA@@,3957,1303,1303
Os?G?CCA?agED_I_CGA@@,3955,2504,2504
Os?G?CCA?agEHOI_AOA@@,3927,3221,3221
Os?G?CCA?agEH_I_AGA@@,3760,1448,1448
Os?G?CCA?caEHOI_GGA@@,3057,2961,2961
Os?G?CCA?caEPOI_CGA@@,3825,2561,2561
Os?G?CCA?ccEDOI_GGA@@,3058,3017,3017
Os?G?CCA?ccEHOQ_AGA@@,4040,3692,3692
Os?G?CCA?ccEPOI_AGA@@,4012,2964,2964
Os?G?CCA?cgEDOI_CGA@@,3959,2519,2519
Os?G?CCA?cgEHOI_AGA@@,3925,3495,3495
Os?G?CCA?cgEH_QGAG@A@,2036,2450,2450
Os?G?CCA?dCSDCICGGAA@,576,3400,3400
Os?G?CCA?eAIHCQGCOA@@,1514,978,978
Os?G?CCA?eAIICPGCOA@@,1509,3373,3373
Os?G?CCA?eAQHCIGGGA@@,1486,2478,2478
Os?G?CCA?eAQPOQGCA@@@,1600,3230,3230
Os?G?CCA?eAQQCHGCGA@@,1555,3514,3514
Os?G?CCA?eCEI_PCAGA@@,1472,3489,3489
Os?G?CCA?eCIDCQGCOA@@,2272,297,297
Os?G?CCA?eCIECPGCOA@@,1671,2523,2523
Os?G?CCA?eCQDOQGCAA@@,1585,1957,1957
Os?G?CCA?eCQECHGGGA@@,2864,3046,3046
Os?G?CCA?eCQPOQGAA@@@,3006,1768,1768
Os?G?CCA?eCSPOQGAA@?`,2798,3069,3069
Os?G?CCA?eGEDCIGGG@C@,1407,2484,2484
Os?G?CCA?eGKGgHCAAAO@,2479,1503,1503
Os?G?CCA?eGQDCIGCGA@@,3003,1383,1383
Os?G?CCA?eGQDOQGCA@@@,1617,3332,3332
Os?G?CCA?eGQECHGCGA@@,2386,3047,3047
Os?G?CCA?eGQHOQGAA@@@,3024,1769,1769
Os?G?CCA@AaEDOI_GOA@@,3197,2422,2422
Os?G?CCA@AaED_I_GGA@@,3193,3765,3765
Os?G?CCA@AaEP_I_AGA@@,4024,3168,3168
Os?G?CCA@AcEDOQ_AOA@@,3914,1549,1549
Os?G?CCA@AcED_Q_AGA@@,3962,1720,1720
Os?G?CCA@AcQP_EGAGA@@,3749,1727,1727
Os?G?CCA@AgEDOI_AOA@@,3931,2512,2512
Os?G?CCA@AgED_I_AGA@@,3924,3493,3493
Os?G?CCA@CaEDOI_GGA@@,3049,3716,3716
Os?G?CCA@CaEPOI_AGA@@,3769,1716,1716
Os?G?CCA@CcEDOQ_AGA@@,3823,281,281
Os?G?CCA@CcEP_QGAG?a@,596,2719,2719
Os?G?CCA@CgEDOI_AGA@@,3759,417,417
Os?G?CCA@CgEH_QGAG?a@,571,2300,2300
Os?G?CCA@EAIDCQGCOA@@,1461,999,999
Os?G?CCA@EAIECPGCOA@@,1460,3329,3329
Os?G?CCA@EAQDCIGGGA@@,2868,1867,1867
Os?G?CCA@EAQECHGGGA@@,1775,3097,3097
Os?G?CCA@EAQPCIGAGA@@,2322,1873,1873
Os?G?CCA@EAQPOQGAA@@@,3069,1984,1984
Os?G?CCA@EAQQCHGAGA@@,2326,3531,3531
Os?G?CCA@ECED_QCAGA@@,2276,2610,2610
Os?G?CCA@ECEE_PCAGA@@,2323,3222,3222
Os?G?CCA@ECSPOQGAA?_`,605,2733,2733
Os?G?CCA@EGQDCIGAGA@@,3052,2433,2433
Os?G?CCA@EGQDOQGAA@@@,3075,2432,2432
Os?G?CCA@EGSHOQGAA?_`,616,1641,1641
Os?G?CCAA@aEDOI_GG@C@,3477,433,433
Os?G?CCAA@aEHOE_GG@C@,3673,1583,1583
Os?G?CCAA@cEDOE_GG@C@,3737,1374,1374
Os?G?CCAA@cEDOIOAOAC@,2140,3910,3910
Os?G?CCAA@gEI_DOAG@C@,3320,333,333
Os?G?CCAA@gEI_DOCG?c@,3321,2400,2400
Os?G?CCAAAaED_I_CGA@@,4029,3225,3225
Os?G?CCAAAaEHOI_AOA@@,4032,3224,3224
Os?G?CCAAAaEH_I_AGA@@,3770,1792,1792
Os?G?CCAAAaIH_IGAOA@@,3771,2559,2559
Os?G?CCAAAaQDOI_GC@@@,2647,1722,1722
Os?G?CCAAAaSDCIGGG@C@,3479,914,914
Os?G?CCAAAaSECHGGG@C@,2865,2412,2412
Os?G?CCAAAaSHOE_GA@@@,3944,862,862
Os?G?CCAAAcEDOI_AOA@@,4035,2511,2511
Os?G?CCAAAcII_DGAOA@@,2397,2820,2820
Os?G?CCAABAQHOE_GA@@@,3765,2508,2508
Os?G?CCAACaEHOI_AGA@@,4025,3686,3686
Os?G?CCAACaIDOI_GC@@@,2573,2143,2143
Os?G?CCAACaKDOI_GA@@@,3764,1368,1368
Os?G?CCAACcEDOI_AGA@@,3883,283,283
Os?G?CCAACcEH_QGAG?a@,600,2723,2723
Os?G?CCAADAEGcR?AG@A@,2126,3569,3569
Os?G?CCAADAICKR?CG@C@,1428,3380,3380
Os?G?CCAADAIGcR?AG@@@,2790,3077,3077
Os?G?CCAADAIHOE_GA@@@,4026,1509,1509
Os?G?CCAADAQGWR?AA@A@,2797,1675,1675
Os?G?CCAADCEGcR?AG?a@,592,2747,2747
Os?G?CCAADCICcR?AG@@@,2795,3085,3085
Os?G?CCAADCIGSOgA_?o@,1796,48,48
Os?G?CCAADCIGcOWA_?o@,1797,1195,1195
Os?G?CCAADCKGoR?AA?_`,438,2798,2798
Os?G?CCAADCSDOIOGA?_`,2642,2832,2832
Os?G?CCAADCSHOEOGA?_`,2168,2851,2851
Os?G?CCAAEAQHCIGAGA@@,2068,1900,1900
Os?G?CCAAEAQHOQGAA@@@,3100,1982,1982
Os?G?CCAAEASHCICAGA@@,942,2580,2580
Os?G?CCAAEAWDCIGGA@@@,361,653,653
Os?G?CCAAEAWGKR?AA@@@,400,2930,2930
Os?G?CCAAECEE_HCAGA@@,2065,2861,2861
Os?G?CCAAECEH_ECAGA@@,2352,3909,3909
Os?G?CCAAECSDOQGAA@?`,2644,2119,2119
Os?G?CCAAECWDCICACA@@,387,2928,2928
Os?G?CCAAEGEIGDCAG@C@,1405,2106,2106
Os?G?CD?gI@?CBGDJ?BC?,3579,1577,1577
Os?G?CD?gI@?GBCDJ?BC?,3576,915,915
Os?G?CD?oG?PCBGKJ?BO?,1485,774,774
Os?G?CD?oH@?CBGDJ?BC?,2384,2838,2838
Os?G?CD?oH@?GBCDJ?BC?,2825,3232,3232
Os?G?CD@_B@?GBCDJ?BC?,2494,2145,2145
Os?G?CE?WE@?CBGDJ?BG?,1529,1056,1056
Os?G?CE@_A?HCKGBJ?BO?,744,225,225
Os?G?CE@_A?HGICDJ?BO?,2073,566,566
Os?G?CF?OS@_G@CEIAB?C,1316,3308,3308
Os?G?CFA?G`?CBGDIGBC?,2707,2804,2804
Os?G?CFAOK@?GBC@GAJ_?,1141,1968,1968
Os?G?CFAOK@?OEG@A?j_?,1073,1975,1975
Os?G?CG?ACcaPCCgCK?q?,3567,892,892
Os?G?CG?ACcaPCCoCK?p?,3014,1033,1033
Os?G?CG@?bCQDGICGGAC@,1431,752,752
Os?G?CG@?bCQDOI_GCA?`,3191,757,757
Os?G?CG@?bCQEGHCGGAC@,1430,3314,3314
Os?G?CG@?cgEH_QGAG@A@,1185,2611,2611
Os?G?CG@?dCQDGICGGAA@,595,2011,2011
Os?G?CG@?eAQHOQGGA@@@,1422,3358,3358
Os?G?CG@?eAQPOQGCA@@@,1423,3397,3397
Os?G?CG@?eCQHOQGAAA@@,1449,3388,3388
Os?G?CG@?eCQPOQGAA@@@,2500,3030,3030
Os?G?CG@?eCSPOQGAA@?`,2654,2811,2811
Os?G?CG@?eGEDCIGGG@C@,1406,2903,2903
Os?G?CG@?eGQHOQGAA@@@,3009,3027,3027
Os?G?CG@@BAQDGICGGAC@,1435,1545,1545
Os?G?CG@@BGQDOE_CCA?`,3954,577,577
Os?G?CG@@CgEH_QGAG?a@,570,2736,2736
Os?G?CG@@DAIDOI_GCA?`,3167,2527,2527
Os?G?CG@@DAQEGHCGGAA@,599,2746,2746
Os?G?CG@@DGIDOE_CCA?`,3930,1567,1567
Os?G?CG@@DGQEGDCCGAA@,2035,3785,3785
Os?G?CG@@EAQDOQGGA@@@,2242,3368,3368
Os?G?CG@@EAQPOQGAA@@@,2505,2123,2123
Os?G?CG@@ECQDOQGAAA@@,1415,3389,3389
Os?G?CG@@ECSPOQGAA?_`,692,3956,3956
Os?G?CG@@EGEECDGGG@C@,899,2637,2637
Os?G?CG@@EGEEGDCGG@C@,898,2587,2587
Os?G?CG@A@gEEOD_CG@C@,1400,2477,2477
Os?G?CG@ABCQDOE_CCA?`,4013,1531,1531
Os?G?CG@ABGQDGICAG@C@,3653,340,340
Os?G?CG@ABGQDOE_CC@?`,3091,1515,1515
Os?G?CG@ABGQEGHCAG@C@,2915,2434,2434
Os?G?CG@ABGQEOH_AC@?`,4046,3218,3218
Os?G?CG@ADGIDGICAG@C@,3652,1338,1338
Os?G?CG@ADGIDOE_CC@?`,3090,3511,3511
Os?G?CG@ADGIEGHCAG@C@,2928,3501,3501
Os?G?CG@ADGIEOH_AC@?`,4054,1738,1738
Os?G?CG@AECSDOQGAA@?`,2173,2887,2887
Os?G?CG@AECSHOQGAA?_`,721,2726,2726
Os?G?CG@AEGEIGDCAG@C@,1404,3533,3533
Os?G?CG@AEGWDGECCC@?`,71,2312,2312
Os?G?CG@AEGWEGHCAC@?`,92,2933,2933
Os?G?CGAGI?oGICDGWB_?,2152,2468,2468
Os?G?CH@aWGWCCCGC?H?D,2029,3923,3923
Os?G?CI@PWGSOSC?A?H?B,197,4043,4043
Os?G?CJ?OK@AC@CEK_B?C,2033,2449,2449
Os?G?CKB?D?ICAG@iOBA?,589,3612,3612
Os?G?GDAOC?PCDGIJ?BC?,1746,1995,1995
Os?G?GDA_C_KG@CAiOBO?,709,2264,2264
Os?G?GHB?@_WC@GAiOBC?,916,680,680
Os?G?GIB?@_WC@GAiOBA?,1520,1057,1057
Os?G?K@?gH@?CBGDJ?BC?,3580,1578,1578
Os?G?K@?gH@?GBCDJ?BC?,3577,1579,1579
Os?G?KA@GBa?E@I?GOJ?G,919,2197,2197
Os?G?KAAA@bOHGCCCGA?B,4017,3688,3688
Os?G?KB?GG`?CBGDJ?BC?,2598,2146,2146
Os?G?KB?GG`?GBCDJ?BC?,2808,2147,2147
Os?G?KB?GK@?CBGDJ?B?_,1697,998,998
Os?G?KC?gB@?CBGDJ?BC?,3581,1133,1133
Os?G?KEA?C_KC@GAiABO?,3352,897,897
Os?G?KEA?C_KG@CAiABO?,3345,409,409
Os?G?KFA?C`?OEG@A?j_?,275,2239,2239
Os?G?KG?a@caIGCOAOA?B,2271,3278,3278
Os?G?KG?aWCIGgCCACA?B,3198,1739,1739
Os?G?KG?aWCQGWCCACA?B,2676,2702,2702
Os?G?KGB?@_WC@GAiOB@?,1674,1389,1389
Os?G?KGB?C_KC@GAiCBC?,2139,1358,1358
Os?G?KIB?@_WC@GAi?B?@,893,2583,2583
Os?G?KIB?A_O?HWAE?Q_G,1169,1328,1328
Os?G?KIB@@gWC?C?g?H?D,1071,3418,3418
Os?G?KIBA?aCC_GOG@H?K,2619,3019,3019
Os?G?KIBA?aCGOC_G@H?K,2625,3873,3873
Os?G?KIBA?aCGOG_A@I?K,2794,3761,3761
Os?G?KIBA?aCGOO_A@H?K,2660,3871,3871
Os?G?KIBA?aCG_GOA@I?K,2669,3176,3176
Os?G?KIBA?aCO_GOA@H?K,2652,3177,3177
Os?G?KIBA?aGGGO_a@@?H,2740,2853,2853
Os?G?KIBA?aOCGGOg@@?H,2392,3239,3239
Os?G?KIBA?cCC_COG@H?K,2176,3862,3862
Os?G?KIBA?cCO_COA@H?K,2184,3861,3861
Os?G?KIBA?cGCGC_c@A?H,1739,3079,3079
Os?G?KIBA?cGGGC_a@A?H,2720,2131,2131
Os?G?KIBA?cHCGG_A?I?D,2159,3798,3798
Os?G?KIBA?cHGGC_G?G_D,2148,3851,3851
Os?G?KIBA?cPCGCOG?H?D,2314,3353,3353
Os?G?KIBA?cPOGGOA?G_D,2156,3766,3766
Os?G?KIBA?gCC_GOA@H?K,2515,3678,3678
Os?G?KIBA?gGGGC_a@@?H,2548,1455,1455
Os?G?KIBA?gHCGG_A?H?D,2055,2452,2452
Os?G?KIBA?gOCGGOa@@?H,2412,3271,3271
Os?G?KIBAAaCG_G?a?I?H,1215,2946,2946
Os?G?KIBAAaCG_O?a?H?H,1245,3004,3004
Os?G?KIBAAaCO_G?a?H?H,1150,3118,3118
Os?G?KIBAAcCG_C?g?G_H,1260,3690,3690
Os?G?KIBAAcCG`C?A?I?B,199,4052,4052
Os?G?KIBAAcCO_G?a?G_H,1146,3753,3753
Os?G?KIBAAcCO`C?A?H?B,169,4001,4001
Os?G?KIBAAgCG_C?a?H?H,1125,3523,3523
Os?G?KIBAAgCG_C?c?G_H,1130,1465,1465
Os?G?KIBAAgCG_G?a?G_H,1129,3536,3536
Os?G?KIBAAgCG`C?A?H?B,167,3594,3594
Os?G?KIBACcCCPO?C?G_B,2002,3924,3924
Os?G?KIBACcGCGO?A?h?E,2030,3270,3270
Os?G?KIBACcGCGO?C?g_E,2025,3786,3786
Os?G?KIBACcGCGO@A?H?D,2021,3921,3921
Os?G?KIBACgCGOC?c?G_H,2007,2828,2828
Os?G?KIBACgCGPC?A?H?B,173,4003,4003
Os?G?OB?oHc?C@D_H?R?G,1070,3294,3294
Os?G?ODB?C_KC@GAiOBC?,1029,2021,2021
Os?G?SA@APAIGcD?CCA?B,4011,3169,3169
Os?G?SA@GB@_C@GEIOB?C,2938,512,512
Os?G?SA@GB@_G@CEIOB?C,1323,778,778
Os?G?SB?GG`_C@GEIOB?C,2862,3044,3044
Os?G?SB?GG`_G@CEIOB?C,1322,2441,2441
Os?G?SE??aaEJ?O_CAA?B,2771,2824,2824
Os?G?SE@_?_KG@CAj?B?O,3437,1613,1613
Os?G?SEA?@_I@_W?e?a_O,3424,551,551
Os?G?SEA?ccaCGGOG?I?D,2166,3855,3855
Os?G?SEA?gcQCGGOG?I?D,2167,3856,3856
Os?G?SEA@CgaCGCOC?I?D,3794,1481,1481
Os?G?SEA@GgQCGCOC?I?D,3790,1480,1480
Os?G?SEB?C_KC@GAI?J?C,1912,2827,2827
Os?G?SEB?C_KC@GAi?B?@,896,2586,2586
Os?G?SEB@BGAO`C?A?H?B,195,3939,3939
Os?G?SEBA?aGCGG_G@H?K,2761,3752,3752
Os?G?SEBA?cOCOCGc@A?H,2380,2987,2987
Os?G?SEBA?cOCOCGg@@?H,2221,3664,3664
Os?G?SEBACaGCGO?C?X?I,2020,1484,1484
Os?G?SF??C`_G@CEIAB?C,1005,2645,2645
Os?G?SF?_W?AC@GEI?b?C,997,2642,2642
Os?G?SI@?_gAPAG`AC@A@,3698,2566,2566
Os?G?SI@?aaEP?O_C?H?D,2028,1848,1848
Os?G?SI@@?gAPAG`AG?`@,1971,3750,3750
Os?G?SI@@@agOCO_A?H?D,3497,1470,1470
Os?G?SI@@HGWCCCCG?H?D,1356,2192,2192
Os?G?SI@A@agGCO_A?H?D,2355,2959,2959
Os?G?W@?gD@_C@GEIOB?C,750,1705,1705
Os?G?W@?gD@_G@CEIOB?C,527,2088,2088
Os?G?WA?aWAEGoCCCCA?B,687,2015,2015
Os?G?WE?_C`?GDCBGKB_?,1854,640,640
Os?G?[A?G@`_C@CEKOB?C,831,3607,3607
Os?G?[A?G@`_C@GEIOB?C,679,1862,1862
Os?GG???GBd_CcOoAKBO?,1114,1069,1069
Os?GG???GBhOD_GSAKBO?,913,679,679
Os?GG???WBBOD_OWCBBO?,903,1004,1004
Os?GG???WBB_GaCcGKBO?,2433,259,259
Os?GG???WBD_CaOcAKBO?,1287,2081,2081
Os?GG???WBD_CcCaGKBO?,1332,1319,1319
Os?GG???WBb_G_CgGGRO?,703,2276,2276
Os?GG???WBd_C_C_gKBO?,40,3588,3588
Os?GG???wBB?E_HAGKB?G,3366,907,907
Os?GG?@??Bb_GcCcGKBO?,757,721,721
Os?GG?@?G@bGPAGoAQBO?,3029,965,965
Os?GG?@?GDb?DOICGWB?G,2370,3725,3725
Os?GG?@?O@bOD_OWCBBO?,902,2214,2214
Os?GG?@?O@d_CcCaGKBO?,1331,2911,2911
Os?GG?@?W?b_OaGaAKBO?,773,811,811
Os?GG?@?W@HGDAGaAQBO?,3126,1023,1023
Os?GG?@?W@b?D_IAGWB?G,826,2342,2342
Os?GG?@?W@bGD?GaGORO?,843,741,741
Os?GG?@?W@bGDAO_COJO?,301,1890,1890
Os?GG?@?W@bGH?CaGORO?,372,722,722
Os?GG?@?W@bGP?GaAORO?,835,491,491
Os?GG?@?W@h@D_G_AGJO?,810,2265,2265
Os?GG?@?W@h@H_C_AGJO?,503,3601,3601
Os?GG?@?W@hOD?GaAGRO?,497,1130,1130
Os?GG?@?W@hOH?CaAGRO?,359,702,702
Os?GG?@?W@hOHAC_AGJO?,495,2007,2007
Os?GG?@?WABOD_OICBBO?,901,1010,1010
Os?GG?@?WDB?DCIAGWB?G,2333,3174,3174
Os?GG?@?w@B?DAIAGWB?G,1571,1458,1458
Os?GG?C?GBb?CSI_GWB?G,1579,1061,1061
Os?GG?C?GBb?CcIOGWB?G,2265,463,463
Os?GG?C?GDb?CSIOGWB?G,1521,1060,1060
Os?GG?C?GFB?CSICGWB?G,3471,157,157
Os?GG?C?OEb?CKIGGWB?G,1607,410,410
Os?GG?C?WBB?CEI_GWB?G,3358,1759,1759
Os?GG?C?WBb?C_I?gWB?G,401,1802,1802
Os?GG?C?WDB?CSIAGWB?G,2962,1618,1618
Os?GG?C?gBB?CEIOGWB?G,3540,1713,1713
Os?GG?C?gBb?COI?gWB?G,1214,3135,3135
Os?GG?D??Eb?CKICGWB?G,3700,422,422
Os?GG?D?_Ab?CEIGGWB?G,2411,1910,1910
Os?GG?E?OAb?CEIGGWB?G,682,3658,3658
Os?GG?F?OE@?CBGDJ?B?_,1513,954,954
Os?GG?J?OE@_C@GEIAB?C,1379,361,361
Os?GG?J?OE@_G@CEIAB?C,1317,767,767
Os?GGC???BhCDCGoAEBO?,3215,1581,1581
Os?GGC???BhCHOCcAEBO?,3489,899,899
Os?GGC??G@bADOGaGKBO?,3258,1587,1587
Os?GGC??G@bAPOGaAKBO?,2646,3739,3739
Os?GGC??G@bGHACoGEBO?,557,3580,3580
Os?GGC??G@bGPOGaAEBO?,719,1775,1775
Os?GGC??G@dADOCaGKBO?,3256,1592,1592
Os?GGC??G@dODOCQGEBO?,630,697,697
Os?GGC??G@hGDOGaAEBO?,700,2249,2249
Os?GGC??G@hGHOCaAEBO?,233,1852,1852
Os?GGC??GBB@PCGoAEBO?,2683,2416,2416
Os?GGC??GBB@POGcAEBO?,2517,310,310
Os?GGC??GBBAPOGaAEBO?,1893,1273,1273
Os?GGC??GBb?D@GcGKBO?,1178,3312,3312
Os?GGC??GBb?DOG`GEBO?,794,2334,2334
Os?GGC??GBb?H@CcGKBO?,1218,1178,1178
Os?GGC??GBb?H@CoGEBO?,504,3586,3586
Os?GGC??GBb?HOCcGCbO?,2547,1652,1652
Os?GGC??GBbADOG_GCJO?,3145,1591,1591
Os?GGC??GBbAH?C_gKBO?,1817,1500,1500
Os?GGC??GBbAHOC_GCJO?,3074,1514,1514
Os?GGC??GBbGD?GcGCRO?,2840,2429,2429
Os?GGC??GBbGH?CcGCRO?,2407,3246,3246
Os?GGC??GBd?D@CoGEBO?,502,3639,3639
Os?GGC??GBdAD?C_gKBO?,1792,1649,1649
Os?GGC??GBdGD?C_gEBO?,753,2340,2340
Os?GGC??GBhAH?CoACRO?,2873,2411,2411
Os?GGC??GBhAHOC_ACJO?,2900,2409,2409
Os?GGC??GBhGD?G_aEBO?,825,1349,1349
Os?GGC??O@bCPAGoAEBO?,3181,317,317
Os?GGC??O@dGDACgGEBO?,3630,1576,1576
Os?GGC??O@hCDOGaAEBO?,3604,230,230
Os?GGC??OBBAPGGaAEBO?,3853,578,578
Os?GGC??OBBCPCGaAEBO?,3830,454,454
Os?GGC??OBbCH?C_gEBO?,1850,657,657
Os?GGC??W?b@PAGgAKBO?,3716,540,540
Os?GGC??W@B@POGaAEBO?,2600,1028,1028
Os?GGC??W@BADAGaGKBO?,3997,271,271
Os?GGC??W@b?P@GaAKBO?,1217,3203,3203
Os?GGC??W@b?POGaACbO?,2731,3040,3040
Os?GGC??W@bGP?GaACRO?,2648,3162,3162
Os?GGC??WAB@DAGgGEBO?,2445,3063,3063
Os?GGC??WABCPAGaAEBO?,1898,474,474
Os?GGC??WAb?PAGgACbO?,2182,3857,3857
Os?GGC??WAbCPAG_ACJO?,2685,1518,1518
Os?GGC??WBB?P@GaAEBO?,1360,1080,1080
Os?GGC??WBB?PAG`AEBO?,1717,3129,3129
Os?GGC??WBb?H?C_gCbO?,775,1756,1756
Os?GGC??WBb?P?G`ACRO?,708,3974,3974
Os?GGC??WBb?P@G_ACJO?,399,2267,2267
Os?GGC??WBd?D@C_GCJO?,381,2244,2244
Os?GGC@??BBAPCGaAEBO?,1871,1958,1958
Os?GGC@?G?b_OaGWABBO?,2886,2361,2361
Os?GGC@?G?d_CaCWGBBO?,1353,3073,3073
Os?GGC@?G@D_CcCQGBBO?,1352,747,747
Os?GGC@?G@HODCGQABBO?,3515,239,239
Os?GGC@?G@H_CcGQABBO?,1337,748,748
Os?GGC@?G@b?DCGaGGbO?,2341,3164,3164
Os?GGC@?G@b?HCCaGGbO?,2312,1885,1885
Os?GGC@?G@bAP?GaAGRO?,2645,3207,3207
Os?GGC@?G@bAPAG_AGJO?,3056,3186,3186
Os?GGC@?G@b_G_COgBBO?,792,2332,2332
Os?GGC@?G@b_O_GOaBBO?,781,2333,2333
Os?GGC@?G@d?DCCaGGbO?,2063,2035,2035
Os?GGC@?G@d_C_COgBBO?,788,3650,3650
Os?GGC@?G@h?DCGaAGbO?,2279,599,599
Os?GGC@?G@hAD?GaAGRO?,2832,2049,2049
Os?GGC@?G@hADAG_AGJO?,3017,1013,1013
Os?GGC@?G@h_C_GOaBBO?,556,2301,2301
Os?GGC@?G@h_CoGAAAJO?,1313,2481,2481
Os?GGC@?GAb?PCGaACbO?,2982,1764,1764
Os?GGC@?GAbAPAG_ACJO?,3799,3188,3188
Os?GGC@?O@B@PCGaAEBO?,3800,1300,1300
Os?GGC@?O@BAPAGaAEBO?,3600,1296,1296
Os?GGC@?O@b?DAG`GEBO?,3384,878,878
Os?GGC@?O@b?HAC`GEBO?,2438,397,397
Os?GGC@?O@b@P?G_aEBO?,3327,267,267
Os?GGC@?O@bODAOGCAJO?,3741,1135,1135
Os?GGC@?O@d?DAC`GEBO?,3369,886,886
Os?GGC@?O@h?D_GBAEBO?,2988,1875,1875
Os?GGC@?O@h?H_CBAEBO?,2708,1145,1145
Os?GGC@?O@hODCGAACJO?,3522,241,241
Os?GGC@?O@h_CaGCACJO?,1361,2212,2212
Os?GGC@?W?B@HACaGEBO?,782,4030,4030
Os?GGC@?W?B@PAGaAEBO?,840,742,742
Os?GGC@?W?H@HACaAEBO?,394,823,823
Os?GGC@?W@a?E@IAGoB?G,443,2784,2784
Os?GGC@?W@b?DAG_G?jO?,392,3579,3579
Os?GGC@?W@b?H?CaG?rO?,227,4039,4039
Os?GGC@?W@b?HAC_G?jO?,403,1773,1773
Os?GGC@?W@b?P?GaA?rO?,215,3919,3919
Os?GGC@?W@b?PAG_A?jO?,389,2268,2268
Os?GGC@?W@b@D?G_G?ZO?,695,3618,3618
Os?GGC@?W@b@H?C_G?ZO?,591,4032,4032
Os?GGC@?W@d?D?CaG?rO?,179,3992,3992
Os?GGC@?W@d?DAC_G?jO?,307,2271,2271
Os?GGC@?W@d@D?C_G?ZO?,648,2258,2258
Os?GGC@?W@h?D?GaA?rO?,217,2761,2761
Os?GGC@?W@h?DAG_A?jO?,366,701,701
Os?GGC@?W@h?H?CaA?rO?,224,3625,3625
Os?GGC@?W@h?HAC_A?jO?,402,3577,3577
Os?GGC@?W@h@D?G_A?ZO?,641,2745,2745
Os?GGC@?W@h@H?C_A?ZO?,649,3635,3635
Os?GGC@?WH@?CBGDJ?BC?,2495,1021,1021
Os?GGC@?WHa?E@I?GOJ?G,177,3993,3993
Os?GGC@@GB@?CBGDJ?BC?,2570,430,430
Os?GGC@A?`cQF?OOCCA?B,2127,2869,2869
Os?GGC@A?aaQIGP?CCA?B,2739,1596,1596
Os?GGC@A@@b_CoOCCCA?B,2222,2462,2462
Os?GGC@AAPCECoCCC_A?B,3254,1742,1742
Os?GGC@AOC?`CKGBJ?B@?,1735,565,565
Os?GGC@B?C?HGDCIJ?B@?,2991,1765,1765
Os?GGCA??@d@DCCWGIBO?,3651,910,910
Os?GGCA?G?bCDAGQGIBO?,3985,284,284
Os?GGCA?G?b_CKOQCHBO?,2954,554,554
Os?GGCA?G?hADOGIAHBO?,3575,909,909
Os?GGCA?G@BADCOQCHBO?,3705,541,541
Os?GGCA?G@BADOGQGBBO?,3923,487,487
Os?GGCA?G@BAHOCQGBBO?,3852,75,75
Os?GGCA?G@DADOCQGBBO?,3498,246,246
Os?GGCA?G@d_COCOgBBO?,803,2788,2788
Os?GGCA?GABAHACIGIBO?,3861,1550,1550
Os?GGCA?GABAHACQGEBO?,2679,1542,1542
Os?GGCA?GABAHOCIGBBO?,3873,1725,1725
Os?GGCA?GABGDCGIGBBO?,3983,1779,1779
Os?GGCA?GABGDGOECBBO?,3791,1345,1345
Os?GGCA?GABGHACKGBBO?,3061,1386,1386
Os?GGCA?GABGHCCIGBBO?,3851,1453,1453
Os?GGCA?GAB_OSGIABBO?,2996,1482,1482
Os?GGCA?GADGDCCIGBBO?,3631,1411,1411
Os?GGCA?GAbCPAGOAAJO?,3881,3216,3216
Os?GGCA?GBDGD?CCgBBO?,3150,1582,1582
Os?GGCA?GBb?DOG@GAJO?,1382,2085,2085
Os?GGCA?GBb?H?CPGARO?,1645,1634,1634
Os?GGCA?GBh?D?G@aIBO?,921,2194,2194
Os?GGCA?GBh?H?CPAARO?,1424,1546,1546
Os?GGCA?GBh?HOC@AAJO?,1321,2087,2087
Os?GGCA?O@B_OSGIABBO?,2995,2076,2076
Os?GGCA?O@b?F?OSCDB?G,1665,2576,2576
Os?GGCA?W?HADAGIAHBO?,3654,1286,1286
Os?GGCA?WB@_G@CEJ?B?C,1284,1688,1688
Os?GGCAAOG?HCDGIJ?B@?,3529,277,277
Os?GGCAB?A?HGDCIJ?B@?,2634,1777,1777
Os?GGCB???d_CIOSABBO?,1312,3363,3363
Os?GGCB??BHAHACCAAJO?,166,3595,3595
Os?GGCB?G?B_CQOECBBO?,2880,518,518
Os?GGCB?G?B_OQGEABBO?,2911,517,517
Os?GGCB?G?h?HOCBABBO?,1686,2380,2380
Os?GGCB?GABADAGAGAJO?,2493,2139,2139
Os?GGCB?GAb_O?GAaARO?,1675,3195,3195
Os?GGCB?O@B?D@OECBBO?,1390,1085,1085
Os?GGCB?O@B_GCOAaBBO?,2385,3700,3700
Os?GGCB?O@`_G@CEJ?B?C,1002,3150,3150
Os?GGCB?W?HADAGAA@JO?,328,1977,1977
Os?GGCB?WW@?GBC@GAJ_?,508,2004,2004
Os?GGCC?WB@?CBGDJ?BC?,3583,1572,1572
Os?GGCCAOC?HCDGIJ?B@?,3462,511,511
Os?GGCDAGC@?CBGDI@BA?,3513,23,23
Os?GGCEA?@_IG@CAj?BA?,2295,1872,1872
Os?GGCEAO??HCDGIJ?B?O,2467,1912,1912
Os?GGCG??`cQGSQOACAG@,3727,1511,1511
Os?GGCG??cgIIGHGAAAA@,960,2195,2195
Os?GGCG?@@aQECOWG_@A@,3846,1521,1521
Os?GGCG?AAaEICOWAO@G@,3831,446,446
Os?GGCG?AOcQDGGWAAAA@,4000,1554,1554
Os?GGCG?YOC`C_OGcA?a@,3815,1786,1786
Os?GGCH@_??HCBGKJ?B?O,2027,2053,2053
Os?GGCH@_??HGBCKJ?B?O,1377,2052,2052
Os?GGG???DbCGKCSGWBO?,3982,32,32
Os?GGG???DbCOSGSASBO?,3570,33,33
Os?GGG???DbGOKGSASBO?,3624,27,27
Os?GGG???DdCCKCSGWBO?,3573,28,28
Os?GGG???FBAOKGSASBO?,3620,25,25
Os?GGG???FBCOKGSAQBO?,3973,29,29
Os?GGG???FDACKCKGWBO?,3360,0,0
Os?GGG??GDHGGKCaAIBO?,2870,769,769
Os?GGG??GEHCGICcAIBO?,3566,140,140
Os?GGG??GFDGCCOKAORO?,2856,771,771
Os?GGG??OAbOGICKGSBO?,2796,121,121
Os?GGG??OAdCCICgGQBO?,2791,1160,1160
Os?GGG??OAdOCKCIGSBO?,1963,1279,1279
Os?GGG??OAhOGICKASBO?,2712,567,567
Os?GGG??OBDOCICKGQBO?,1230,763,763
Os?GGG??OBbOOGGGaQBO?,1946,1100,1100
Os?GGG??OBhOGGCGaQBO?,2527,1122,1122
Os?GGG??OCbCCIGWGQBO?,3781,270,270
Os?GGG??OCbCGICWGQBO?,3758,276,276
Os?GGG??ODB@GKCKGWBO?,3890,1310,1310
Os?GGG??ODBAGICKGWBO?,3241,658,658
Os?GGG??ODBGGEOKASBO?,3940,1294,1294
Os?GGG??ODdGCGCCgSBO?,2462,797,797
Os?GGG??OEBOCIOKCEBO?,3500,1315,1315
Os?GGG??OEbCOGGGaQBO?,914,675,675
Os?GGG??OEdCCCOGaSBO?,1560,953,953
Os?GGG??OFBCGCOGaQBO?,3711,539,539
Os?GGG??WBBOGACCgSBO?,3739,840,840
Os?GGG??WBBOGACKGORO?,1801,1599,1599
Os?GGG??WBD?CBCgGQBO?,3493,561,561
Os?GGG??WBDACACgGORO?,3593,1313,1313
Os?GGG??WBHACAGgAORO?,3019,654,654
Os?GGG??WBHAGACgAORO?,3645,132,132
Os?GGG??WCB@GICKGWBO?,3132,1321,1321
Os?GGG??WCBCGIOEAWBO?,3978,1295,1295
Os?GGG??WCBGGECIGSBO?,3998,872,872
Os?GGG??WCBGGICEGSBO?,3921,875,875
Os?GGG??WCDCCICEGWBO?,3574,844,844
Os?GGG??WCDCCKCQGPBO?,2509,1110,1110
Os?GGG??WCHGGICIAQBO?,3528,858,858
Os?GGG??WCb?CIIGGWB?G,3699,455,455
Os?GGG??WCb?GBCWGSBO?,3788,492,492
Os?GGG??WCb@OGGGaWBO?,1994,589,589
Os?GGG??WCbCCIGOGOJO?,3585,537,537
Os?GGG??WCbCGACGgWBO?,3731,58,58
Os?GGG??WCbCGGOAaWBO?,3713,538,538
Os?GGG??WCdCCGCAgWBO?,2702,927,927
Os?GGG??WCh?CBGWASBO?,3495,521,521
Os?GGG??WChCCIGOAOJO?,3596,85,85
Os?GGG??WDB?CBGWGQBO?,2960,1152,1152
Os?GGG??WDB?GBCKGWBO?,2956,553,553
Os?GGG??WDB?GICDGWBO?,2959,1106,1106
Os?GGG??WDB@GGCCgWBO?,3850,228,228
Os?GGG??WDB@OCGWAORO?,3889,1332,1332
Os?GGG??WDBAOAGWAORO?,3874,1333,1333
Os?GGG??WDD@CGCCgWBO?,1869,983,983
Os?GGG??WDDGCAOCaSBO?,3521,525,525
Os?GGG??WDDGCAOKAORO?,1891,558,558
Os?GGG??WDH?CBGWAQBO?,3494,88,88
Os?GGG??WDb?O@GWAORO?,1247,484,484
Os?GGG??WEBOOEGGACJO?,2714,1877,1877
Os?GGG??WEHOCAGKACRO?,2854,1117,1117
Os?GGG??WFB?GCOHAORO?,3558,1763,1763
Os?GGG??_AbCGICWGQBO?,2667,926,926
Os?GGG??_AbCGKOIAWBO?,3740,1751,1751
Os?GGG??_BbGGGCKGORO?,3722,1290,1290
Os?GGG??_BdGCGOKAORO?,2971,357,357
Os?GGG??_BhGGGCGaQBO?,2533,1032,1032
Os?GGG??gABAGICWGPBO?,3987,152,152
Os?GGG??gBD?CBCWGQBO?,2966,562,562
Os?GGG??gBDGCACGgQBO?,1864,991,991
Os?GGG??gBDGCACKGORO?,2270,786,786
Os?GGG??gBDGCAOKAORO?,3120,1034,1034
Os?GGG??gCBCCKOQCHBO?,1640,526,526
Os?GGG@?OCBOGECIGEBO?,3913,1287,1287
Os?GGG@?OCD@CKCEGSBO?,3582,859,859
Os?GGG@?ODBOCAGCgEBO?,3834,236,236
Os?GGG@?ODh?GCCGaObO?,3463,3103,3103
Os?GGG@?ODhOCGCCC?ZO?,3526,302,302
Os?GGG@?ODhOGCCGA?ZO?,2437,227,227
Os?GGG@?WCHOCACAcEBO?,625,2384,2384
Os?GGGA?OC_KGBCKL?Ao?,3426,1283,1283
Os?GGGA?OD?IGBCKL?Ao?,3046,2075,2075
Os?GGGA?OEB?EAOKCEB?G,3709,3288,3288
Os?GGGA?WA?PCHCEL?BO?,3298,1327,1327
Os?GGGA?WC?HCHCEL?BO?,3299,1282,1282
Os?GGGA?WC?HGBCKL?Ao?,2379,1171,1171
Os?GGGA?WEB?EAGGGAJ?G,3662,2590,2590
Os?GGGA?gA?HCKCBL?BO?,830,2309,2309
Os?GGGBAGE@?OEG@A?j_?,1938,224,224
Os?GGGGA?`cIOGGOaOAC@,2814,1878,1878
Os?GGGGA?`cIOGG_aGAC@,3915,1526,1526
Os?GGGGA@@aIGGO_gG?c@,3591,1392,1392
Os?GGGGA@@aIGGO_gO?a@,3590,1299,1299
Os?GGGGA@@aIOGGOaOAC@,2656,3705,3705
Os?GGK???EHCCEGKAEBO?,820,107,107
Os?GGK??G?hCCIGQAQBO?,3199,542,542
Os?GGK??GBDACACKGORO?,2700,2149,2149
Os?GGK??OCbCCGGIGARO?,1829,985,985
Os?GGK??WCB@GGCKG@RO?,2775,2839,2839
Os?GGK??WCD@CGOGaBBO?,2125,2048,2048
Os?GGK??WCD@CGOKA@RO?,2728,2844,2844
Os?GGK@?G@`?CBGDJ?BC?,2774,1884,1884
Os?GGK@?G@b?CCIAGOR?G,2860,3773,3773
Os?GGKB???_BCHGEJ?BO?,634,1856,1856
Os?GGKBA?P?AGBC@GAJ_?,170,3599,3599
Os?GGKBA?P?AGDC@G@J_?,186,3624,3624
Os?GGKGAA@gWGGCCC?O_B,568,2750,2750
Os?GGKGAABAACCGGCOI?K,2319,1692,1692
Os?GGKGAABAAG_CCCCI?K,2641,3219,3219
Os?GGKGAABACG_CCCAI?K,2601,3771,3771
Os?GGKGAABCAG_CCACI?K,2503,3076,3076
Os?GGKGAADGKCCCCC?P?B,1909,3568,3568
Os?GGKI?O?_EG@CAj?B?O,1261,313,313
Os?GGKIA?@_A?PW?e@A_G,1294,352,352
Os?GGO???gdAGcOWAKAD?,3559,1600,1600
Os?GGO???gdAGcOWGK?d?,3381,1919,1919
Os?GGO???ocaGcOWAKAD?,3548,62,62
Os?GGO??@PGEDOOgCI?c_,3908,419,419
Os?GGO??A@aEIGCSCoAE?,2093,923,923
Os?GGO?@OS?WCBGKICB@?,3414,292,292
Os?GGO@?OC_cCEGHIOBO?,2316,316,316
Os?GGO@?OC_cCKCBKOBO?,3380,1747,1747
Os?GGO@?OD?aCEGHIOBO?,3603,864,864
Os?GGO@?WC?`CEGHIOBO?,3026,959,959
Os?GGO@?WC?`CKCBKOBO?,828,730,730
Os?GGO@?_acQD?I?GCI@C,3012,1653,1653
Os?GGO@?_kHCOOGCAAP@A,2809,3277,3277
Os?GGO@?_ogKH?O_AAH@C,2858,2435,2435
Os?GGO@?_qGEH?C_GAH@C,3160,1998,1998
Os?GGO@?`HAIQ?O_aA@@@,2802,1463,1463
Os?GGO@?`KHCGOCCAAI@C,445,2009,2009
Os?GGO@?`KHCOOCCAAH@C,447,3645,3645
Os?GGO@?a@b_GoCCCCA?B,2588,3683,3683
Os?GGO@@_A?PCDGIJ?B@?,1429,935,935
Os?GGO@@_A?PGDCIJ?B@?,1653,644,644
Os?GGOA??`aQGWPOCAAO@,3710,252,252
Os?GGOA??acIDGOgCAAO@,1425,753,753
Os?GGOA??acQCWPGCAAO@,3866,237,237
Os?GGOA??acaCgGWGAAO@,2997,1107,1107
Os?GGOA??ccaCWOWCAAO@,3844,288,288
Os?GGOA??gcICWOgCAAO@,3011,966,966
Os?GGOA?@@cECoPOAAAO@,3367,395,395
Os?GGOA?AOaQHCOWAC@A@,4036,3205,3205
Os?GGOA?AOaSGWPOAA@?`,2310,1887,1887
Os?GGOA?AOcKCWP_CA?_`,2287,2448,2448
Os?GGOA?AOcSGWPOAA?_`,374,2679,2679
Os?GGOA?QGcEG_COB?I@C,1696,1166,1166
Os?GGOAAAKCKCWGCAAA?B,2992,494,494
Os?GGOB?o@?AGBCBK_Ao?,3486,1277,1277
Os?GGOB@O?_DC@GAiOBO?,3488,231,231
Os?GGOB@O@?BC@GAiOBO?,3490,233,233
Os?GGOB@OO?OGBCBGEB_?,3341,612,612
Os?GGOB@_?_KG@CAj?B?O,2223,1935,1935
Os?GGOBA?@_I@_W?e?a_O,2372,912,912
Os?GGOBA?_cAC_H?gCaAO,3956,3105,3105
Os?GGOBA?ccaCGGOG?I?D,2091,2823,2823
Os?GGOBA@CgaCGCOC?I?D,3707,2958,2958
Os?GGOC?OS?WCBCKKCB?_,3338,378,378
Os?GGOC?OS?WCHGEICB?_,3510,849,849
Os?GGOCA?eCEOOO_aA@@@,2251,3764,3764
Os?GGOCA@@aEO_O_CGGaC,3715,1502,1502
Os?GGOCA@@aEO_O_cG?a@,855,1898,1898
Os?GGODAaCCAGGOOA@G_K,3648,1197,1197
Os?GGODAaEGAGHC?A?H?B,176,3598,3598
Os?GGOE?o?_KG@CAj?B?O,2017,1934,1934
Os?GGOEAO??HCDGIIOB?O,1767,1978,1978
Os?GGOEAO??HGDCIIOB?O,1676,2391,2391
Os?GGOEA_A?GCKGBI?b?O,952,42,42
Os?GGOG??`aEGoHOGAAC@,2952,379,379
Os?GGOG??`aQOWGoCAAG@,3867,575,575
Os?GGOG??`cID_GWGAAC@,2867,768,768
Os?GGOG??`cIP_GWAAAC@,1760,490,490
Os?GGOG??`caCoOWCAAC@,3845,1289,1289
Os?GGOG??`gID_GWCAAC@,3200,579,579
Os?GGOG??`gIH_GWAAAC@,2957,516,516
Os?GGOG??ccIPGCWCAAC@,3588,452,452
Os?GGOG??ccIPGGWAAAC@,3511,1603,1603
Os?GGOG??gcICgGWGAAC@,3002,961,961
Os?GGOG??gcIOgGWAAAC@,3598,1288,1288
Os?GGOG??ggIGgGWAAAC@,3491,522,522
Os?GGOG?@@aQOWGoAAAG@,3842,1291,1291
Os?GGOG?@CcIPGCWAAAC@,3601,79,79
Os?GGOG?@CgaCWCWCAAC@,3292,1944,1944
Os?GGOG?@GgICgGWAAAC@,3869,870,870
Os?GGOG?A@aECoHOCAAC@,3756,215,215
Os?GGOG?ACcWPGCWAA@?`,2266,598,598
Os?GGOG?ACgWHGGWAA?_`,333,807,807
Os?GGOG?AGcICgGWAAAC@,3597,880,880
Os?GGOG?_`aKOCGOg_@C@,3613,865,865
Os?GGOG?_`aQOGGOcGAG@,1591,1829,1829
Os?GGOG?_`aaOGGOcGAC@,3557,1762,1762
Os?GGOG?_`aaOGGOcOAA@,3565,890,890
Os?GGOG?_`cEOOOOA_HCC,3797,1302,1302
Os?GGOG?_`cEO_OOA_HAC,3975,883,883
Os?GGOG?_`cEP?OOAGHCC,2516,3060,3060
Os?GGOG?_`cEP?OOAOHAC,3848,289,289
Os?GGOG?_`cEP?O_AGHAC,3981,82,82
Os?GGOG?_`cIOGOOA_HCC,4050,448,448
Os?GGOG?_`cIP?O_ACHAC,3829,86,86
Os?GGOG?_`cKOCH?aOAA@,3999,175,175
Os?GGOG?_`cQGGCOg_AA@,2688,1823,1823
Os?GGOG?_`cQGGOOgG?g@,2998,1818,1818
Os?GGOG?_`cQGGOOg_?a@,3037,1797,1797
Os?GGOG?_`cQOGGOaGAG@,3221,1733,1733
Os?GGOG?_`cQOGOOa_@A@,2504,2230,2230
Os?GGOG?_`cQOGP?aG@A@,2605,3903,3903
Os?GGOG?_`caGGO_gG?a@,2673,73,73
Os?GGOG?_`caOGO_aG@A@,2488,1113,1113
Os?GGOG?_`gKOCH?aO@A@,4003,173,173
Os?GGOG?_bCSGCOCAGIGC,3594,1397,1397
Os?GGOG?_ccgOCGOgC?`@,2823,2835,2835
Os?GGOG?_cgKOCH?aC@A@,2631,1714,1714
Os?GGOG?_gcQOGOOACHAC,1604,3281,3281
Os?GGOG?_kCKOCGCACIAC,3080,1563,1563
Os?GGOG?`@aIP?O_ACHAC,4047,87,87
Os?GGOG?`@aQGGCOg_AA@,2659,1244,1244
Os?GGOG?`@aQOGGOaGAG@,3162,2543,2543
Os?GGOG?`@aQOGGOa_AA@,2512,3682,3682
Os?GGOG?`@aSOCGOgG?g@,4020,3681,3681
Os?GGOG?`@aSOCGOg_?a@,4038,1276,1276
Os?GGOG?`@aaGGO_gG?a@,2674,71,71
Os?GGOG?`@aaOGGOaOAA@,3726,290,290
Os?GGOG?`AcoOCOOaC?`@,844,2352,2352
Os?GGOG?`CcgOCOOaC?`@,760,2353,2353
Os?GGOG?`GaKOCG_aCAA@,3432,2979,2979
Os?GGOG?aCcKOCH?aG?`@,1156,1177,1177
Os?GGOH?_`aOGOOCC_I?K,3172,2907,2907
Os?GGOH?_agCH?G_AAI?K,2614,3011,3011
Os?GGOH?_bGOGCCCC_I?K,666,2999,2999
Os?GGOH?_caCH?OOCAI?K,3086,1822,1822
Os?GGOH@aCCAGGOOA@G_K,2931,3256,3256
Os?GGOH@aCCAOGGOA@G_K,2933,3779,3779
Os?GGOI@OE?C?DWAE?Q_G,3416,344,344
Os?GGOK?o?_DC@GAiGBC?,2308,2607,2607
Os?GGS??AGhCGKCKCG?c@,3642,322,322
Os?GGS??APCIPCGgAA?`@,3000,1539,1539
Os?GGS??AWGEGKCKCG?c@,1329,139,139
Os?GGS??G`aEQ?H?cGAC@,85,801,801
Os?GGS??G`aEQ?P?cG@C@,65,2314,2314
Os?GGS??IPAIGgCCC_A?B,3868,544,544
Os?GGS@?_@_EG@CAk_Ao?,3455,1267,1267
Os?GGS@?g?_DG@CAk_Ao?,3454,291,291
Os?GGS@?g?_DGAC@k_Ao?,3453,135,135
Os?GGS@@_?_CCBGBJ?B@?,1812,1320,1320
Os?GGS@@_?_DC@GAj?B@?,1626,1323,1323
Os?GGS@@_?_DG@CAj?B@?,1581,1325,1325
Os?GGSA?OG?BCBGKJ?B@?,2969,366,366
Os?GGSA?OW?ACBCDKCB@?,1492,625,625
Os?GGSA@G?_KC@GAj?B?O,3418,342,342
Os?GGSAA?@_IC@GAiCBG?,3478,1585,1585
Os?GGSAA?@_ICAG@iCBG?,3467,1586,1586
Os?GGSC?g?_KG@CAj?B?O,3441,354,354
Os?GGSCA?@_ICAG@iCBC?,3465,853,853
Os?GGSCA?`aIGGO_G?H?D,2200,1903,1903
Os?GGSCA?`aKGCO_G?H?D,2216,2045,2045
Os?GGSCA?`aKOCO_C?H?D,2023,1485,1485
Os?GGSCA?`cICGO_G?H?D,2405,2389,2389
Os?GGSCA?`cIOGO_A?H?D,3502,1401,1401
Os?GGSCA?`cKCCO_G?H?D,2414,1744,1744
Os?GGSCA?`cKOCO_A?H?D,3695,3265,3265
Os?GGSCA?`gKCCO_C?H?D,2124,3835,3835
Os?GGSCA?caGGGOCCCI?K,3694,1412,1412
Os?GGSCA@@aIOGO_A?H?D,3496,1469,1469
Os?GGSCA@@aKCCO_G?H?D,2429,1745,1745
Os?GGSCA@@aKOCO_A?H?D,3693,2955,2955
Os?GGSCA@@gICGO_A?H?D,3458,3491,3491
Os?GGSCA@@gKCCO_A?H?D,3677,3236,3236
Os?GGSCA@AaCCGOCCOI?K,3330,362,362
Os?GGSCA@BAACGOCCOI?K,3674,3679,3679
Os?GGSCA@CaGCGOCCCI?K,3776,2494,2494
Os?GGSCAA@aECOG_G?H?D,3672,1266,1266
Os?GGSCAA@aICGO_C?H?D,2132,1356,1356
Os?GGSCAA@aIGGO_A?H?D,2360,2960,2960
Os?GGSCAA@aKCCO_C?H?D,2150,2691,2691
Os?GGSCAA@aKGCO_A?H?D,2369,3009,3009
Os?GGSCAA@cECOC_G?H?D,3735,3351,3351
Os?GGSCAA@cICGO_A?H?D,3483,1510,1510
Os?GGSCAA@cKCCO_A?H?D,3680,3253,3253
Os?GGSCAA@gEG_COA?P?B,3311,248,248
Os?GGSCAAAaAGGCGCOI?K,3644,1405,1405
Os?GGSCAAAaCG_CCCCI?K,3621,881,881
Os?GGSCAAAaSCCGGG?H?D,3523,64,64
Os?GGSCAAAaSGCCGG?H?D,2247,787,787
Os?GGSCAABAQCCGGG?H?D,3663,1268,1268
Os?GGSCAABAQGCCGG?H?D,2368,3028,3028
Os?GGSCAACaKCCGGG?H?D,3659,2493,2493
Os?GGSCAACaKGCCGG?H?D,2249,2554,2554
Os?GGSCAADAICCGGG?H?D,3505,839,839
Os?GGSCAADAIGCCGG?H?D,2364,1523,1523
Os?GGSCAICCAGGOOA@G_K,3625,2496,2496
Os?GGSCAICGAGGGOA@G_K,3628,3350,3350
Os?GGSE??@_IC@GAiABO?,1550,1382,1382
Os?GGSE??@_IG@CAiABO?,1559,1380,1380
Os?GGSEA?@_A?PW?e@A_G,1149,642,642
Os?GGSEA?_aAOGOOC?X?W,1397,1052,1052
Os?GGSEA?_aBGGOOC?I?D,801,3138,3138
Os?GGSEA?_aBGGOOG?H?D,799,3469,3469
Os?GGSEA?_aBOGOOC?H?D,800,3470,3470
Os?GGSEA?_cACGOOG?X?W,1266,1262,1262
Os?GGSEA?_cACHOOC?I?P,1572,2517,2517
Os?GGSEA?_cAGGOOA?Y?W,1621,2962,2962
Os?GGSEA?_cBCGOOG?H?D,1875,3432,3432
Os?GGSEA?_gACGOQC?`?D,1701,3803,3803
Os?GGSEA?_gAGGOOA?X?W,1650,2080,2080
Os?GGSEA@?cACHOOA?I?P,1614,2132,2132
Os?GGSEAA@gIG?G?A?W_E,1079,212,212
Os?GGSEAA@gIG?G?a?O_B,974,2026,2026
Os?GGSG??`gQOCGGaG@G@,3772,1505,1505
Os?GGSG??cgcCCOCcG@@@,1219,1184,1184
Os?GGSG?@AgcCCOCACHCC,3647,285,285
Os?GGSG?@AgcOCCCACHCC,3005,1022,1022
Os?GGSG?@EAECKOCC_A?B,1265,687,687
Os?GGSG?AGcKGKCCAOA?B,3517,453,453
Os?GGSG?HAaCCCO_C_I?K,3550,563,563
Os?GGSG?HCaCCCOOC_I?K,3660,1770,1770
Os?GGSG@?A?PCHGEICB?_,3504,128,128
Os?GGSG@?A?PGHCEICB?_,3535,130,130
Os?GGSG@?A?PGICDICB?_,3460,327,327
Os?GGSG@?`gWOCGGA?H?D,1471,2622,2622
Os?GGSG@?`gWOCGGC?G_D,1470,2615,2615
Os?GGSG@?bCQCGGCG?I?D,2103,795,795
Os?GGSG@?dCICGGCG?I?D,2104,2588,2588
Os?GGSG@@@gWOCGGA?G_D,1469,3385,3385
Os?GGSG@@BAQCGGCG?I?D,2129,1605,1605
Os?GGSG@@BGQCGCCC?I?D,3533,893,893
Os?GGSG@@DAICGGCG?I?D,2128,2802,2802
Os?GGSG@@DGICGCCC?I?D,3667,3710,3710
Os?GGSG@ABCQCGCCC?I?D,3530,1280,1280
Os?GGSG@ABGQCGCCC?H?D,2013,1604,1604
Os?GGSG@ABGQCGGCA?H?D,3445,356,356
Os?GGSG@ABGQCGGCC?G_D,2208,1540,1540
Os?GGSG@ADCICGCCC?I?D,3668,3702,3702
Os?GGSG@ADGICGCCC?H?D,2014,3161,3161
Os?GGSG@ADGICGGCA?H?D,3447,1437,1437
Os?GGSG@ADGICGGCC?G_D,2213,3229,3229
Os?GGW@?g?_DC@GAj?BC?,2552,1665,1665
Os?GGW@?g?_DG@CAj?BC?,2560,350,350
Os?GGWA?g?_KG@CAj?B?O,2203,1936,1936
Os?GGWAA?`aGGGOCCOI?K,3035,1478,1478
Os?GGWG?__aBOGGGCGICC,660,3481,3481
Os?GGWG?__aBOGGGcGAC@,688,4037,4037
Os?GGWG?__cACGOICGaCC,2896,3561,3561
Os?GGWG?_`cECOO_G?H?D,2398,2822,2822
Os?GGWG?_`cEGOO_A?I?D,2976,3730,3730
Os?GGWG?_`cEOOO_A?H?D,2961,1483,1483
Os?GGWG?_`gECOO_C?H?D,2170,3858,3858
Os?GGWG?_`gEGOO_A?H?D,2391,3699,3699
Os?GGWG?_`gWCCGGG?H?D,1613,1598,1598
Os?GGWG?_`gWCGGCG?H?D,1631,2126,2126
Os?GGWG?_`gWGCCGG?H?D,1584,2226,2226
Os?GGWG?_`gWGGCCG?H?D,1642,2909,2909
Os?GGWG?_aaSGCOGG?H?D,2067,3434,3434
Os?GGWG?_aaSOCOGC?H?D,2011,3781,3781
Os?GGWG?_acSCCOGG?H?D,2122,3012,3012
Os?GGWG?_acSOCOGA?H?D,2174,3496,3496
Os?GGWG?_agSCCOGC?H?D,2101,2867,2867
Os?GGWG?_agSGCOGA?H?D,2106,3433,3433
Os?GGWG?_caKGCOGG?H?D,1481,3300,3300
Os?GGWG?_caKOCOGC?H?D,1482,3823,3823
Os?GGWG?_cgKCCOGC?H?D,1324,3313,3313
Os?GGWG?_cgKGCOGA?H?D,1320,2595,2595
Os?GGWG?`@gWCCCGG?H?D,1620,3289,3289
Os?GGWG?`@gWCGCCG?H?D,1649,3497,3497
Os?GGWG?`AaSCCOGG?H?D,2175,3843,3843
Os?GGWG?`AaSOCOGA?H?D,2186,3282,3282
Os?GGWG?`AgSCCOGA?H?D,2119,3860,3860
Os?GGWG?`CaKOCOGA?H?D,1683,3283,3283
Os?GGWG?`CgKCCOGA?H?D,1325,3048,3048
Os?GGWG?aAaSCCOGC?H?D,2081,2870,2870
Os?GGWG?aAaSGCOGA?H?D,2085,3917,3917
Os?GGWG?aAcSCCOGA?H?D,2096,2834,2834
Os?GGWG?aAgQGGCGC?G_D,1108,2968,2968
Os?GGWG?aAgQGGCGC?O_B,1107,3422,3422
Os?GGWG?aBGSGCCCC?G_D,1091,2204,2204
Os?GGWG?aBGSGCCCC?O_B,1090,3425,3425
Os?GGWG?aCaKCCOGC?H?D,1763,3402,3402
Os?GGWG?aCaKGCOGA?H?D,1672,3742,3742
Os?GGWG?aCcKCCOGA?H?D,1774,1815,1815
Os?GO???GMAEOWGSAoBO?,2469,213,213
Os?GO???GMGIGSDGASBO?,3971,142,142
Os?GO???OJAECWGcGoBO?,3446,1137,1137
Os?GO???OJAKOcGcAcBO?,3425,1326,1326
Os?GO???OJCEOWCcAoBO?,3649,1594,1594
Os?GO???OJCKCcPCASBO?,3961,272,272
Os?GO???OJCKDCOcASBO?,3912,273,273
Os?GO???OJGEGKCoAoBO?,3556,141,141
Os?GO???OJGEGcDGAWBO?,3862,323,323
Os?GO???WGcHCWCgGoBO?,3518,68,68
Os?GO???WIADCWGcGoBO?,3439,1419,1419
Os?GO???WICBCWCgGoBO?,3525,488,488
Os?GO???WICDCWCcGoBO?,3661,1593,1593
Os?GO???WJAGCHGcGoBO?,1962,1429,1429
Os?GO???WJGAC`GgAgBO?,3619,905,905
Os?GO???WJGICgH?AOJO?,1870,1654,1654
Os?GO???WJGIDGG_AOJO?,1333,2178,2178
Os?GO???WKABCWPOCSBO?,3754,229,229
Os?GO???_HaKOKCoCgBO?,3934,78,78
Os?GO???_HaKOKGoAgBO?,3941,339,339
Os?GO???_HgKCKGoAgBO?,3892,855,855
Os?GO???_HgKCSGgAgBO?,3895,856,856
Os?GO???_HgKCSGoAcBO?,3899,857,857
Os?GO???_JGKCSGgAaBO?,3896,77,77
Os?GO???_KcKCWCWGaBO?,889,634,634
Os?GO???_MGEGKCWAgBO?,3532,69,69
Os?GO???gDGIGQDGAgBO?,3980,1329,1329
Os?GO???gDaCOPHOAgBO?,868,1662,1662
Os?GO???gDcKCOD?ggBO?,704,2304,2304
Os?GO???gECDCSDOGcBO?,3857,1548,1548
Os?GO???gEcCCHDOGgBO?,2727,2840,2840
Os?GO???gEgCGHDOAgBO?,1941,2600,2600
Os?GO???gHAHOSGgAgBO?,3728,278,278
Os?GO???gHAKGQCoGaBO?,3847,1497,1497
Os?GO???gIcCCHCoGgBO?,2535,3201,3201
Os?GO???gIcCCHOoAgBO?,2753,2880,2880
Os?GO???gIcCOWCoA_bO?,3855,1555,1555
Os?GO???gJACOSCoC_bO?,3833,1719,1719
Os?GO???gJAGGHOSAoBO?,3933,1379,1379
Os?GO???gJAGODCoCcBO?,3877,67,67
Os?GO???gJAGODGoAcBO?,3922,904,904
Os?GO???gJAGOKCoC_bO?,3039,1626,1626
Os?GO???gJAKOSG_A_JO?,3717,1784,1784
Os?GO???gJB?CoGWGaB?G,3780,169,169
Os?GO???gJCCCPCoGaBO?,3828,1373,1373
Os?GO???gJCGCHCoGaBO?,3952,3263,3263
Os?GO???gJCGCHOoAaBO?,3880,1625,1625
Os?GO???gJCGCPOgAaBO?,2534,1643,1643
Os?GO???gJCGODCoAcBO?,3767,845,845
Os?GO???gJCGOKC`AgBO?,3105,1513,1513
Os?GO???gLACCSGPGgBO?,3636,324,324
Os?GO???gLAEGOCOggBO?,1380,2086,2086
Os?GO???gMACCWGDGgBO?,3487,901,901
Os?GO???oDCDCSDGGgBO?,3021,1639,1639
Os?GO???oDCDCSDOGcBO?,1646,1240,1240
Os?GO???oDCIOIDOAcBO?,3095,1544,1544
Os?GO???oDGKGWDCA`BO?,3785,321,321
Os?GO???oDcGOHDOAcBO?,3088,2510,2510
Os?GO???oDcKCWD?G_JO?,1977,3940,3940
Os?GO???oDgKGWD?A_JO?,564,2783,2783
Os?GO???oHAHCKGoGcBO?,3837,1847,1847
Os?GO???oHAICIGoGcBO?,1465,2624,2624
Os?GO???oHCHOKCoAcBO?,4010,1365,1365
Os?GO???oHcCOWCoA_bO?,3818,1783,1783
Os?GO???oHcGOHCoAcBO?,3761,1597,1597
Os?GO???oLACCKGPGgBO?,3871,1366,1366
Os?GO???oLCCCWCPGaBO?,3684,1761,1761
Os?GO???wCCDCQDGGgBO?,3920,574,574
Os?GO???wCGDGIDOAgBO?,3379,180,180
Os?GO???wCGKGWDAA`BO?,3315,127,127
Os?GO???wFA?E@POCcB?G,1950,1752,1752
Os?GO???wFC?CWD@G_bO?,3293,1681,1681
Os?GO???wFCCCOP?a_bO?,3405,1566,1566
Os?GO???wJACCOP@CORO?,3796,1439,1439
Os?GO???wJC?CWC`G_bO?,3353,629,629
Os?GO???wJC?OHCoA_bO?,3544,431,431
Os?GO???wJCCCPC_G_JO?,3719,1445,1445
Os?GO???wJGGGGC`A_RO?,3811,2976,2976
Os?GO???wKACCIGPGgBO?,3802,1495,1495
Os?GO???wLACG@COggBO?,3553,65,65
Os?GO???wMACCGGOg_bO?,3627,1760,1760
Os?GO??@GDcKCOCOgoBO?,340,2926,2926
Os?GO??@GEaKCWH?GOJO?,3333,1929,1929
Os?GO??@GEgKGWD?AOJO?,2401,2029,2029
Os?GO??@GFCCCPCoGaBO?,2539,1334,1334
Os?GO??@GFCCCPOoAaBO?,3175,1911,1911
Os?GO??@GFCGCPCgGaBO?,2434,2228,2228
Os?GO??@ODAHCKGoGcBO?,3840,2562,2562
Os?GO??@ODAICIGoGcBO?,3186,3018,3018
Os?GO??@ODCIOICoAcBO?,3010,2122,2122
Os?GO??@ODcGOHCoAcBO?,3762,3223,3223
Os?GO??@WFAGCHH?GOJO?,1988,1474,1474
Os?GO??@WFC?DGCoH?b?G,945,41,41
Os?GO??@WFCKO?D?aORO?,3378,3290,3290
Os?GO??@WFGGGHD?AOJO?,2766,3259,3259
Os?GO??@_KCKCWCWGBBO?,3272,7,7
Os?GO??@_LAGGWCWGAbO?,3359,184,184
Os?GO?@??JAICKGcGoBO?,1986,1098,1098
Os?GO?@??JGKHCCcAQBO?,614,696,696
Os?GO?@?AOaaHCOoAS@B?,2484,3061,3061
Os?GO?@?GIAEDAGoGQBO?,3154,2173,2173
Os?GO?@?GIGKCaGcAaBO?,3255,1488,1488
Os?GO?@?GKAICKGaGgBO?,911,2213,2213
Os?GO?@?GMCGOHDCAQBO?,3783,54,54
Os?GO?@?OHcCCPCcGoBO?,3472,1314,1314
Os?GO?@?OIADOcGcAcBO?,3451,59,59
Os?GO?@?OIAECKGaGoBO?,3288,847,847
Os?GO?@?OJGACcHGAObO?,1748,3234,3234
Os?GO?@?OJGADCGgAObO?,2661,1245,1245
Os?GO?@?OJGAGDCgAoBO?,1948,1633,1633
Os?GO?@?OJGAGcCgA_bO?,3013,1658,1658
Os?GO?@?OJGAHCCgAObO?,2666,1660,1660
Os?GO?@?OKGDCWGcAaBO?,2582,2141,2141
Os?GO?@?OMCACHOcAcBO?,3803,2972,2972
Os?GO?@?OMGAGDDGASBO?,1993,1344,1344
Os?GO?@?WAAPDAPGCQBO?,3152,158,158
Os?GO?@?WACBCID_GoBO?,912,682,682
Os?GO?@?WBAPPCG_A_JO?,839,1803,1803
Os?GO?@?WBA`CcH?GOJO?,370,2347,2347
Os?GO?@?WBA`PCG_AOJO?,358,2343,2343
Os?GO?@?WBGPDCG_A_JO?,780,2330,2330
Os?GO?@?WBGaGaC_A_JO?,824,2341,2341
Os?GO?@?WBGaHAC_AOJO?,343,3878,3878
Os?GO?@?WGAHPAGcASBO?,2141,3836,3836
Os?GO?@?WGGHHACgAQBO?,1973,1430,1430
Os?GO?@?WHCBCOC_goBO?,1782,2363,2363
Os?GO?@?WIA@CHGcGoBO?,2227,2460,2460
Os?GO?@?WIACCDGaGoBO?,1043,3732,3732
Os?GO?@?WIGDGcC_A_JO?,1798,1840,1840
Os?GO?@?WKA@CPPGCQBO?,2932,3091,3091
Os?GO?@?WKA@OPGcAcBO?,3249,2664,2664
Os?GO?@?WKABCWP?COJO?,235,3258,3258
Os?GO?@?WKGBCOG_acBO?,2651,1606,1606
Os?GO?@?WMA?OHGDAoBO?,2773,398,398
Os?GO?@?WMC?DGCcH?b?G,940,2581,2581
Os?GO?@?_CaHCKHOGcBO?,2416,3697,3697
Os?GO?@?_CaKOEHGAgBO?,322,3606,3606
Os?GO?@?_CcDCSDGGgBO?,3195,2420,2420
Os?GO?@?_CcDCSDOGcBO?,3213,1459,1459
Os?GO?@?_CcKCWDAGaBO?,330,3467,3467
Os?GO?@?_CcKOEDOAcBO?,327,2269,2269
Os?GO?@?_CgKGWDCA`BO?,255,3340,3340
Os?GO?@?_DGKCEHOAaBO?,2983,1118,1118
Os?GO?@?_GcDCKCoGgBO?,3935,2514,2514
Os?GO?@?_GcKCWCaGaBO?,334,2266,2266
Os?GO?@?_GgIGICgAgBO?,4009,1359,1359
Os?GO?@?_GgIGICoAcBO?,4008,2398,2398
Os?GO?@?_GgKGQCgAaBO?,2977,1434,1434
Os?GO?@?_HCDOSCoAaBO?,3235,1992,1992
Os?GO?@?_HCHOKCoAaBO?,4006,1364,1364
Os?GO?@?_HGKCSGaAaBO?,3240,2079,2079
Os?GO?@?_HGKCSHAAQBO?,1807,3758,3758
Os?GO?@?_HaCODCoCgBO?,3958,3675,3675
Os?GO?@?_HaCOSC`CgBO?,3248,1491,1491
Os?GO?@?_HaCOSCoC_bO?,3832,2572,2572
Os?GO?@?_HaCOSG`AgBO?,3819,2560,2560
Os?GO?@?_HaGGWODAoBO?,3179,3486,3486
Os?GO?@?_HaGODCoCcBO?,3821,1304,1304
Os?GO?@?_HaGODGgAgBO?,3926,3003,3003
Os?GO?@?_HaGODGoAcBO?,3909,1446,1446
Os?GO?@?_HaGOKC`CgBO?,3233,1810,1810
Os?GO?@?_HaGOKG`AgBO?,3817,1449,1449
Os?GO?@?_HcCOPCoAaBO?,3681,1846,1846
Os?GO?@?_HcGCHCoGaBO?,3703,1370,1370
Os?GO?@?_HcGCHOoAaBO?,3724,1309,1309
Os?GO?@?_HgCCSG`AgBO?,3696,2558,2558
Os?GO?@?_HgGCDGgAgBO?,3950,2938,2938
Os?GO?@?_HgGCDGoAcBO?,3879,1308,1308
Os?GO?@?_HgGCKG`AgBO?,3686,1617,1617
Os?GO?@?_HgGCKGoA_bO?,3843,1311,1311
Os?GO?@?_HgGCSG`AcBO?,3692,1616,1616
Os?GO?@?_HgKCSG_A_JO?,2599,3158,3158
Os?GO?@?_KAECWGEGgBO?,1643,646,646
Os?GO?@?_KcCCWCDGgBO?,1747,3029,3029
Os?GO?@?_KcCCWODAgBO?,1562,2482,2482
Os?GO?@?_LACGDCSGgBO?,3827,424,424
Os?GO?@?_LCCCDCSGgBO?,3814,162,162
Os?GO?@?gDCGCQD@GaBO?,3643,916,916
Os?GO?@?gDGGCBHOAaBO?,3854,286,286
Os?GO?@?gDGGCQH@AaBO?,3551,72,72
Os?GO?@?gDGGGQD@AaBO?,3602,903,903
Os?GO?@?gDc?DODOH?b?G,561,1694,1694
Os?GO?@?gECDCSD?G_JO?,2072,1663,1663
Os?GO?@?gFA?E@HOGaB?G,1401,2621,2621
Os?GO?@?gGAHCQGgGaBO?,3399,1306,1306
Os?GO?@?gGCDCQCoGaBO?,3813,1729,1729
Os?GO?@?gGCDCQOoAaBO?,3966,1536,1536
Os?GO?@?gGCHCICoGaBO?,3906,1525,1525
Os?GO?@?gGCHCIOoAaBO?,3864,1407,1407
Os?GO?@?gGCHCQCgGaBO?,3876,1305,1305
Os?GO?@?gGcDCOCOgoBO?,629,2767,2767
Os?GO?@?gHAGGBCoGaBO?,3806,2973,2973
Os?GO?@?gHaGCOP@CORO?,2507,2975,2975
Os?GO?@?gHc?OPCoA_bO?,2133,2668,2668
Os?GO?@?gIA@GHOSAoBO?,3968,1408,1408
Os?GO?@?gIc?OHCoA_bO?,3678,1723,1723
Os?GO?@?gIcCCPC_G_JO?,3633,1569,1569
Os?GO?@?gIcCCPO_A_JO?,3592,1312,1312
Os?GO?@?gIgGGGC`A_RO?,3810,1501,1501
Os?GO?@?gJA?E@GoGaB?G,1953,3395,3395
Os?GO?@?gJA?ODCoC_bO?,2302,1886,1886
Os?GO?@?gJAGODC_C_JO?,2595,1914,1914
Os?GO?@?gJAGODG_A_JO?,2501,2124,2124
Os?GO?@?gJC?ODCoA_bO?,2277,2120,2120
Os?GO?@?gKaCG@COggBO?,1476,2526,2526
Os?GO?@?oDa?E@HOGcB?G,1408,3200,3200
Os?GO?@?oDaGCGH?g_bO?,1708,3194,3194
Os?GO?@?oDaKC?P?c_RO?,1064,2982,2982
Os?GO?@?oDc?CWD@G_bO?,1062,3145,3145
Os?GO?@?oDcGOHD?A_JO?,563,3616,3616
Os?GO?@?oHgGGGC`A_RO?,3801,2977,2977
Os?GO?@?oKAAGHOWA`BO?,1576,2209,2209
Os?GO?@?oKACGICDGgBO?,2586,1029,1029
Os?GO?@?oKCCCICPGaBO?,3701,331,331
Os?GO?@?oKgGGGCGa_bO?,1543,2414,2414
Os?GO?@?oLAAGGOOa_bO?,2985,2709,2709
Os?GO?@?oLACCCG@ggBO?,3733,1347,1347
Os?GO?@?oMB?CKGGG_J?G,3514,329,329
Os?GO?@?oMGAGGCGa_bO?,2759,758,758
Os?GO?@?wF@?C@C@k_BG?,62,709,709
Os?GO?@?wFA?E@P?C_J?G,66,2896,2896
Os?GO?@?wGC@CIOoA_bO?,1724,1771,1771
Os?GO?@?wGCDCQC_G_JO?,2581,3208,3208
Os?GO?@?wM@?C@G@iCBG?,1343,2805,2805
Os?GO?@?wMC?CGD?h?b?G,923,2198,2198
Os?GO?@@?CcKCWCaGaBO?,329,3465,3465
Os?GO?@@?CgKCQGgAaBO?,2154,3023,3023
Os?GO?@@?CgKGWDAAQBO?,258,2327,2327
Os?GO?@@?CgKGWDCAPBO?,257,3341,3341
Os?GO?@@?DADOSGoAaBO?,2838,2424,2424
Os?GO?@@?DAHOSGgAaBO?,3027,214,214
Os?GO?@@?DaGCPGgGaBO?,628,2744,2744
Os?GO?@@?DcCCPOoAaBO?,2844,3502,3502
Os?GO?@@?DcCOPCoAaBO?,2329,2509,2509
Os?GO?@@?DcGCHOoAaBO?,2695,2537,2537
Os?GO?@@?DcKCOO_aaBO?,2841,3075,3075
Os?GO?@@?FGGCDGgAaBO?,1687,3123,3123
Os?GO?@@GCAHCQGgGaBO?,2528,1020,1020
Os?GO?@@GCCDCQCoGaBO?,2738,3088,3088
Os?GO?@@GCCDOQCoAaBO?,3099,1767,1767
Os?GO?@@GCCHCICoGaBO?,2751,2425,2425
Os?GO?@@GCCHCQCgGaBO?,2538,3905,3905
Os?GO?@@GDC@ODDOAWBO?,3763,1718,1718
Os?GO?@@GDa?E@HOGWB?G,1954,2871,2871
Os?GO?@@GEaCCOP@CORO?,3795,3189,3189
Os?GO?@@GEcCOPD?AOJO?,2400,1362,1362
Os?GO?@@GEcKO?D?aORO?,1700,3330,3330
Os?GO?@@GFA?E@GoGaB?G,1490,3429,3429
Os?GO?@@GFC?CPO`AaBO?,2852,3095,3095
Os?GO?@@ODAACBGgGgBO?,3232,1673,1673
Os?GO?@@ODAACBGoGcBO?,3245,3110,3110
Os?GO?@@ODAECQG_G_JO?,3438,3272,3272
Os?GO?@@ODAICIG_G_JO?,2230,3874,3874
Os?GO?@@ODCEOQC_A_JO?,2831,1363,1363
Os?GO?@@ODc?DGCoH?b?G,944,2632,2632
Os?GO?@@WCA@GICoG_bO?,3072,3163,3163
Os?GO?@@WCA@GIOoA_bO?,3083,1646,1646
Os?GO?@@WCC@CICoG_bO?,2362,2404,2404
Os?GO?@@WF?oC?G@j?B?C,259,826,826
Os?GO?@@WF?oG?C@j?B?C,249,827,827
Os?GO?@@WFC?D?C_h?b?G,288,2875,2875
Os?GO?@@_KCKCOCGgBBO?,986,91,91
Os?GO?@@_Kc?CWCWH?b?G,28,1218,1218
Os?GO?@@gL@?C@C@kGBA?,741,206,206
Os?GO?@@gLA?E@OOCGJ?G,1978,1111,1111
Os?GO?A?_GaKGQCSGcBO?,3849,546,546
Os?GO?A?_GcKCQCSGcBO?,3732,868,868
Os?GO?A?_HADOSGSAgBO?,2187,527,527
Os?GO?A?_HaEGOCOggBO?,2255,1144,1144
Os?GO?A?_HaKGCOOagBO?,3742,1151,1151
Os?GO?A?_IGDGKCSAgBO?,3656,341,341
Os?GO?A?_IGDGSCKAgBO?,4005,337,337
Os?GO?A?_JAAGSOWA_bO?,3194,479,479
Os?GO?A?_JACGSCSG_bO?,3841,451,451
Os?GO?A?_JAGGKCSG_bO?,3838,545,545
Os?GO?A?_JCACKOPAgBO?,3747,1134,1134
Os?GO?A?_JCACSOHAgBO?,3584,143,143
Os?GO?A?_JGAGDCWAgBO?,1924,293,293
Os?GO?A?gGABGQOWAgBO?,3209,1025,1025
Os?GO?A?gGCBCQOWAgBO?,3025,1016,1016
Os?GO?A?gGCHCQCSGcBO?,2430,921,921
Os?GO?A?gHA@GSOPAgBO?,2680,1524,1524
Os?GO?A?gHABOOGOagBO?,1143,1889,1889
Os?GO?A?gHB?DOGQGIB?G,2629,1533,1533
Os?GO?A?gHC@CSOPAgBO?,2792,1672,1672
Os?GO?A?gHcGCOCOg_bO?,161,2923,2923
Os?GO?A?gIC@CWCSG_bO?,1975,1427,1427
Os?GO?A?gICHCOCCgcBO?,2390,3016,3016
Os?GO?A?gIGDCCGOagBO?,3136,1609,1609
Os?GO?A?gJGAG@COagBO?,2543,1667,1667
Os?GO?A?oGABGIOWAgBO?,3991,874,874
Os?GO?A?oGAEOQGQAcBO?,3503,1316,1316
Os?GO?A?oGAKGECQGcBO?,3812,160,160
Os?GO?A?oGAKGQCEGcBO?,3907,154,154
Os?GO?A?oGCBCIOWAgBO?,4004,481,481
Os?GO?A?oHA@GDOWAgBO?,3963,1507,1507
Os?GO?A?oHA@GKOPAgBO?,3886,1395,1395
Os?GO?A?oHABGOCGggBO?,3882,1367,1367
Os?GO?A?oHADGCOOagBO?,2146,3740,3740
Os?GO?A?oHAHGCOGagBO?,3777,2567,2567
Os?GO?A?oHC@CKOPAgBO?,3773,2536,2536
Os?GO?A?oHC@CSOHAgBO?,1570,1199,1199
Os?GO?A?oHC@CSOWA_bO?,2604,2974,2974
Os?GO?A?oHCACQCWG_bO?,3697,1369,1369
Os?GO?A?oHCDCCOOagBO?,2307,3187,3187
Os?GO?A?oHCGCICSG_bO?,2640,3718,3718
Os?GO?A?oHa?GPCWG_bO?,3665,1375,1375
Os?GO?A?oHa?GPOWA_bO?,2713,1811,1811
Os?GO?A?oHb?CWGOG_J?G,3658,2528,2528
Os?GO?A?oHgCGOCOa_bO?,2755,2881,2881
Os?GO?A?oIACCPGEGcBO?,3216,602,602
Os?GO?A?oIACGPCEGcBO?,3929,1443,1443
Os?GO?A?oIAKGACCgcBO?,3901,1553,1553
Os?GO?A?oICCCPCEGcBO?,3720,287,287
Os?GO?A?oICKCACCgcBO?,2811,1519,1519
Os?GO?A?oIaCC@GOgcBO?,2408,1916,1916
Os?GO?A?oIaCG@COgcBO?,2418,1913,1913
Os?GO?A?oIcCC@COgcBO?,2389,1899,1899
Os?GO?A?oJAAGOCGg_bO?,3807,1444,1444
Os?GO?A?oJGAG@CGagBO?,3691,1590,1590
Os?GO?A?wGA@GIOPAgBO?,3034,1530,1530
Os?GO?A?wGACGQCQG_bO?,3208,597,597
Os?GO?A?wGC@CBOWAgBO?,1421,2593,2593
Os?GO?A?wGG@GBCWAgBO?,1292,1895,1895
Os?GO?A?wHA?CQGPG_bO?,2169,3706,3706
Os?GO?A?wHA@GOCOg_bO?,2726,3038,3038
Os?GO?A?wHAGGACOg_bO?,2584,3252,3252
Os?GO?A?wHC?CQCPG_bO?,2120,3911,3911
Os?GO?A?wIG@C@GGagBO?,2964,504,504
Os?GO?A?wJA?C@GOg_bO?,1198,2589,2589
Os?GO?A?wJA?G@COg_bO?,1264,1200,1200
Os?GO?A@?CaKGQCSGcBO?,3885,867,867
Os?GO?A@?KADGSCSGKBO?,3623,26,26
Os?GO?A@?KADOSGSAKBO?,3534,35,35
Os?GO?A@?KGDGSCSAKBO?,3571,24,24
Os?GO?A@GKADOSGOAGJO?,2258,1138,1138
Os?GO?A@GKAHCWGCGGJO?,3743,498,498
Os?GO?A@GKB?CSGQGKB?G,3712,507,507
Os?GO?A@GKGHGSCOACJO?,3018,457,457
Os?GO?A@OCAKGECQGcBO?,3856,483,483
Os?GO?A@OCAKGQCEGcBO?,3949,482,482
Os?GO?A@OEAKGACCgcBO?,3945,1568,1568
Os?GO?A@OKADOKGOAGJO?,2734,1157,1157
Os?GO?A@OKG@CDGWAKBO?,3891,296,296
Os?GO?A@OLAICOG?gCJO?,1561,3734,3734
Os?GO?A@WKA@O@COcKBO?,3757,245,245
Os?GO?A@WLCGCOO?a?jO?,950,2492,2492
Os?GO?A@WM?KC?G@j?B?C,3429,1131,1131
Os?GO?B?_GAIGQOEAcBO?,3990,884,884
Os?GO?B?_GCBCEOWAgBO?,3094,968,968
Os?GO?B?_GCBCQCSGcBO?,3860,572,572
Os?GO?B?_GCHOECKAgBO?,3942,861,861
Os?GO?B?_GGBGECWAgBO?,1655,1214,1214
Os?GO?B?_GcBCOCOgcBO?,642,2720,2720
Os?GO?B?_GgICAGOacBO?,3894,1731,1731
Os?GO?B?_HA@GSCSG_bO?,3723,1301,1301
Os?GO?B?_HAAGQCSG_bO?,3824,151,151
Os?GO?B?_HAHOCGCagBO?,1931,1426,1426
Os?GO?B?_HaGCCG@ggBO?,3682,1447,1447
Os?GO?B?_IAAGQCKG_bO?,3071,1850,1850
Os?GO?B?_IADOCGCagBO?,1928,2442,2442
Os?GO?B?_JAGGCCCg_bO?,2158,3863,3863
Os?GO?B?_JCACCOOa_bO?,2574,3248,3248
Os?GO?B?_JGAGCC@agBO?,1275,984,984
Os?GO?B?gGAGCEGQG_bO?,3031,506,506
Os?GO?B?gGAGGECQG_bO?,3043,471,471
Os?GO?B?gGCGCECQG_bO?,2973,1150,1150
Os?GO?B?gIA@GCCOg_bO?,2511,2541,2541
Os?GO?B?gIAACAGOg_bO?,3085,1808,1808
Os?GO?B?oGABGACOgcBO?,3903,440,440
Os?GO?B?oGAHGACCgcBO?,3902,1570,1570
Os?GO?B?oGAHGAOCacBO?,3745,1506,1506
Os?GO?B?oGCHCAOCacBO?,3938,1508,1508
Os?GO?B?oGGBGACOacBO?,3826,854,854
Os?GO?B?oGGCGECQA_bO?,3919,52,52
Os?GO?B?oGGHGACCacBO?,3884,1494,1494
Os?GO?B?oGc@COO@acBO?,3687,1794,1794
Os?GO?B?oGcGCAO@acBO?,3690,1451,1451
Os?GO?B?oHA?GBCSG_bO?,1742,3193,3193
Os?GO?B?oHA@GCO@agBO?,3689,1789,1789
Os?GO?B?oHAAGACOg_bO?,3798,3190,3190
Os?GO?B?oHC?CBCSG_bO?,1475,3721,3721
Os?GO?B?oHC?CECPG_bO?,3676,3719,3719
Os?GO?B?oHC?CQCDG_bO?,3461,3215,3215
Os?GO?B?oIA@CCG@gcBO?,3736,1857,1857
Os?GO?B?oIc?C@C@gcBO?,141,2774,2774
Os?GO?B?wGCGCACAg_bO?,582,3659,3659
Os?GO?B@?CAIGQOEAcBO?,3992,885,885
Os?GO?B@?CgIGACOacBO?,3939,2515,2515
Os?GO?B@?KA@CPGSGEBO?,3214,581,581
Os?GO?B@?LCACCCOgGbO?,1821,1562,1562
Os?GO?B@?LCACDCOGGJO?,1781,2708,2708
Os?GO?B@?MAACDGOGCJO?,764,695,695
Os?GO?B@?MAAGCCOgCbO?,3610,84,84
Os?GO?B@?MAEGCCOG?ZO?,3554,60,60
Os?GO?B@?MAKOCGCA?ZO?,1381,971,971
Os?GO?B@?MCECCOOA?ZO?,2455,796,796
Os?GO?B@?MCECOCCG?ZO?,3547,76,76
Os?GO?B@?MGAGDCOACJO?,1367,1082,1082
Os?GO?B@GKA@CPGCGGJO?,3203,1537,1537
Os?GO?B@GKG@CDGOAGJO?,2553,2716,2716
Os?GO?B@OC?`CDGIJ?BA?,3639,238,238
Os?GO?B@OCABCAGOgcBO?,3878,172,172
Os?GO?B@OCABGAOOacBO?,3751,3108,3108
Os?GO?B@OCAHCAGCgcBO?,3872,1496,1496
Os?GO?B@OCAHGAOCacBO?,3748,1441,1441
Os?GO?B@OCCHCACCgcBO?,3079,1538,1538
Os?GO?B@OCGBGACOacBO?,3897,866,866
Os?GO?B@OCGHGACCacBO?,3898,1396,1396
Os?GO?B@OH_WC?G@j?B?C,1093,1054,1054
Os?GO?B@OKGDCCCOC?ZO?,3539,312,312
Os?GO?B@WGB?CoOAC@J?G,1155,3199,3199
Os?GO?B@_A?`CBGKJ?BA?,3239,942,942
Os?GO?B@_A?`CKGBJ?BA?,2757,943,943
Os?GO?B@_G?HCDGIJ?BA?,3638,877,877
Os?GO?C?_CcKCSCQGcBO?,1992,1099,1099
Os?GO?C?_MAECKOOCGJO?,1951,125,125
Os?GO?C?_MGEGKCOAGJO?,818,105,105
Os?GO?C?gKA@CPGWGIBO?,3117,470,470
Os?GO?C?gMAGCPGGGAJO?,817,3644,3644
Os?GO?C?gMC?CWCSH?b?G,967,2499,2499
Os?GO?C?oCAKGECQGcBO?,2464,416,416
Os?GO?C?oCAKGQCEGcBO?,2466,607,607
Os?GO?C?oEAKGACCgcBO?,2461,1880,1880
Os?GO?C?oECKCCCAgcBO?,1959,1431,1431
Os?GO?CAOE?oGHCEIGB@?,3508,843,843
Os?GO?D?_CaBGOCOgcBO?,833,3990,3990
Os?GO?D?_CgICAGOacBO?,3218,1869,1869
Os?GO?D?oCABCAGOgcBO?,2541,662,662
Os?GO?D?oCABGAOOacBO?,3107,3287,3287
Os?GO?D?oCAHGAOCacBO?,2627,1715,1715
Os?GO?D?oCCBCAOOacBO?,3206,1026,1026
Os?GO?D?oCCHCACCgcBO?,2365,2717,2717
Os?GO?D?oCCHCAOCacBO?,3252,1991,1991
Os?GO?D?oCGBGACOacBO?,2697,61,61
Os?GO?D?oCGHGACCacBO?,3077,1983,1983
Os?GO?D?oCaGCAG@gcBO?,2529,1644,1644
Os?GO?D?oEC@CCC@gcBO?,2435,3907,3907
Os?GO?D?oMD?CGCCG?Z?G,1662,66,66
Os?GO?D?wK?HC?G@j?B?C,1913,1438,1438
Os?GO?D?wK?HG?C@j?B?C,1087,3424,3424
Os?GO?D?wM@?G?C@i?b?C,875,1009,1009
Os?GO?D?wMA?C?O@c?rO?,876,1006,1006
Os?GO?E@OB@?CDCBKOBA?,3397,1292,1292
Os?GO?E@OC?HCDGIJ?BA?,3650,895,895
Os?GO?F@_A@?CDCBK@BA?,3306,264,264
Os?GO?F@_A_GC@GBJ?B?C,3313,1698,1698
Os?GO?G@OE?WGHCEI_B@?,3512,240,240
Os?GOC@?gB@?CBCDK_BG?,1386,622,622
Os?GOC@@GB@?CBCDKOBG?,2944,390,390
Os?GOC@@GH@?CDCBKOBA?,3334,385,385
Os?GOC@AOC?`CKGBI_B@?,2746,119,119
Os?GOCA?WB@?CDCBK_BG?,3283,8,8
Os?GOCA@OH@?CBCDKGB@?,3386,1920,1920
Os?GOCAAOG?HCDGII_B@?,3524,911,911
Os?GOCB?O@`?CDCBK_BG?,1398,933,933
Os?GOCB@?B@?CBCDKABG?,325,822,822
Os?GOCB@?G`?CDCBKGB@?,1907,1933,1933
Os?GOCB@?H@?CDGBIABA?,2363,950,950
Os?GOCB@OH@?CDCBK?B?@,45,2320,2320
Os?GOCBA?@_IG@CAk_Ag?,2003,1925,1925
Os?GOCC??`aEGSQOGO@G@,3377,382,382
Os?GOCC??`aEGcQOCGAG@,3382,1565,1565
Os?GOCC??`aEGcQOGG@G@,3376,179,179
Os?GOCC??`aEHCQOCOAA@,3307,346,346
Os?GOCC??`aEHCQOGO@A@,3310,1697,1697
Os?GOCC??`gICgHOCAAO@,3953,1728,1728
Os?GOCC??aaEGSR?GO@@@,2325,791,791
Os?GOCC??aaEOSR?CO@@@,3161,1035,1035
Os?GOCC??aaIGKR?GO@@@,2321,922,922
Os?GOCC??aaIOKR?CO@@@,2571,630,630
Os?GOCC??agIGKR?AO@@@,3222,601,601
Os?GOCC??caIHGGWGAAO@,1601,2183,2183
Os?GOCC?@CcIPCQOAC?`@,691,1774,1774
Os?GOCC?A@cEGcQOAG?g@,2972,365,365
Os?GOCC?A@cIDGCoCAAO@,3067,1834,1834
Os?GOCC?ACaIDGGWCAAO@,3036,1791,1791
Os?GOCC?ACcECKR?CG?a@,2764,2055,2055
Os?GOCC?ACcIGSR?AC?`@,442,2283,2283
Os?GOCC?AOaQCKOWC_@A@,3028,1015,1015
Os?GOCC?AOaQGKOWA_@A@,4057,408,408
Os?GOCC?AOaaCKOWCO@A@,1530,1063,1063
Os?GOCC?AOcECSOWCO?g@,4051,426,426
Os?GOCC?AOcQCKOWA_@A@,4053,407,407
Os?GOCC?AOcaCKOWAO@A@,3937,445,445
Os?GOCC?AOcaCcOWCC?a@,4034,2513,2513
Os?GOCC?AOcgCgOWAA@?`,2340,3352,3352
Os?GOCC?gH@?CBCDKGBA?,2057,633,633
Os?GOCC@WB?OC@GBJ?B?C,1157,2967,2967
Os?GOCD??ccaCSOGD?A?B,2623,2831,2831
Os?GOCD??ccaCWOCD?A?B,2131,3767,3767
Os?GOCD?@@aIOCQ?cO?g@,3135,3508,3508
Os?GOCD?@AaEOCQ?cO?g@,3133,3247,3247
Os?GOCD?@CaaOCQ?cC?a@,2999,1378,1378
Os?GOCD?@IASOCCCCAIOC,2320,3013,3013
Os?GOCD?_@`?CDCBK_BA?,3372,876,876
Os?GOCD?_GADCEGOGAJO?,3586,81,81
Os?GOCD?_H@?CDCBKABA?,2113,792,792
Os?GOCD@?@`?CDCBKOBA?,3332,1143,1143
Os?GOCD@?D@?CDCBKABA?,3365,389,389
Os?GOCD@OD@?C@G@iAB?O,2706,1422,1422
Os?GOCD@OD@?CDCBK?B?@,51,2316,2316
Os?GOCD@ODCAOAC?a?jO?,2076,1901,1901
Os?GOCD@_@@?CDCBK@BA?,3350,388,388
Os?GOCDA?_aBO_H?gC@A@,865,2000,2000
Os?GOCDA?_aBP?G_GCPAA,860,3967,3967
Os?GOCDA?_aBP?G_gC@A@,864,3961,3961
Os?GOCDA?caKOCP?C?H?D,2012,3783,3783
Os?GOCDA?ccaGOCGG?Q?B,2092,1985,1985
Os?GOCDA?cgKCCP?C?H?D,2109,2868,2868
Os?GOCDA@AgSCCP?A?H?D,3675,3488,3488
Os?GOCDA@CgKCCP?A?H?D,2110,2815,2815
Os?GOCDA@DG_GCCCAGI?K,2589,1915,1915
Os?GOCDAA@aAD?G_CGI?K,1744,1377,1377
Os?GOCDAA@aOGOCCC_I?K,4019,3695,3695
Os?GOCDAA@aOGOGCA_I?K,4014,3171,3171
Os?GOCDAABCOD?GCAAI?K,2475,3672,3672
Os?GOCDAACaAGGD?CGI?K,3946,1564,1564
Os?GOCDAACcACGD?CGI?K,3951,3715,3715
Os?GOCDAADCAD?CCCGI?K,3779,1726,1726
Os?GOCDAAGcACGC_CGI?K,3870,1372,1372
Os?GOCDAAHAACCG_CGI?K,1736,2865,2865
Os?GOCDAAKAACGGCCGI?K,3211,1612,1612
Os?GOCDAAKAAGGCCCGI?K,3775,1535,1535
Os?GOCDAAKCACCGGAGI?K,3782,2401,2401
Os?GOCDAAKCACGCCCGI?K,3774,1371,1371
Os?GOCE?OB@?CBCDKABG?,3361,4,4
Os?GOCE?OB@?CBGDI_B?_,3516,19,19
Os?GOCE@O?_KC@GAj?B?O,3435,1637,1637
Os?GOCE@O?_KG@CAj?B?O,3443,364,364
Os?GOCE@OB@?CBCDK?B?@,48,716,716
Os?GOCEA?@_IC@GAi_BA?,3484,1610,1610
Os?GOCEA?@_IG@CAi_BA?,3473,1611,1611
Os?GOCF??G`?CBCDKABA?,1752,1805,1805
Os?GOCF@O??ACBCBL?B?O,962,43,43
Os?GOCFA??_ACBCBK_BA?,1388,193,193
Os?GOCG@AIAIGgCCCCA?B,3641,1337,1337
Os?GOCG@AKCKCWGCAAA?B,3734,1331,1331
Os?GOCH@?cgAH?CGCGI?K,2089,1403,1403
Os?GOCH@@GgQCGGOA?I?D,2540,3757,3757
Os?GOCK?O@_IC@GAi_BC?,2635,3214,3214
Os?GOG???gdCOgOgAI@A_,3308,219,219
Os?GOG???occOcOWAQ@B?,3431,359,359
Os?GOG??A@aEGKI_AgAE?,2197,756,756
Os?GOG??AWGEGKGKAW?e?,1934,124,124
Os?GOG@?_bAaGcOGD?A?B,2088,3916,3916
Os?GOG@?_bAaGgOCD?A?B,2491,3026,3026
Os?GOG@?_iAEGgOCD?A?B,2492,3228,3228
Os?GOG@?`OcID?O_ACI@C,3563,1281,1281
Os?GOG@@_A?PGDCIJ?B@?,3569,129,129
Os?GOG@@_C?HGDCIJ?B@?,3568,338,338
Os?GOG@B?A?PGDCIIOB@?,2343,788,788
Os?GOGA??agECgHOCAAO@,3023,1817,1817
Os?GOGA?@AaECoHGGAAO@,3134,1836,1836
Os?GOGA?@AaEDOGgGAAO@,3137,2223,2223
Os?GOGA?AOcaGcOWAC?a@,2304,1355,1355
Os?GOGA?AOccGoOWAA?_`,415,2328,2328
Os?GOGA?AOcgCgOWAA@?`,2338,2168,2168
Os?GOGA?AOcgGgOWAA?_`,414,2356,2356
Os?GOGA?AOgoGWCWCA?_`,2290,300,300
Os?GOGA?AOgoGWGWAA?_`,377,737,737
Os?GOGA?OcaKH?Q?CAI@C,4045,576,576
Os?GOGA?OcaKH?Q?GCH?c,2568,3159,3159
Os?GOGA?OccKP?Q?aA@@@,1881,969,969
Os?GOGA?OdAIH?Q?GAH@C,2859,3545,3545
Os?GOGA?OdAIH?Q?cCA?`,3251,3109,3109
Os?GOGA?OgdCC_GOGCI?c,3904,1413,1413
Os?GOGA?OkBGOCGCGCH@C,3452,1475,1475
Os?GOGA?OkBGOCGCGCP@A,3047,2157,2157
Os?GOGA?OkBGOCGCgC@@@,2378,2848,2848
Os?GOGA?OkBGOCOCcC@@@,607,3273,3273
Os?GOGA?OkDGOCOGAAH@C,3611,879,879
Os?GOGA?OkDGOCOGACH?c,2121,2457,2457
Os?GOGA?OkDGOCOGaC@?`,3054,1384,1384
Os?GOGA?OkDGOGOCAAH@C,2686,2148,2148
Os?GOGA?OkDGOGOCACH?c,3634,1271,1271
Os?GOGA?OoccO_OOAAH@C,3459,1141,1141
Os?GOGA?OoccO_OOACH?c,4056,444,444
Os?GOGA?OpGID?O_CAH@C,2403,2819,2819
Os?GOGA?OsAgOCGCgC@@@,2218,3794,3794
Os?GOGA?OsCgOCOGAAH@C,2924,3838,3838
Os?GOGA?OsCgOCOGACH?c,2052,3842,3842
Os?GOGA?OsCgOCOGaA@@@,2922,3554,3554
Os?GOGA?OsCgOGOCAAH@C,2824,3791,3791
Os?GOGA?OsCgOGOCACH?c,2782,3854,3854
Os?GOGA?OwGEOOG_AAH@C,3087,1796,1796
Os?GOGA?PWGEOOG_AAG`C,2837,2431,2431
Os?GOGA?PWGSCOCCCAI@C,1669,3409,3409
Os?GOGA?Q@acICC_CGA?B,4042,1246,1246
Os?GOGA?Q@aoIGCCCGA?B,3608,1388,1388
Os?GOGA?Q@bAHGC_CGA?B,4043,3687,3687
Os?GOGA?Q@caIGC_AGA?B,3750,244,244
Os?GOGA?QWCEGoCCACA?B,2805,1462,1462
Os?GOGA?WB@?CDCBK_BC?,3389,11,11
Os?GOGA?_GAKCSGIGBBO?,3988,30,30
Os?GOGA@?CAHCKGQGEBO?,3977,31,31
Os?GOGA@?CAICIGQGEBO?,4001,34,34
Os?GOGA@OD@?CDGBGKB_?,2637,1938,1938
Os?GOGB??`aIOCQ?c_@C@,2402,2857,2857
Os?GOGB??kCKOCCCCAIOC,1968,2814,2814
Os?GOGB?@KAICKOCD?A?B,2444,3261,3261
Os?GOGB?@KCKOCCCAAIOC,276,3985,3985
Os?GOGB?GA`?CBCDK_BC?,3373,275,275
Os?GOGB?GE@_C@GEIAB?C,1991,1423,1423
Os?GOGB?GE@_G@CEIAB?C,1318,2698,2698
Os?GOGB?_Gc?CQCKH?b?G,968,2096,2096
Os?GOGB?oGA@OAGCaCbO?,3204,1512,1512
Os?GOGB?oGA@OBGCACJO?,2465,2940,2940
Os?GOGB?oGAEOAGAA?ZO?,3335,189,189
Os?GOGB@?C`?CBGDGKB_?,2431,2030,2030
Os?GOGB@?Cc?CQCKH?b?G,970,3815,3815
Os?GOGB@GE@?OEG@A?j_?,1940,1436,1436
Os?GOGB@O?_CCBCBKOBO?,2443,386,386
Os?GOGB@O?_DC@GAiOBO?,2108,1628,1628
Os?GOGB@O@?BC@GAiOBO?,2114,1629,1629
Os?GOGB@OD@?CDCBK?B?@,50,3464,3464
Os?GOGB@OD@?OEG@A?j_?,1939,2467,2467
Os?GOGB@_?_KC@GAj?B?O,1955,1424,1424
Os?GOGB@_?_KG@CAj?B?O,1967,1425,1425
Os?GOGB@_B@?C@CEK?b?C,1906,3295,3295
Os?GOGBA?_aBP?G_CCQAA,867,3958,3958
Os?GOGBA?_aBP?O_CCHAC,854,1661,1661
Os?GOGBA?_aBP?O_CGH@C,856,3713,3713
Os?GOGBA?_aBP?O_cC@A@,849,3970,3970
Os?GOGBAAIGSGCCCC?O_B,2040,3414,3414
Os?GOGBAAKCAGCCOACI?K,1658,1964,1964
Os?GOGBAAKCGGGCCAAI?K,769,3262,3262
Os?GOGBAAKGKCCCCC?P?B,1908,2872,2872
Os?GOGC?OS?WCBGKICB?_,1201,957,957
Os?GOGC?_CAICIGQGEBO?,4002,36,36
Os?GOGC?wF@?C?G@i?b?C,3271,210,210
Os?GOGCA?D?ICDCIKOBA?,2839,1942,1942
Os?GOGCA?D?ICECHKOBA?,3411,1939,1939
Os?GOGCA?`cEO_OOAOHAC,3725,1522,1522
Os?GOGCA?`cEO_OOAOPAA,2692,2406,2406
Os?GOGCA?`cEO_OOaO@A@,3004,1621,1621
Os?GOGCA?`cICWO_COA?B,1239,982,982
Os?GOGCA?`cIO_O_CGO`A,3836,232,232
Os?GOGCA?acEO_G_ACIAC,3168,1516,1516
Os?GOGCA?caKO_GOgA@@@,3995,411,411
Os?GOGCA@@aIG_C_GCIAC,4039,3691,3691
Os?GOGCA@AaEG_C_GCIAC,4037,3349,3349
Os?GOGD?_CCDOECOAAJO?,2918,535,535
Os?GOGD?_Cc?CQCKH?b?G,969,3814,3814
Os?GOGD?_Cc?CWCEH?b?G,823,1261,1261
Os?GOGD?oDGBG?C?a?ZO?,148,2775,2775
Os?GOGD?oD`?C?G@i?b?C,983,2024,2024
Os?GOGEAOC?GCDGII?b?O,3507,38,38
Os?GOGG??`aEGoHOGAAC@,1240,1045,1045
Os?GOGG??`aEOoGoCAAG@,3370,917,917
Os?GOGG??`aQOWGoCAAG@,3974,869,869
Os?GOGG??`cEGcOoAGAG@,3538,570,570
Os?GOGG??`cEGcOoGG?g@,3457,326,326
Os?GOGG??`cIGgPOAAAC@,3219,1018,1018
Os?GOGG??`cIP_GWAAAC@,3646,133,133
Os?GOGG??ccIOWDGCAAC@,3714,1734,1734
Os?GOGG??ccIOWHGAAAC@,3671,415,415
Os?GOGG??gcIOgGWAAAC@,3595,1307,1307
Os?GOGG??ggICgGWCAAC@,3865,148,148
Os?GOGG??ggIGgGWAAAC@,3492,560,560
Os?GOGG?@CcIPGCWAAAC@,3718,301,301
Os?GOGG?@CgIDGCWCAAC@,3442,499,499
Os?GOGG?ACcWDGCWGA@?`,1133,1068,1068
Os?GOGG?ACcWOWDGAA@?`,2283,464,464
Os?GOGG?_bCQDGOCCGA?B,2291,2369,2369
Os?GOGH@_@_WGAC@I?R?A,3427,2981,2981
Os?GOGI@O@_WGAC@I?R?A,2041,4051,4051
Os?GOGI@OE?C?DWAE?Q_G,2192,1854,1854
Os?GOGK?O@_IC@GAiOBC?,2049,1571,1571
Os?GOGK?_A?BCHCEKOBA?,3081,2437,2437
Os?GOGK?_A?WCHCEK@B?_,2009,591,591
Os?GOK??@KGIIGOKAA?`@,2253,1042,1042
Os?GOK??@OaKPGOgAA@?`,1276,2092,2092
Os?GOK??ACaKCKGKG_@O@,3541,134,134
Os?GOK??ACaaIGCKCGA@@,3986,1293,1293
Os?GOK??ACaaIGGKAGA@@,3863,1717,1717
Os?GOK??ACcaIGCKAGA@@,3893,1709,1709
Os?GOK??AED_CKCKGA@@@,1022,2019,2019
Os?GOK??APCIHCOgAA?`@,2942,1348,1348
Os?GOK??APCaGcOWAA?`@,2943,1346,1346
Os?GOK??AQGoCKCKCC@?`,1915,211,211
Os?GOK??GaaaIGO_CCA?B,2741,1669,1669
Os?GOK??GcaIJ?OGCCA?B,1179,2532,2532
Os?GOK??GgaQIGOOCCA?B,2760,798,798
Os?GOK??GoaKH_OCCCA?B,2078,1404,1404
Os?GOK??GoaWHGOCCCA?B,1190,3132,3132
Os?GOK??GocKD_OCCCA?B,2069,1986,1986
Os?GOK??GocWDGOCCCA?B,1691,3134,3134
Os?GOK??HAaaEGO_CCA?B,2804,3107,3107
Os?GOK??HOaKD_OCCCA?B,2058,1357,1357
Os?GOK??HOaWDGOCCCA?B,1187,3133,3133
Os?GOK??IWCEGoCGAAA?B,1024,3149,3149
Os?GOK??IWGEG_GOAAG`C,1703,3853,3853
Os?GOK??IWGEG_GOaC?_`,991,2650,2650
Os?GOK??gI@?CBCDKCB@?,1135,1685,1685
Os?GOK?B?C?HCKGBICB@?,1308,514,514
Os?GOK@?g?_CCBCBL?BG?,3314,265,265
Os?GOK@@?C`?CDCBKCB@?,3297,842,842
Os?GOK@@_?_CCBGBJ?B@?,3393,187,187
Os?GOK@@_?_DC@GAj?B@?,3362,258,258
Os?GOK@@_?_DG@CAj?B@?,3357,131,131
Os?GOKA?G@`?CDCBK_BA?,1920,1196,1196
Os?GOKA?GH@?CBCDKABA?,3364,47,47
Os?GOKCAGeAEO?O?C?X?E,1282,1700,1700
Os?GOKCAGeAEO?O?c?P?B,977,3152,3152
Os?GOKCAI?aHOGG_A?H?D,3552,524,524
Os?GOKCAI?aHOGG_C?G_D,2413,1399,1399
Os?GOKD?_?_EC@GAj?B?O,1197,1969,1969
Os?GOKD?_?_EG@CAj?B?O,1262,2093,2093
Os?GOKE??@`?CDCBKABA?,3355,185,185
Os?GOKE??B@?CBGDIAB?_,3274,12,12
Os?GOKE?GA`?GBCDK?A_@,909,673,673
Os?GOKE?O@@?CDCBKAB?O,3342,2,2
Os?GOKE?O@`?OEG@A?j_?,1935,1096,1096
Os?GOKE?W??ACBCBL?B?O,3294,10,10
Os?GOKE?W??BC@GAj?B?O,3287,201,201
Os?GOKE?W??BG@CAj?B?O,3296,253,253
Os?GOKEA???HCDGIIAB?O,3349,178,178
Os?GOKEA???HGDCIIAB?O,3346,181,181
Os?GOKEA??_KC@GAiAB?O,3284,372,372
Os?GOKEA??_KG@CAiAB?O,3291,373,373
Os?GOKEA?B?AGBC@GAJ_?,3279,202,202
Os?GOKEA?B?AGDC@G@J_?,2979,375,375
Os?GOKEA?aaEO?O?C?X?E,3268,209,209
Os?GOKEA?aaEO?O?c?P?B,975,2023,2023
Os?GOKEA@@aIO?O?C?W_E,3300,221,221
Os?GOKEAA?cACGCPC@A?D,3347,1922,1922
Os?GOKEAA@aAOOG?a?H?H,3309,1708,1708
Os?GOKEAA@aAOOG?c?G_H,2048,2454,2454
Os?GOKEAABGAGDC?A?H?B,160,3571,3571
Os?GOKF???_BC@GAiABO?,41,1180,1180
Os?GOKF???`?GDCBK@A__,96,714,714
Os?GOKF??O_AG@CEI?b?C,12,3420,3420
Os?GOKF??O_AGDC@G@J_?,59,2313,2313
Os?GOKFA???@CBCBKAB?_,23,708,708
Os?GOKFA???@GBCBKAA__,38,725,725
Os?GOKFA???ACBCDK@B?O,8,635,635
Os?GOKFA???ACBGBIAB?O,93,802,802
Os?GOKG??bAEH_OCCAA?B,1123,307,307
Os?GOKG?@AgEOCGGa_?c@,1972,1428,1428
Os?GOKG?@AgoCCCCGCH@C,3383,919,919
Os?GOKG?@AgoCCOCACH@C,3407,1406,1406
Os?GOKG?@AgoCCOCACP@A,3008,1690,1690
Os?GOKG?@BCoOCCCAAI@C,271,2286,2286
Os?GOKG?A@aWHGCCCAA?B,1357,1079,1079
Os?GOKG?AKAIGKCCCCA?B,3400,186,186
Os?GOKG?AKCIGKCGAAA?B,3394,1153,1153
Os?GOKG@@@GBGGOCAGGcC,3808,1409,1409
Os?GOKG@A@gECOC_C?H?D,2001,2390,2390
Os?GOKG@A@gWCCCGC?H?D,1402,3384,3384
Os?GOKG@GE?A?HWAE?Q_G,1368,243,243
Os?GOKG@GcaKO?O?C?X?E,3270,1701,1701
Os?GOKG@GcaKO?O?c?P?B,982,3153,3153
Os?GOKH@_??EC@GAi@B?O,3269,208,208
Os?GOKI@??_KC@GAiAB?O,943,2100,2100
Os?GOKI@??_KG@CAiAB?O,956,2101,2101
Os?GOKI@O??EC@GAi@B?O,980,2022,2022
Os?GOKK??agAGCCGCOI?K,1116,2502,2502
Os?GOKK?@BAACCOCCOI?K,892,2109,2109
Os?GOKK?A@cAGCC_AGI?K,1309,1233,1233
Os?GOKK?A@gWGCCCC?G_D,996,2649,2649
Os?GOO???eGcCSGcCcA@_,3543,18,18
Os?GOO??AHGQGSDCAK@D?,4059,37,37
Os?GOO??GeGICcHGC_A@@,3545,1278,1278
Os?GOO??GeGQHGOKCG?g@,1597,167,167
Os?GOO??GkGIGSHGAOA@@,3587,450,450
Os?GOO??GkGQHGOKAG@A@,1573,3741,3741
Os?GOO??HEAQCSHGG_A@@,2335,299,299
Os?GOO??HEASCSOKG_@G@,2289,584,584
Os?GOO??HEGICcHGA_A@@,3979,83,83
Os?GOO??HEGQHGOKAG?g@,1522,476,476
Os?GOO??HKAICSHGGOA@@,3098,55,55
Os?GOO??HKAICcPGCGA@@,3932,74,74
Os?GOO??HKAIGcPGAGA@@,3612,902,902
Os?GOO??HKCICcPGAGA@@,3911,401,401
Os?GOO??HKGICSHGAOA@@,3615,56,56
Os?GOO??HKGQHGOKAG?a@,752,1226,1226
Os?GOO??IEAQCSHGC_A@@,3708,1845,1845
Os?GOO??IHCQPCGgAG?a@,822,717,717
Os?GOO??IHCaOcGgAG?a@,836,719,719
Os?GOO??IICoCSCgGA@@@,3618,906,906
Os?GOO??IKAgCSGgGA@@@,3475,510,510
Os?GOO??IKGgCcCWCA@@@,1403,936,936
Os?GOO??IKGoGWCSCA?`@,3285,620,620
Os?GOO@?OG_SCKCBK_BC?,3385,1748,1748
Os?GOO@?WG?PCKCBK_BC?,850,3573,3573
Os?GOO@@_A?PGDCII_B@?,3499,247,247
Os?GOOA@?`aoOOGOGCP?a,3157,2171,2171
Os?GOOA@?`aoOOGOgA@@@,2421,2557,2557
Os?GOOA@?`cQCOGOG_I@C,4041,1275,1275
Os?GOOA@?`cQOOGOaCAG@,2502,2140,2140
Os?GOOA@?`cQOOGOa_A@@,2657,3503,3503
Os?GOOA@?`cQOOOOA_H@C,3805,2573,2573
Os?GOOA@?`cQOOOOa_@@@,870,3609,3609
Os?GOOA@?`coCOGOGAI@C,3976,873,873
Os?GOOA@?`coGOOOAAI@C,3943,860,860
Os?GOOA@?`coOOGOAAI@C,3169,552,552
Os?GOOA@?`coOOGOaAA@@,2440,2144,2144
Os?GOOA@?`coOOOOAAH@C,3835,53,53
Os?GOOA@?aaIO_OGc_@@@,1500,2419,2419
Os?GOOA@?acSOOH?aAA@@,3173,3173,3173
Os?GOOA@?acSOOH?gA?`@,3210,3506,3506
Os?GOOA@?acSOOOGaA@G@,2851,2436,2436
Os?GOOA@?accOOOGaA@C@,3165,2516,2516
Os?GOOA@?acoOOOGaA@@@,3163,2542,2542
Os?GOOA@?agSOOH?cA?`@,3207,3213,3213
Os?GOOA@?bGQOOH?aA@@@,4044,3206,3206
Os?GOOA@?ccECOGOG_I@C,4033,2563,2563
Os?GOOA@?ccEOOGOaCAG@,2671,1721,1721
Os?GOOA@?ccEOOGOa_A@@,2815,3081,3081
Os?GOOA@?ccEOOOOA_H@C,3804,1552,1552
Os?GOOA@?ccEOOOOa_@@@,853,2251,2251
Os?GOOA@?ccaOOGOaCA@@,2171,2816,2816
Os?GOOA@?cccGOOOAAI@C,3900,3251,3251
Os?GOOA@?cccOOGOAAI@C,3062,3220,3220
Os?GOOA@?cccOOGOaAA@@,2596,3485,3485
Os?GOOA@?dCaGOOOAAI@C,3092,3099,3099
Os?GOOA@?dCaOOGOAAI@C,2243,3391,3391
Os?GOOA@?dCaOOGOaAA@@,2410,3556,3556
Os?GOOA@?eCEOOH?gA?`@,3960,2569,2569
Os?GOOA@?gcSGOOOAAI@C,1473,3560,3560
Os?GOOA@?gcSOOGOAAI@C,1468,3382,3382
Os?GOOA@?gcSOOGOaAA@@,1745,2623,2623
Os?GOOA@?hCQGOOOAAI@C,4023,3217,3217
Os?GOOA@?hCQOOGOAAI@C,3166,3106,3106
Os?GOOA@?hCQOOGOaAA@@,2663,3504,3504
Os?GOOA@?kCEGOOOAAI@C,3888,1452,1452
Os?GOOA@?kCEOOGOAAI@C,3066,1385,1385
Os?GOOA@?kCEOOGOaAA@@,2817,2564,2564
Os?GOOA@@AgSOOH?aA?`@,2895,3770,3770
Os?GOOA@@BGQOOH?aA?`@,3065,2399,2399
Os?GOOA@@ICSOOOGaA?_`,640,2743,2743
Os?GOOA@AAaSOOH?aA@@@,2399,3698,3698
Os?GOOA@ABCQOOH?aA?`@,3060,2518,2518
Os?GOOA@AEAEOOH?aA@@@,3470,1532,1532
Os?GOOB@?@_I@_W?e?a_O,3421,343,343
Os?GOOB@?A?BCBGKIOBG?,3114,1584,1584
Os?GOOB@@@aWOCP?A?H?D,3387,1284,1284
Os?GOOB@@@gWCCP?A?H?D,3354,918,918
Os?GOOB@@HGWCCGCA?I?D,3318,1534,1534
Os?GOOB@@HGWCCGCA?Q?B,2060,2033,2033
Os?GOOB@A@aWGCP?A?H?D,2346,1695,1695
Os?GOOB@AHGWGCCCC?G_D,3302,1699,1699
Os?GOOB@AHGWGCCCC?O_B,2038,3296,3296
Os?GOOC??`aEGoHOGAAC@,2953,345,345
Os?GOOC??`aEGoPOCAAC@,3371,192,192
Os?GOOC??`aEOoGoCAAG@,3343,183,183
Os?GOOC??`aEOoHOCAAC@,3368,182,182
Os?GOOC??`aQOWGoCAAG@,3948,573,573
Os?GOOC??`cID_GWGAAC@,3044,559,559
Os?GOOC??`gID_GWCAAC@,3839,402,402
Os?GOOC??`gIH_GWAAAC@,3793,586,586
Os?GOOC??ccIPGCWCAAC@,2489,596,596
Os?GOOC??ccIPGGWAAAC@,2450,458,458
Os?GOOC??ccaOWGWAAAC@,3670,414,414
Os?GOOC??cgaCWGWCAAC@,3730,3676,3676
Os?GOOC??gcIOgGWAAAC@,3875,235,235
Os?GOOC??ggICgGWCAAC@,4018,443,443
Os?GOOC??ggIGgGWAAAC@,3787,1710,1710
Os?GOOC?@CcaCWCWGAAC@,2254,269,269
Os?GOOC?@CgIDGCWCAAC@,1237,663,663
Os?GOOC?@CgaCWCWCAAC@,3325,260,260
Os?GOOC?AAcaCgGWAAAC@,4015,174,174
Os?GOOC?ACaEGSP_AC@A@,3616,898,898
Os?GOOC?ACcWDGGWGA?_`,1246,692,692
Os?GOOC?ACcWOWDGAA@?`,2286,1104,1104
Os?GOOC?ACcaCWCWCAAC@,3328,266,266
Os?GOOC?_`aEH_OOCGA?B,1222,762,762
Os?GOOC?_`aoOOOOCCH?c,3792,493,493
Os?GOOC?_`cQCOGOG_I@C,3170,3098,3098
Os?GOOC?_`cQOOGOaCAG@,2498,2150,2150
Os?GOOC?_`cQOOGOa_A@@,2638,3487,3487
Os?GOOC?_`cQOOOOA_H@C,3022,1619,1619
Os?GOOC?_`cQOOOOa_@@@,863,3614,3614
Os?GOOC?_aaWOCP?cC@@@,661,2728,2728
Os?GOOC?_bCIO_P?ACH?c,3456,1140,1140
Os?GOOC?_caEOOOOc_@@@,861,2927,2927
Os?GOOC?_ccECOGOG_I@C,3190,3093,3093
Os?GOOC?_ccEOOGOaCAG@,2670,2118,2118
Os?GOOC?_ccEOOGOa_A@@,2813,3500,3500
Os?GOOC?_ccEOOOOA_H@C,3068,1627,1627
Os?GOOC?_ccEOOOOa_@@@,848,2263,2263
Os?GOOC?_iCWOGOCaC@?`,3050,1988,1988
Os?GOOC?`BAIO_P?ACH?c,3910,405,405
Os?GOOC?`BAIP?O_ACH?c,4055,403,403
Os?GOOC@?eCEOOO_AAH@C,3599,1573,1573
Os?GOOD?_A?BCHGEIOBG?,3609,1360,1360
Os?GOOD?o??PCDGII_B?O,3520,242,242
Os?GOOD@_A?OCKGBI?b?O,3420,17,17
Os?GOOD@_C?GCECHK@B?G,3348,3,3
Os?GOOD@_C?GCEGHI@B?G,3506,15,15
Os?GOOD@_C?GCICDK@B?G,3351,6,6
Os?GOOD@_C?GGECHI@B?G,3509,20,20
Os?GOOD@_C?GGICDI@B?G,3537,21,21
Os?GOOD@aCCAGGOOA@G_K,3572,841,841
Os?GOOD@aCCAOGGOA@G_K,3605,1393,1393
Os?GOOE?PKACCOOCCAI?K,2626,1679,1679
Os?GOOE?Q@aGGCC_C_I?K,3729,1798,1798
Os?GOOE?QAaCH?C_CAI?K,3176,3274,3274
Os?GOOE?QGaCGCC_CGI?K,3809,2568,2568
Os?GOOE?QKCCGCCOAAI?K,1563,951,951
Os?GOOE@OC?GCKCBK?b?O,3337,1,1
Os?GOOE@_A?GCECHK@B?G,3344,5,5
Os?GOOE@_A?GCKGBI?b?O,3289,14,14
Os?GOS@@_?_CCBGBI_B@?,1799,57,57
Os?GOS@@_?_DC@GAi_B@?,1606,309,309
Os?GOS@@_?_DG@CAi_B@?,1594,308,308
Os?GOSC??`aIOCH?cCAC@,3253,1492,1492
Os?GOSC??`cECcOOC_A?B,2615,1778,1778
Os?GOSC??agcCCGCCCICC,2879,2983,2983
Os?GOSC??agcGCGCACICC,2888,3034,3034
Os?GOSC??bAoGCOCCAI@C,1068,3136,3136
Os?GOSC??gaWGKOGCAA?B,391,3604,3604
Os?GOSC??iAQGKOCCCA?B,1211,1175,1175
Os?GOSC??iAQGKOGCAA?B,1212,1174,1174
Os?GOSC?@@aIOCP?aC@C@,3030,1891,1891
Os?GOSC?@@gcCCCCGGHCC,2887,3035,3035
Os?GOSC?@AgcCCCCcCAC@,393,4014,4014
Os?GOSC?@AgcCCCCgC@C@,378,3966,3966
Os?GOSC?@AgcCCGCaCAC@,1252,2966,2966
Os?GOSC?@BGoGCCCAAI@C,294,3370,3370
Os?GOSC?A@aIOCH?aC@C@,3020,1017,1017
Os?GOSC?A@aaGKCOCOA?B,2602,3751,3751
Os?GOSC?AAcaOCGGaC?c@,2889,3052,3052
Os?GOSC?AAgcCCCCcC@C@,407,2992,2992
Os?GOSC?IBA_GCCCCOI?K,2801,2428,2428
Os?GOSC?ICaCH?COCAI?K,3110,1479,1479
Os?GOSC@?`aAGGOOCOI?K,1731,1962,1962
Os?GOSC@?bAAGCOGCOI?K,2305,3209,3209
Os?GOSC@?bAAGGOCCOI?K,2583,3264,3264
Os?GOSC@GE?C?DWAE?a_C,531,1979,1979
Os?GOSC@GcaKO?O?C?X?E,2031,2605,2605
Os?GOSC@GcaKO?O?c?P?B,981,3883,3883
Os?GOSC@GeAEO?O?C?X?E,418,2753,2753
Os?GOSC@GeAEO?O?c?P?B,417,4022,4022
Os?GOSC@I?aHOGG_C?G_D,2383,3238,3238
Os?GOSC@ICCAOGGOA@G_K,2780,3804,3804
Os?GOSC@ICCCGCOOA@G_K,1943,2860,2860
Os?GOWA?@@goCCCCcGA@@,349,2919,2919
Os?GOWA?@@goCCGCaGA@@,1182,2971,2971
Os?GOWA?A@aEH_COCAA?B,1826,1168,1168
Os?GOWA?A@aQHCCOCCA?B,3073,2410,2410
Os?GOWA?A@aSHCCOCAA?B,2890,1824,1824
Os?GOWA?A@aaGcCOCCA?B,2691,3245,3245
Os?GOWA?A@aaGgCOCAA?B,2786,1826,1826
Os?GOWA?A@cSHCCOAAA?B,2866,1820,1820
Os?GOWA?A@coGKCOAAA?B,1734,1169,1169
Os?GOWA?A@goCCCCCGH@C,1706,3128,3128
Os?GOWA?A@goCCCCcG@@@,354,3455,3455
Os?GOWA?A@goCCGCAGH@C,1749,3703,3703
Os?GOWC?_acACGO_CCI?K,2518,435,435
Os?GOWC?_cgAGGCOCCI?K,2523,3043,3043
Os?GW????DaKCSGKGgBO?,2743,122,122
Os?GW????DcICWCKGgBO?,2716,111,111
Os?GW????DcICWOKAgBO?,3264,509,509
Os?GW????FAIGKCKGgBO?,2112,109,109
Os?GW???@QGSPOGKAE?a_,2137,108,108
Os?GW???GCcHCWCKGgBO?,1531,1075,1075
Os?GW???GCcHCWOKAgBO?,3106,600,600
Os?GW???GCcIOWCIAgBO?,3237,442,442
Os?GW???GDCICSCIGgBO?,2711,1125,1125
Os?GW???GDCICSOIAgBO?,2901,1116,1116
Os?GW???GDGIGSCIAgBO?,2904,1123,1123
Os?GW???GDaGCPGKGgBO?,323,2792,2792
Os?GW???GDaGGSOHAgBO?,2926,1624,1624
Os?GW???GDcGCSOHAgBO?,2919,2069,2069
Os?GW???GECICWOKA`BO?,1705,3517,3517
Os?GW???GFAIGCOGagBO?,2744,2854,2854
Os?GW???GFAKGCCCggBO?,2102,2866,2866
Os?GW???GFAKOCGCagBO?,1961,2901,2901
Os?GW???GFCGCDCKGgBO?,1474,3068,3068
Os?GW???GFCICCOGagBO?,2834,1668,1668
Os?GW???GFGGCDGKAgBO?,2833,3070,3070
Os?GW???OFACGKCSG_bO?,2284,2413,2413
Os?GW???OFAGOKGKA_bO?,2902,2065,2065
Os?GW???OFCACKOWA_bO?,3228,1490,1490
Os?GW???WBc?CWD_H?b?G,63,2791,2791
Os?GW???WFA?CKGPG_bO?,1568,3241,3241
Os?GW???WFA?GKOPA_bO?,1815,3024,3024
Os?GW???WFAAGGCOg_bO?,2747,2852,2852
Os?GW???WFACCCGOg_bO?,2550,2127,2127
Os?GW???WFACGCOOa_bO?,2898,1342,1342
Os?GW???WFC?CKOPA_bO?,1825,2812,2812
Os?GW???WFCACOCGg_bO?,1958,2882,2882
Os?GW???WFCCCCCOg_bO?,1340,3102,3102
Os?GW???WFGAGGCOa_bO?,3229,3254,3254
Os?GW???WFGCGCCOa_bO?,3070,1607,1607
Os?GW???gIaGCPOGCCJO?,814,2897,2897
Os?GW???gJC?CWCSH?b?G,935,2640,2640
Os?GW???oHCKCOCGgBBO?,2301,2671,2671
Os?GW??@ODc?CWCWH?b?G,936,1693,1693
Os?GW??@WF?KC?G@j?B?C,1936,611,611
Os?GW??@WFC?COCGh?b?G,928,2886,2886
Os?GW??@WFD?COCGG?Z?G,1657,2392,2392
Os?GW?@??CaHGKCKGgBO?,2554,1980,1980
Os?GW?@??CaHOKGKAgBO?,2994,226,226
Os?GW?@??CaICKGIGgBO?,2456,1493,1493
Os?GW?@??CcICKCIGgBO?,2717,1354,1354
Os?GW?@??DCICEOKAgBO?,3129,1027,1027
Os?GW?@??DaGGDCKGgBO?,2551,1844,1844
Os?GW?@??DaIGCCGggBO?,2544,3266,3266
Os?GW?@??DaKOCGCagBO?,1505,2830,2830
Os?GW?@??DcGCDCKGgBO?,2521,1842,1842
Os?GW?@??DcICCCGggBO?,2357,1874,1874
Os?GW?@??DgGCDGKAgBO?,3236,1487,1487
Os?GW?@??DgGGDCKAgBO?,3230,1843,1843
Os?GW?@??EABGKCKGgBO?,2115,794,794
Os?GW?@??EAIOKGKA`BO?,1713,1961,1961
Os?GW?@??EcAOKCHAgBO?,2845,2670,2670
Os?GW?@??FAAGKCSG_bO?,2710,3920,3920
Os?GW?@??FCACSCKG_bO?,1949,2842,2842
Os?GW?@??FGAGKCSA_bO?,2781,2841,2841
Os?GW?@??KGHCSGKAEBO?,332,745,745
Os?GW?@??`aQPCQOCC@A@,1427,3399,3399
Os?GW?@??`cQCWJ?GAAA@,208,2769,2769
Os?GW?@??`cQCWR?CAAA@,611,3603,3603
Os?GW?@??`gIGgJ?AAAA@,228,2756,2756
Os?GW?@??aaEP_GWCAAO@,172,3593,3593
Os?GW?@?@@aQGSQOACAG@,2567,2142,2142
Os?GW?@?@@aaCcQOGC@A@,1976,1801,1801
Os?GW?@?@CaICSR?GC@@@,690,2308,2308
Os?GW?@?@CgIGSR?AC?`@,574,2748,2748
Os?GW?@?AGdACgGWAAAA@,2789,3893,3893
Os?GW?@?AOaQCKOWC_@A@,2709,2379,2379
Os?GW?@?AOaQGKOWA_@A@,2147,2233,2233
Os?GW?@?AOcECSOWCO?g@,1689,1183,1183
Os?GW?@?AOcQCKOWA_@A@,2580,1243,1243
Os?GW?@?AOcaGcOWAG?`@,993,3829,3829
Os?GW?@?AOcgCgOWAA@?`,2339,3435,3435
Os?GW?@?AOcoCWGWAAA?`,386,3141,3141
Os?GW?@?AOgoGWCWCA?_`,180,3898,3898
Os?GW?@?AOgoGWGWAA?_`,61,2790,2790
Os?GW?@?GCAHCSGKG`BO?,1160,3114,3114
Os?GW?@?GCAHGEOKAgBO?,2958,1115,1115
Os?GW?@?GCAICEGIGgBO?,2458,608,608
Os?GW?@?GCAKOEGEAgBO?,1853,988,988
Os?GW?@?GCCHCEOKAgBO?,3033,1108,1108
Os?GW?@?GCCHCSCKG`BO?,910,676,676
Os?GW?@?GCCICECIGgBO?,2721,1030,1030
Os?GW?@?GCaGCDGIGgBO?,2454,2174,2174
Os?GW?@?GCaGCKGBGgBO?,2296,3086,3086
Os?GW?@?GCaGGECHGgBO?,1583,3348,3348
Os?GW?@?GCaHGCCGggBO?,2542,1642,1642
Os?GW?@?GCaIGAOGagBO?,3225,1879,1879
Os?GW?@?GCaKGCCAggBO?,2745,1670,1670
Os?GW?@?GCcGCKCBGgBO?,2324,3082,3082
Os?GW?@?GCcICAOGagBO?,3257,1489,1489
Os?GW?@?GDAHOCGCagBO?,1984,1114,1114
Os?GW?@?GDAICCGAggBO?,2451,604,604
Os?GW?@?GDCGCEODAgBO?,3115,467,467
Os?GW?@?GDa?E@GSGgB?G,1480,3305,3305
Os?GW?@?GDaGCCG@ggBO?,2526,1632,1632
Os?GW?@?GDaGGCC@ggBO?,2447,2695,2695
Os?GW?@?GDcGCCC@ggBO?,2519,2366,2366
Os?GW?@?GEA@GSOKA_bO?,1394,3387,3387
Os?GW?@?GEAACQGKG_bO?,2730,3929,3929
Os?GW?@?GEAAGQCKG_bO?,1673,2522,2522
Os?GW?@?GEAAGQOKA_bO?,2897,3045,3045
Os?GW?@?GEAGGDOKA`BO?,1712,3130,3130
Os?GW?@?GEAGGECKG_bO?,2090,2234,2234
Os?GW?@?GEAIGCCGg`BO?,1176,2202,2202
Os?GW?@?GEAKOCGCa`BO?,1711,3080,3080
Os?GW?@?GECAOECHAgBO?,2665,1651,1651
Os?GW?@?GECAOKCBAgBO?,2415,2594,2594
Os?GW?@?GEcAC@CGggBO?,2100,3078,3078
Os?GW?@?GEgAC@GGagBO?,2748,3192,3192
Os?GW?@?GFGAGCC@agBO?,2232,1865,1865
Os?GW?@?GMC?CSCKH?b?G,813,3651,3651
Os?GW?@?GMCGCCCCgCbO?,604,3657,3657
Os?GW?@?OA_SCHCEL?BG?,283,1932,1932
Os?GW?@?OCAHGKCKG`BO?,1161,1960,1960
Os?GW?@?OCCHCKCKG`BO?,1110,972,972
Os?GW?@?ODA@GDCKGgBO?,2556,1336,1336
Os?GW?@?ODABGCOGagBO?,3123,1454,1454
Os?GW?@?ODADGCCCggBO?,2524,3543,3543
Os?GW?@?ODC@CDCKGgBO?,2449,1807,1807
Os?GW?@?ODCBCCOGagBO?,3184,1645,1645
Os?GW?@?ODaCCCG@ggBO?,2436,1858,1858
Os?GW?@?ODcACGO@agBO?,2984,1754,1754
Os?GW?@?OE@_CBCKKCB?_,206,100,100
Os?GW?@?OEAEGCCGg`BO?,1173,3113,3113
Os?GW?@?OECECGCCg`BO?,1168,1072,1072
Os?GW?@?OEGCGECKA_bO?,3146,962,962
Os?GW?@?OFA?CKGDG_bO?,1679,3931,3931
Os?GW?@?OFACOCGCa_bO?,1947,3932,3932
Os?GW?@?OFCACCOGa_bO?,2827,3849,3849
Os?GW?@?OKA@CPOKCEBO?,490,531,531
Os?GW?@?OMA?E@OKCEB?G,529,3306,3306
Os?GW?@?OMAEOGGCA?ZO?,778,830,830
Os?GW?@?OMC?CKCKH?b?G,747,814,814
Os?GW?@?OkGECOI?GAH@C,668,2016,2016
Os?GW?@?OkGEOOI?aA@@@,667,3656,3656
Os?GW?@?OwGKG_CCCAQ@A,429,3440,3440
Os?GW?@?PAgEI?D?AOI@C,1023,3143,3143
Os?GW?@?PKHCGOCCAAI@C,610,2274,2274
Os?GW?@?QWCEGoCGAAA?B,724,1860,1860
Os?GW?@?QWGKC_CCCAH@C,677,4009,4009
Os?GW?@?WBA?E@PCCPB?G,650,3456,3456
Os?GW?@?WCAGGECIG_bO?,2149,1881,1881
Os?GW?@?WCAHGCCGg`BO?,1152,1655,1655
Os?GW?@?WCC@OECHAgBO?,2649,1557,1557
Os?GW?@?WCCGCICEG_bO?,1970,3760,3760
Os?GW?@?WCGGGECIA_bO?,2593,3376,3376
Os?GW?@?WDA@GCO@agBO?,3015,1647,1647
Os?GW?@?WDC@CCO@agBO?,2497,2155,2155
Os?GW?@?WDc?C@C@ggBO?,140,3345,3345
Os?GW?@?WEC@CGCCg_bO?,1040,2654,2654
Os?GW?@?WECACGC@g`BO?,1163,3542,3542
Os?GW?@?WEG@GCCGa_bO?,1741,3280,3280
Os?GW?@?WJ?QC?G@j?B?C,282,2287,2287
Os?GW?@?WJ?QG?C@j?B?C,270,2218,2218
Os?GW?@?WKA@CPOGCAJO?,489,3316,3316
Os?GW?@?WKC?CECWH?b?G,190,3989,3989
Os?GW?@?WM?EC?G@j?B?C,463,3641,3641
Os?GW?@?WMC?CGCCh?b?G,534,2922,2922
Os?GW?@?WMD?CGCCG?Z?G,476,3894,3894
Os?GW?@?WMGCGCC@A?ZO?,491,3981,3981
Os?GW?@?XBGOI?CCA_I?K,446,3844,3844
Os?GW?@?YOC`G_COgA?`@,1140,3197,3197
Os?GW?@?_Hc?CWCSH?b?G,934,2188,2188
Os?GW?@?gJC?COCCh?b?G,926,2991,2991
Os?GW?@?gJD?COCCG?Z?G,1656,2575,2575
Os?GW?@?oA@_CBGKI@B@?,627,95,95
Os?GW?@?oHc?COCGh?b?G,927,2099,2099
Os?GW?@?oHd?COCGG?Z?G,1326,2591,2591
Os?GW?@?wGC?CQCIH?b?G,930,2630,2630
Os?GW?@@?CcKCOCGgBBO?,985,2661,2661
Os?GW?@@?CgCGHCSAHBO?,1661,2855,2855
Os?GW?@@GDa?E@OOCGJ?G,1014,3937,3937
Os?GW?@@OD@?CDGBGKB_?,2079,2073,2073
Os?GW?@@ODC?CKCQH?b?G,933,2097,2097
Os?GW?@@ODC?CSCIH?b?G,932,3817,3817
Os?GW?@@WF@?C?C@k?b?C,126,2063,2063
Os?GW?@@WF@?C?G@i?b?C,131,2062,2062
Os?GW?@@WF@?G?C@i?b?C,121,2064,2064
Os?GW?@@WFD?C?C?g?Z?G,114,3669,3669
Os?GW?@@oB?CC@GBJ?B?C,533,2292,2292
Os?GW?@@oB?CG@CBJ?B?C,498,2683,2683
Os?GW?@A?aaEGWO_C_A?B,1925,2241,2241
Os?GW?A?WB@?CDCBK_BA?,3112,194,194
Os?GW?AB?A?HCKGBIGB@?,202,2385,2385
Os?GW?AB?A?HGKCBIGB@?,135,2386,2386
Os?GW?B?OG?BCHGEIGBO?,3147,1608,1608
Os?GW?BA?@_IC@GAi_BA?,2420,2836,2836
Os?GW?BA?@_IG@CAi_BA?,2404,2837,2837
Os?GW?BB?A?GGBCBGEB_?,230,103,103
Os?GW?D?_O?BCBCKKGBA?,2045,2603,2603
Os?GW?D?o@?ACBGBIGBO?,2767,116,116
Os?GW?D?oQ??CBCKK?b?G,1905,1945,1945
Os?GW?E?OB@?CDCBKABA?,317,700,700
Os?GW?F??A`?CDCBKABA?,609,698,698
Os?GW?F??A`?CDGBIABA?,669,706,706
Os?GW?G?QBAED_GCCGA?B,360,2337,2337
Os?GW?G?QBAID_GCCCA?B,838,1835,1835
Os?GW?G?QBAKH_CCCAA?B,772,2329,2329
Os?GW?G?QBAQDGGCCGA?B,1192,3111,3111
Os?GW?G?QBAQHOCCCCA?B,3038,1735,1735
Os?GW?G?QBCED_CCCGA?B,842,2338,2338
Os?GW?G?QBCID_CCCCA?B,841,2336,2336
Os?GW?G?QBCSHOCCAAA?B,1115,2471,2471
Os?GW?H?ObGOGCCCC_I?K,2776,3930,3930
Os?GW?H?OccACGOOC_I?K,3040,590,590
Os?GW?H?OdCACOOCC_I?K,1723,3704,3704
Os?GW?H?OeAAGCOGC_I?K,2165,3848,3848
Os?GW?H?OeAAH?OGCAI?K,2847,3673,3673
Os?GW?H?OeGAH?CCCCI?K,2577,3707,3707
Os?GW?H?OeGCH?CCCAI?K,2185,3912,3912
Os?GW?H?PAaACGO_C_I?K,1718,3131,3131
Os?GW?H?PBAACCO_C_I?K,1440,2540,2540
Os?GW?H?PBGOH?CCAAI?K,451,3530,3530
Os?GW?H?PCaACOOGC_I?K,2084,3071,3071
Os?GW?H?PDAACCOOC_I?K,1118,1046,1046
Os?GW?H?PEGCH?CCAAI?K,714,4036,4036
Os?GWC@?G@`?CDCBK_BA?,1965,3301,3301
Os?GWC@?GB@?CBCDKABG?,2863,384,384
Os?GWC@?GH@?CBCDKABA?,2098,399,399
Os?GWC@@GB@?C@CEK?b?C,1100,2397,2397
Os?GWC@@GB@?CBCDK?B?@,47,2321,2321
Os?GWCC?G@`?CDCBKGBA?,1917,145,145
Os?GWCD?O@@?CDCBKAB?O,1419,938,938
Os?GWCDA?_gACGGOG@`?E,1256,3866,3866
Os?GWCDAA?cACGGOA@a?E,1729,1457,1457
Os?GWCDAA?cBCGGOA?I?D,1778,3746,3746
Os?GWCDAA?cBCGGOA?Q?B,1779,3559,3559
Os?GWCK?O_aAGGOOG?h?S,525,2894,2894
Os?GWCK?O_aAOGOOC?X?W,572,2288,2288
Os?GWCK?O_aBOGOOC?H?D,686,3925,3925
Os?GWCK?O_cACGOOC?i?S,758,2345,2345
Os?GWCK?O_cAGHOOA?I?P,449,2280,2280
Os?GWCK?O_cBCGOOG?H?D,862,4023,4023
Os?GWCK?O_gACGOOC?X?W,713,1804,1804
Os?GWCK?O_gAGGOQA?`?D,541,3347,3347
Os?GWCK?P?cACHOOA?I?P,710,2260,2260
Os?GWCK?Q?aAGGOOA?h?S,517,2996,2996
Os?GWCK?Q?cACGOOA?X?W,439,3438,3438
Os?GWCK?Q?cACGOQA?`?D,815,2474,2474
Os?GWG@?o?_DC@GAj?B@?,1730,1187,1187
Os?GWG@?o?_DG@CAj?B@?,1715,1186,1186
Os?GWGA?W?_KC@GAj?B?O,1960,328,328
Os?GWGA?W?_KG@CAj?B?O,1987,2445,2445
Os?GWGA?WB@?OEG@A?j_?,1933,1095,1095
Os?GWGAA@BGIOKC?A?H?B,207,2771,2771
Os?GWGAAABAIGCCGG?H?D,2144,3527,3527
Os?GWGB??B@?CBGDIAB?_,994,649,649
Os?GWGB?O@`?OEG@A?j_?,1304,2103,2103
Os?GWGB?W??ACBCBL?B?O,1033,89,89
Os?GWGB?W??BC@GAj?B?O,1042,2017,2017
Os?GWGB?W??BG@CAj?B?O,1046,1189,1189
Os?GWGBA??_KC@GAiAB?O,1052,2488,2488
Os?GWGBA??_KG@CAiAB?O,1058,2489,2489
Os?GWGBA?@_A?PW?e@A_G,1126,973,973
Os?GWGBA?B?AGBC@GAJ_?,1020,2018,2018
Os?GWGBA?B?AGDC@G@J_?,1003,2490,2490
Os?GWGBA?aaEO?O?C?X?E,1066,1207,1207
Os?GWGBA?aaEO?O?c?P?B,973,3322,3322
Os?GWGBA@?gACOCGC@a?E,1249,3736,3736
Os?GWGBAABCACCO?C?W_I,1065,3714,3714
Os?GWGBAABCACCO?C?g_E,1063,3890,3890
Os?GWGBAABCACCO@A?H?D,1059,3828,3828
Os?GWGBAABCACDO?C?G_B,1008,3834,3834
Os?GWGG??`aEGSOOCOA?B,2273,393,393
Os?GWGG??`aEOCOOcO@A@,2198,1955,1955
Os?GWGG??`aIGSOGCOA?B,2499,1031,1031
Os?GWGG??cgKOCGCACHAC,2690,3244,3244
Os?GWGG??dAEGSOOCAA?B,1358,1081,1081
Os?GWGG??dAIGSOGCAA?B,1625,1092,1092
Os?GWGG??dAKGSOCCAA?B,1081,683,683
Os?GWGG?@AgWCCCCGCH@C,1589,2181,2181
Os?GWGG?A@gWCCCCCCHAC,1590,1376,1376
Os?GWGG?A@gWCCCCcC@A@,363,1229,1229
Os?GWGG?AAgWGCCCCCG`C,1385,1198,1198
Os?GWGG?AAgWGCCCCCO`A,1383,2191,2191
Os?GWGG?ACaKGSCGCAA?B,2557,3906,3906
Os?GWGG?ACcICSGGACA?B,2993,587,587
Os?GWGG?ACcIGSCGACA?B,2990,595,595
Os?GWGG?ACcKCSCGCAA?B,2607,434,434
Os?GWGG?g?_KC@GAiGB?O,1226,298,298
Os?GWGG?g?_KG@CAiGB?O,1235,1043,1043
Os?GWGH??aaCGCO_CAI?K,1719,3516,3516
Os?GWK??GA`?CBCDKCB@?,286,808,808
Os?GWK??O@_EC@GAj?B@?,793,3642,3642
Os?GWK??W?_DC@GAj?B@?,795,305,305
Os?GWK??W?_DG@CAj?B@?,777,304,304
Os?GWK@?G@`?OEG@A?j_?,457,3637,3637
Os?GWO???aaEGKP_CGA@@,678,705,705
Os?GWO??@EAECKOKCGAG@,1080,928,928
Os?GWO??@ECICKCKG_A@@,1315,380,380
Os?GWO??ABCKH_OKAA?_`,313,724,724
Os?GWO??ACccCKGKAGAA@,2565,1121,1121
Os?GWO??AHCQCKCKCGAA@,2490,631,631
Os?GWO??AHGQGKCKCG?a@,2763,585,585
Os?GWO??G`aoOOGOgA@@@,485,2929,2929
Os?GWO??G`aoOOOOCCP?a,770,2613,2613
Os?GWO??G`aoOOOOcC@?`,459,3476,3476
Os?GWO??G`cEGOOOAOIGC,380,4015,4015
Os?GWO??G`cEOOGOAOIGC,306,3895,3895
Os?GWO??G`cQCOGOG_I@C,2298,3528,3528
Os?GWO??G`cQOOGOaCAG@,1450,2577,2577
Os?GWO??G`cQOOGOa_A@@,2353,3927,3927
Os?GWO??G`cQOOOOA_H@C,2334,2806,2806
Os?GWO??G`cQOOOOa_@@@,493,3548,3548
Os?GWO??G`coOOGOaAA@@,263,3472,3472
Os?GWO??GaaEOOP?cO@@@,1483,3826,3826
Os?GWO??GaaWOCP?cC@@@,578,2741,2741
Os?GWO??GbCQOOGGaAAG@,3220,3167,3167
Os?GWO??GbCQOOGGgA?g@,3217,3092,3092
Os?GWO??GcaEOOOOc_@@@,492,3549,3549
Os?GWO??GccECOGOG_I@C,2578,3684,3684
Os?GWO??GccEOOGOaCAG@,2297,3519,3519
Os?GWO??GccEOOGOa_A@@,2784,3868,3868
Os?GWO??GccEOOOOA_H@C,1477,2801,2801
Os?GWO??GccEOOOOa_@@@,483,2688,2688
Os?GWO??GccaGOOOACI@C,2603,3677,3677
Os?GWO??GccaOOGOaCA@@,2143,3802,3802
Os?GWO??GcccOOGOaAA@@,2562,3492,3492
Os?GWO??GdCaOOGOaAA@@,2620,3008,3008
Os?GWO??GgaQOOOOcC@@@,484,2799,2799
Os?GWO??GiAWOGGCcCA?`,883,2207,2207
Os?GWO??GiAWOGOCcA@@@,878,2206,2206
Os?GWO??HAaQOOOGaC@G@,3096,3226,3226
Os?GWO??HAaWGCD?gCA@@,555,2737,2737
Os?GWO??HBAIP?O_cA?`@,1053,2647,2647
Os?GWO??HHAQCOGOGAI@C,3189,2556,2556
Os?GWO??HICSOOOGaA?_`,579,4034,4034
Os?GWO??IAaEOOGGaO@G@,1727,3331,3331
Os?GWO??IAaSOOGGaA@G@,3246,1741,1741
Os?GWO??IIASOOGGaA@?`,1336,2451,2451
Os?GWO?@_A?HCKGBICB@?,464,835,835
Os?GWO@??`aEOCP?cG@C@,2217,1953,1953
Os?GWO@??`cEOCH?aGAC@,2687,3212,3212
Os?GWO@?@AgoCCCCGCH@C,707,2252,2252
Os?GWO@?@AgoCCGCACI@C,712,2261,2261
Os?GWO@?@AgoCCGCaCA@@,651,2876,2876
Os?GWO@?@AgoOCGCaC?`@,726,3987,3987
Os?GWO@?AAgcCCGCACHCC,2426,3499,3499
Os?GWO@?GagCH?G_AAI?K,2842,2845,2845
Os?GWO@?OG?PCKGBIAB@?,1044,90,90
Os?GWO@?OH?QCKCBK?B?@,80,3447,3447
Os?GWO@?WG?PCKCBK?B?@,60,2690,2690
Os?GWO@@_?_CCBGBIGB@?,762,530,530
Os?GWO@@_?_DC@GAiGB@?,639,1676,1676
Os?GWO@@_?_DG@CAiGB@?,621,1677,1677
Os?GWOA@?`gAGOCGCGI?K,2463,3947,3947
Os?GWOB??A?`CHCEKAB?_,1067,930,930
Os?GWOB@P?aCO?G?a?Y?W,915,2215,2215
Os?GWOC?ABCQGWCCAAA?B,1921,2443,2443
Os?GWOC?ACcICKCOCCA?B,3108,1041,1041
Os?GWOD?@BAACCOCCOI?K,989,2643,2643
Os?GWOD?o??EC@GAi@B?O,881,1002,1002
Os?GWOE?PAaAOHO?A?H?B,444,3797,3797
Os?GWOE?PAcAOHO?A?G_B,168,4053,4053
Os?GWOE?PAgAOHC?A?H?B,181,4057,4057
Os?GWW???B?QGHCEICB?_,590,2012,2012
Os?GWW???`aEGKOOCOA?B,265,1126,1126
Os?GWW???aaEGKO_CCA?B,506,1129,1129
Os?GWW??G@?BCHCEKOBA?,242,824,824
Os?GWW??G@?BCICDKOBA?,241,2350,2350
Os?GWW??G`cKCCO_C?I?D,608,2939,2939
Os?GWW??G`cKGCO_A?I?D,802,3633,3633
Os?GWW??G`gWCCGGG?H?D,76,3359,3359
Os?GWW??G`gWGCCGG?H?D,81,3445,3445
Os?GWW??H@cKCCO_A?I?D,789,1227,1227
Os?GWW??HDAICCGGG?I?D,615,2780,2780
Os?GWW??HDAIGCCGG?I?D,662,3979,3979
Os?GWW??I?aBOGGGAGHCC,664,2997,2997
Os?GWW??I?aDOCGGAGHCC,683,2255,2255
Os?GWW??I?aDOCGGCGGcC,514,2279,2279
Os?GWW??I@CDOCGCAGGcC,352,3454,3454
Os?GWW??I@GDCCGCCOOaA,581,3444,3444
Os?GWW??I@aECOG_G?H?D,348,3978,3978
Os?GWW??I@aEGOC_G?H?D,292,3439,3439
Os?GWW??I@gEC_COC?P?B,53,2877,2877
Os?GWW??I@gEG_COA?P?B,75,2915,2915
Os?GWW??I@gEG_COC?O_B,54,3002,3002
Os?GWW??IAaSCCGGG?H?D,673,2800,2800
Os?GWW??IAaSGCCGG?H?D,617,2732,2732
Os?GWW??IAgSGGCCA?P?B,305,2246,2246
Os?GWW??IAgSGGCCC?O_B,304,3057,3057
Os?GWW??IBAQCCGGG?H?D,622,4031,4031
Os?GWW??IBAQGCCGG?H?D,676,4006,4006
Os?GWW??IBGQCGCCC?H?D,302,3457,3457
Os?GWW??IDCICCCGC?I?D,722,2722,2722
Os?GWW??IDCICCCGG?H?D,716,4033,4033
Os?GWW??OC?BCBGKICB@?,278,1127,1127
Os?GWW??o?_CCBCBKCB@?,27,263,263
Os?GWW@?a?aBOGGGA?H?D,524,2989,2989
Os?GWW@?a?aBOGGGC?G_D,522,3483,3483
Os?GWW@?a?aDOCGGA?H?D,647,2730,2730
Os?GWW@?a?aDOCGGC?G_D,645,2768,2768
Os?GWW@?a@ABOCGGC?G_D,689,3959,3959
Os?GWW@?a@CAGCOGA@G_K,742,1146,1146
Os?GWW@?a@GDGCGCA?O_B,462,2899,2899
Os?GWW@?a@cCCCO?C?g_E,410,1230,1230
Os?GWW@?g?_DG@CAk?A_@,136,2382,2382
Os?GWW@?g?_DGAC@K?Q_A,146,2765,2765
Os?GWW@?g@?ACAG@i@B?G,216,3590,3590
Os?GWW@?g@?AGAC@i@B?G,223,3591,3591
Os?GWWA??`aEOCOOC?H?D,748,3468,3468
Os?GWWA??`gAGCCOCCI?K,293,1236,1236
Os?GWWA??`gAGGCCCGI?K,699,4005,4005
Os?GWWA??`gAGOCCCCI?K,723,3975,3975
Os?GWWA??`gCGCCCCGI?K,832,3951,3951
Os?GWWA??`gCGCCOCAI?K,685,3578,3578
Os?GWWA??`gCGOCCCAI?K,656,3427,3427
Os?GWWA??`gGGCCGCAI?K,537,3647,3647
Os?GWWA??`gKOCGCA?H?D,211,2758,2758
Os?GWWA??acECCOGC?I?D,644,1757,1757
Os?GWWA??agAGGCCCCI?K,766,2331,2331
Os?GWWA??agAGGCGCAI?K,694,2721,2721
Os?GWWA??agCGCCGCAI?K,698,2795,2795
Os?GWWA??agCGGCCCAI?K,816,3140,3140
Os?GWWA??agECCOGC?H?D,626,2731,2731
Os?GWWA??bGAGCCCCCI?K,163,4046,4046
Os?GWWA??bGAGCCGCAI?K,142,3628,3628
Os?GWWA??bGAGGCCCAI?K,225,2760,2760
Os?GWWA?@@aCCCOCCGI?K,684,2259,2259
Os?GWWA?@@aGCCOCCCI?K,819,2794,2794
Os?GWWA?@@aGCCOGCAI?K,807,3738,3738
Os?GWWA?@@gAGGCOAAI?K,501,2289,2289
Os?GWWA?@AaCCCOCCCI?K,697,2729,2729
Os?GWWA?@AaCCCOGCAI?K,771,2253,2253
Os?GWWA?@AaCCGOCCAI?K,745,1204,1204
Os?GWWA?@BAACCOCCCI?K,143,3629,3629
Os?GWWA?@BAACCOGCAI?K,165,3592,3592
Os?GWWA?@BACCCOCCAI?K,214,3872,3872
Os?GWWA?@BGAGCCGAAI?K,183,3995,3995
Os?GWWA?A@aCCCGOCAI?K,520,2293,2293
Os?GWWA?A@gKGCCCC?G_D,151,2764,2764
Os?GWWA?A@gKGCCCC?O_B,150,2777,2777
Os?GWWA?O??BCBGKI@B@?,335,731,731
Os?GWWA?O??BCBGKK@A`?,408,736,736
Os?GWWA?O@?ACBCBKCB?_,821,217,217
Os?GWWA?O@?AOBCHCBB_?,585,2014,2014
Os?GWWA?O@?AOBCICAb_?,472,2005,2005
Os?GWWA?O@?BC@GAiCB?_,718,1350,1350
Os?GWWA?O@?BCAG@iCB?_,711,1352,1352
Os?GWWA?Q@GACGGCC?g_S,791,1264,1264
Os?GWWA?W@?A?BW?e?a_O,174,3600,3600
Os?GWWA?W@?ACBCBK?B?@,24,3596,3596
Os?GWWA?W@?BC?CBK?R?C,134,3631,3631
Os?GWWB????BCBGKI@B?_,43,712,712
Os?GWWB???_BCHCEK?B?@,52,3452,3452
Ot?????AgM@K@WO_B_B?A,1054,93,93
Ot?????AoT?k@WC_H_B?A,939,40,40
Ot????@?wH@WBAC_H_B?A,951,2636,2636
Ot????@?wH@WBAO_H_@_A,219,2763,2763
Ot????@@_Q_sAgCOH_B?A,955,674,674
Ot????@@_Q_sAgOOB_B?A,1061,1192,1192
Ot????@AOQ_s@gO_B_B?A,559,2387,2387
Ot????B?oH@WBACCH_B?A,961,1005,1005
Ot????B?oU?c@DQ?H_@_A,147,3630,3630
Ot????B?oU?eB?O?b_B?A,1016,2020,2020
Ot????B?wG@WBACAH_B?A,30,2628,2628
Ot????B?wG@WBAOAB_B?A,31,2646,2646
Ot????B@OH`OAoO@B_B?A,1018,2675,2675
Ot????B@OK@EAoCAH_B?A,918,681,681
Ot????B@OK@EAoOAB_B?A,1028,1188,1188
Ot????JB?E?oO@OEAg@OC,2788,118,118
Ot????MAOE?oO@OEAg@OC,2793,117,117
Ot???C??OB_sAKB_H_B_?,39,668,668
Ot???C??WL@KB_CCH_B?A,965,670,670
Ot???C@?gH@WBACCH_B?A,966,1258,1258
Ot???CA?GB`IB_D?H_B?A,887,2639,2639
Ot???CA?GB`IB_P?B_B?A,888,2659,2659
Ot???CA?OH`IB_CGH_B?A,947,2582,2582
Ot???CA?WB_oB@E?H_B?A,6,2584,2584
Ot???CA?WB_oB@Q?B_B?A,7,2660,2660
Ot???CA?WB`_B@O_B_B?A,4,3449,3449
Ot???CA?WU?eB?O?b_B?A,1015,3154,3154
Ot???CB?_H_aAPQ?B_B?A,988,3423,3423
Ot???CB?_H`A@PE?H_B?A,890,2585,2585
Ot???CB?_H`A@PQ?B_B?A,987,3417,3417
Ot???CB?oH?aABQ?H_@_A,139,2755,2755
Ot???CB?oP?bB?C?h_B?A,154,2678,2678
Ot???CB?oP?bB?O?b_B?A,155,4002,4002
Ot???CB@?O`I@IO_B_B?A,1011,2487,2487
Ot???CBA?H`I@_C?h_B?A,920,2950,2950
Ot???CBA?H`I@_O?b_B?A,1025,3881,3881
Ot???CBA?K_cAPCCH_B?A,907,2196,2196
Ot???CBA?K_cAPOCB_B?A,1021,3148,3148
Ot???CBB?W?oO@OEAK@OC,486,1128,1128
Ot???CDAo[?CO?O@b_@?K,1092,2472,2472
Ot???CE@WU??O@O@b?`W?,264,3344,3344
Ot???CFAoO?_O@OBB_@?S,371,3880,3880
Ot???CI@WI@PO?O?b_@?E,128,2059,2059
Ot???CI@WK@HO?O?b_@?E,130,4011,4011
Ot???CIAWI?pO?O?b_@?E,125,4010,4010
Ot???CIAgI?hO?O?b_@?E,124,4024,4024
Ot???CJ?OK?aO@OEB_@OC,2135,3776,3776
Ot???CJ?_I@_O@OEB_@?c,2394,1839,1839
Ot???CJ@?A_oO@OEB_@OC,2136,3526,3526
Ot???CJ@?E@_O@OEB_@?c,759,2335,2335
Ot???CJ@?I@OOCOBB_@?c,1127,2714,2714
Ot???CJ@oW??O@O@a@`W?,247,2348,2348
Ot???CJ@oW??O@OBB_@?K,251,3337,3337
Ot???CJA?K?gOCOBB_@?c,1927,2236,2236
Ot???CKB?D?IOAO@aW@W?,2905,1954,1954
Ot???CKB?E?EO@OAaW@W?,424,1947,1947
Ot???CM?OI@OOCOBB_@?c,2205,2453,2453
Ot???CM?OS?aO@OEAg@OC,2799,2427,2427
Ot???CM?_Q?gOCOBB_@?c,2231,1849,1849
Ot???CMA?A_oO@OEAg@OC,2800,3674,3674
Ot???CMBOE??O@OBB_@?K,1099,2238,2238
Ot???GB?oG@@ODOIB_@S?,2836,2430,2430
Ot???GEA_A?HODOIB_@S?,2134,3763,3763
Ot???GJ?_E?aO@OEB_@OC,2142,1781,1781
Ot???GJA?C_oO@OEAg@OC,2478,3949,3949
Ot???GL?oS??OBODAO`W?,1654,1833,1833
Ot???GM?oS??OBODAG`W?,2948,1119,1119
Ot???KEA?B?oO@OEBA@OC,2044,2439,2439
Ot???KEA?D@GOCOBB_@?c,1147,3756,3756
Ot???KEAWC@?O@OBB_@?S,2371,2710,2710
Ot???KEAWO?OO@OBB_@?S,2347,2601,2601
Ot???KEAoO?CO@OBB_@?S,1216,3404,3404
Ot???KF??O_oO@OEBA@OC,95,3463,3463
Ot???KFA?K?AO@OEB?`OC,87,2612,2612
Ot???KFA?K@?O@OEB?`?c,98,2931,2931
Ot???KFA?K@AO@OEB?@?D,58,2895,2895
Ot???KFA?O?AOBODB@@K?,14,3448,3448
Ot???KFA?O@?ODOBAo@?o,19,648,648
Ot???KFA?O@@O@OEAo@?c,11,3415,3415
Ot???KI?OH@_O@OEBO@?c,2406,1746,1746
Ot???KI?OK?aO@OEBC@OC,2051,2041,2041
Ot???KI?OS?aO@OEAc@OC,2587,1909,1909
Ot???KJ@_O??OBODA@`W?,1274,1044,1044
Ot???KK?_E?aO@OEBC@OC,1154,3410,3410
Ot???KK?oS??OBODAC`W?,2941,1105,1105
Ot???KL?_O_?OBODAO`W?,1616,1832,1832
Ot???KL?_S??OBODAA`W?,1272,994,994
Ot???KM?OC?aO@OEB@@OC,2087,1987,1987
Ot???KM?OS??OBODAA`W?,2937,1012,1012
Ot???OC@OE@OOHOEBO@H?,2877,2362,2362
Ot???OF@?C_oO@OEBG@OC,1930,2463,2463
Ot???OFA?C_oO@OEAg@OC,2585,2151,2151
Ot???OI@_I?oO@OEAK@OC,2442,369,369
Ot???OJ?OK_aO?O@ao@OC,2228,2464,2464
Ot???OJ@?A_oO@OEAo@OC,2830,2984,2984
Ot???SA@GE@_O@OEAc@OC,2737,2825,2825
Ot???SC@GE?EO@OAbO@W?,512,3957,3957
Ot???SCAGD?oO@OEAg@OC,2590,3059,3059
Ot???SE?GA_oO@OEB_@OC,2151,1902,1902
Ot???SE?OH@_O@OEBO@?c,2395,2821,2821
Ot???SE?OK?aO@OEBC@OC,2183,1743,1743
Ot???SE?OS?aO@OEAc@OC,2777,2713,2713
Ot???SE@?D@GOCOBB_@?c,2190,3941,3941
Ot???SEB_B??O@OBB_@?K,1103,760,760
Ot???SF??K@AO@OEAa@OC,1699,3031,3031
Ot???SF??W@_O@OEAQ@?c,1974,3701,3701
Ot???SFB?C_?O@OBB_@?K,1106,3943,3943
Ot???SFB_??@O@OBB_@?S,871,2112,2112
Ot???SH?GK?oO@OEAa@OC,2643,3837,3837
Ot???SI?OK?aO@OEAc@OC,2681,2711,2711
Ot???SI@?W?AOBODAc@E?,1194,2552,2552
Ot???SI@GE?_O@OEA_`OC,1210,3116,3116
Ot???SJ@?G?BO@OEAo@OC,657,3640,3640
Ot???SJ@?G?oO@OEAB@OC,388,735,735
Ot???SJ@?G__O@OEAO`OC,353,3952,3952
Ot???SK?_B?oO@OEAa@OC,2682,1711,1711
Ot???SK?_E?aO@OEAc@OC,1693,3124,3124
Ot???SL??C_oO@OEAa@OC,2311,3520,3520
Ot???SL@?C?oOCOBB@@?c,2075,2847,2847
Ot???SM??G_aO@OEAW@OC,1229,2696,2696
Ot???SM??G`_O@OEAW@?c,1319,2407,2407
Ot???SM?OC?aO@OEA`@OC,2678,2715,2715
Ot???SM@?A?BO@OEAo@OC,2843,2665,2665
Ot???WE?_P?oO@OEAI@OC,2487,461,461
Ot???WI?GK?oO@OEAI@OC,2506,1014,1014
Ot???[A?_W?AOBODDC?h?,1809,2614,2614
Ot???[M???_AOBOBAQ@W?,3259,207,207
Ot???[M???`_O@OEAP@?c,2345,2074,2074
Ot???[M??C?BO@OEB_@?c,2375,360,360
Ot???[M??C@_OCOBAB@?c,2037,636,636
Ot???[M??K?AO@OEAA`OC,2268,627,627
Ot???[M??O?AOBODAB@K?,1111,615,615
Ot??G?BAOI?oOBOKD??o@,1017,2676,2676
Ot??G?BB?Q?oO@OEAK@OC,2762,2372,2372
Ot??G?D?oQ?oOBOKD??o@,1031,1193,1193
Ot??G?FA?A_oO@OEBG@OC,857,4038,4038
Ot??G?JA?A_oO@OEAg@OC,2672,2813,2813
Ot??G?M?OA_oO@OEBG@OC,379,2898,2898
Ot??GC@AGB@_O@OEAo@OC,1771,2378,2378
Ot??GC@B?B@?ODOBBC@K?,2908,2843,2843
Ot??GCA?WB@_O@OEB_@OC,2070,1689,1689
Ot??GCA?WR?aO?O@b_@OC,2047,2037,2037
Ot??GCB?GO`_O@OEAg@OC,1783,3055,3055
Ot??GCBA?B@_O@OEAa@OC,674,3602,3602
Ot??GCBA?H@?ODOBBG@G_,1831,1973,1973
Ot??GCBAO@@?ODOBB_@GO,2664,1868,1868
Ot??GCBAOP?_O@OEA_`OC,1945,2370,2370
Ot??GCD?GK@AO@OEBG@OC,1227,1882,1882
Ot??GCH?GA_oO@OEB_@OC,1834,3867,3867
Ot??GCH@GE@?O@OEA_`OC,2019,1486,1486
Ot??GCJ@??`_O@OEAH@OC,2531,3522,3522
Ot??GCJ@?A?BO@OEB_@OC,2163,3022,3022
Ot??GCL??A_oO@OEBA@OC,1598,3515,3515
Ot??GCL??K@AO@OEAI@OC,1541,2718,2718
Ot??GG@?WD`OO?O@b_@OC,178,4047,4047
Ot??GG@AWD?OO@OBB_@OC,2118,2034,2034
Ot??GGA@_B@?OBODBG@P?,2787,2826,2826
Ot??GGAAOP@?OBODAo@B?,2292,177,177
Ot??GGB?GS@_O@OEAI@OC,2520,468,468
Ot??GGB?OO`_O@OEAS@OC,1785,2137,2137
Ot??GGB@GE@?O@OEB?`OC,1095,1209,1209
Ot??GGB@OD@?O@OEB?`OC,976,3324,3324
Ot??GGBA?B?oO@OEBA@OC,1027,3662,3662
Ot??GGBA?E@_O@OEAE@OC,2446,268,268
Ot??GGBAGS?_O@OEAG`OC,2288,250,250
Ot??GGBAo@@?O@OBA`@OC,2452,332,332
Ot??GGE?OS?GOHOEB?`O_,2470,2693,2693
Ot??GGGAWF?OO?O@a_`OC,1378,2377,2377
Ot??GGH?_B@OOCOBB_@?c,2062,3784,3784
Ot??GGI?GQ?oO@OEAI@OC,2575,2505,2505
Ot??GGI?OP?oO@OEAI@OC,2564,3562,3562
Ot??GGI?WE@?O@OEA_`OC,2259,1139,1139
Ot??GGIA?B?oO@OEAI@OC,2480,3902,3902
Ot??GGIAOE?_O@OEAC`OC,2267,367,367
Ot??GGJ?_A?BO@OEB_@OC,2181,1853,1853
Ot??GGJ?oO??OBODA@`W?,2935,387,387
Ot??GGJA?C?HOCOBB_@?c,1990,2951,2951
Ot??GGK??E?WODOIDA?o_,1919,2444,2444
Ot??GGK?oA?PODOID??o@,1030,3144,3144
Ot??GK??WP@_O@OEAS@OC,2715,2054,2054
Ot??GKA?WP?_O@OEB?`OC,1335,2596,2596
Ot??GKAB???HOKOBBC@OO,2382,3237,3237
Ot??GKB??O`_O@OEAE@OC,808,3619,3619
Ot??GKC?gB@?O@OEB?`OC,877,1260,1260
Ot??GKE?O@`?O@OEB?`OC,123,3327,3327
Ot??GKEA??_AOBOBDG?p?,289,815,815
Ot??GKEA?O@?OBODCI?`O,655,817,817
Ot??GKEA?O`?ODOBCG?`@,132,3632,3632
Ot??GKG?G@_oO@OEBG@OC,675,3971,3971
Ot??GKG?G@`_O@OEAW@OC,482,2739,2739
Ot??GKG?WC@_O@OEAD@OC,2351,2692,2692
Ot??GKG?WS?_O@OEAC`OC,2261,2229,2229
Ot??GKG@_??HODOIBC@OO,175,4004,4004
Ot??GKG@_??HOKOBBC@OO,448,3955,3955
Ot??GKI??B@_O@OEBA@?c,1188,3392,3392
Ot??GKI?GA?BO@OEB_@OC,2180,3859,3859
Ot??GKI?GA`?O@OEA_`OC,2214,2047,2047
Ot??GKI?GG@AO@OEAH@OC,1628,2707,2707
Ot??GKI?OO__O@OEAC`OC,2262,2170,2170
Ot??GKI?OW?AO@OEAC`OC,2086,2231,2231
Ot??GKI?WO??OBODA@`W?,1281,2094,2094
Ot??GKIA?@?HOCOBB_@?c,2054,3944,3944
Ot??GKJ???_BO@OEB_@OC,157,3889,3889
Ot??GKJ???_BOAO@bA@W?,159,4042,4042
Ot??GKJ??O?BO@OEB_@?c,200,2766,2766
Ot??GKJ??O_?OBODAA`W?,198,3622,3622
Ot??GKJA?W??OBODA?`?`,203,3998,3998
Ot??GO@?gB?oO@OEB_@OC,1872,3913,3913
Ot??GO@?gD@_O@OEAg@OC,2459,1908,1908
Ot??GO@AGD?oO@OEAg@OC,2592,3066,3066
Ot??GOAAGB?oO@OEAg@OC,2572,3083,3083
Ot??GOB@?B@_O@OEAQ@OC,2559,1094,1094
Ot??GOB@?C`_O@OEAK@OC,1641,2365,2365
Ot??GOB@GE@?O@OEA_`OC,2257,1421,1421
Ot??GOBB?B?_O@OEAO`OC,2317,1097,1097
Ot??GOC?gB?oO@OEBG@OC,1295,2459,2459
Ot??GOD?OD@_O@OEBO@?c,2396,2856,2856
Ot??GOD?_A?BOBOKBO@W?,2327,2548,2548
Ot??GOH@OD?AO@OBAo@OC,2729,2371,2371
Ot??GOH@_?_KO@OAao@OO,428,3319,3319
Ot??GOI@?A_oO@OEAK@OC,2441,2373,2373
Ot??GOK?WE??OBODAO`W?,2950,1317,1317
Ot??GOK?_E?aO@OEAK@OC,2439,532,532
Ot??GOM?OO?AOBODAH@K?,488,3315,3315
Ot??GS@@_?@@OHOEB_@@O,2835,3769,3769
Ot??GS@@_?_COBOBB_@P?,2752,2039,2039
Ot??GSA@GB@?O@OEA_`OC,2256,63,63
Ot??GSA@O?@@OBOKB_@@O,3119,3709,3709
Ot??GSA@O?@@ODOIB_@@O,2981,3211,3211
Ot??GSA@O?@@OHOEB_@@O,3124,3507,3507
Ot??GSAA?W?AOBODAc@B?,1253,2846,2846
Ot??GSB?GO__O@OEA_`OC,2204,3563,3563
Ot??GSB@GO?_O@OEA@`OC,1519,477,477
Ot??GSC?GB?oO@OEBA@OC,2095,1871,1871
Ot??GSC?o?@@ODOIB_@@O,2164,2900,2900
Ot??GSD?GK@?O@OEAA`OC,1234,1071,1071
Ot??GSDA?O?AOBODAD@K?,1223,2970,2970
Ot??GSG?GB?oO@OEAa@OC,2653,1996,1996
Ot??GSG?GH@_O@OEAW@?c,2393,3494,3494
Ot??GSG?_W?AOBODAc@B?,1567,2883,2883
Ot??GSG@_??HODOIAc@OO,2668,3180,3180
Ot??GSH?GG?aO@OEAP@OC,2701,2703,2703
Ot??GSH@?O?AOBODAD@K?,1768,3406,3406
Ot??GSI??W?AOBODAa@B?,1413,1547,1547
Ot??GSIA?A_EOAO@c_?g@,1009,2393,2393
Ot??GSJ??W?AOBODA_@?`,234,3325,3325
Ot??GSK??W?AOBODAK@C_,1498,2163,2163
Ot??GSK?O@?POCOBB_@?c,2229,3441,3441
Ot??GSL??C?BO@OEAa@OC,1882,1559,1559
Ot??GSM???_AOBODAH@W?,904,2627,2627
Ot??GSM?OW??OBODA?`?`,937,2201,2201
Ot??GW@?g?_COBOBB_@S?,2376,3303,3303
Ot??GWAAGD?_O@OEAG`OC,1578,1256,1256
Ot??GWB?GC@_O@OEB@@?c,2354,1927,1927
Ot??GWB?GG@AO@OEAP@OC,2558,1103,1103
Ot??GWB?GO?AOBODAP@W?,1851,987,987
Ot??GWB?GW?AO@OEAO`OC,2299,641,641
Ot??GWG?_W?AOBODAK@D?,1605,1091,1091
Ot??GWI??@_oO@OEAI@OC,2309,1241,1241
Ot??GWJ??K?AO@OEAA`OC,1060,2656,2656
Ot??GWJ??O?AOBODAB@K?,1000,2644,2644
Ot??GWKA_?_DO?OBAGPCC,2022,3056,3056
Ot??G[??G@`_O@OEAS@OC,658,3655,3655
Ot??G[A?GP?_O@OEAA`OC,2264,465,465
Ot??G[AA?W?AOBODCC?`@,1004,2677,2677
Ot??G[G?G@__O@OEAO`OC,693,3652,3652
Ot??G[G?GC__O@OEAC`OC,2278,2222,2222
Ot??G[G?_W?AOBODCC?`@,1038,2902,2902
Ot??O?D?oB?oO@OEB_@OC,1511,2941,2941
Ot??O?E?WI?oO@OEBG@OC,2153,2666,2666
Ot??O?FA?A_oO@OEAg@OC,2810,2152,2152
Ot??O?J?OG_oO@OEAg@OC,2591,2817,2817
Ot??OC@?WH?oO@OEB_@OC,1510,3892,3892
Ot??OCB?OG?BOBOKD_?w?,1754,2892,2892
Ot??OCB@?W?AOBODAc@Q?,1202,2965,2965
Ot??OCBA?W?AOBODCg?h?,1273,3564,3564
Ot??OCCAGB?oO@OEAg@OC,2806,2953,2953
Ot??OCD?_W?AOBODAK@W?,1651,3437,3437
Ot??OCDA?B?oO@OEAa@OC,2471,3900,3900
Ot??OCE?OW?AOBODAK@W?,1866,1674,1674
Ot??OCH@GI?_O@OEAO`OC,2285,3366,3366
Ot??OCI?OW?AOBODAc@I?,1830,3865,3865
Ot??OG@?oG?POKOBB_@P?,2606,462,462
Ot??OGB?OG?BOBOKBO@W?,2071,3789,3789
Ot??OGB?o@?AOBOBD_?w?,1981,114,114
Ot??OGC?gB?oO@OEBG@OC,2160,2456,2456
Ot??OGD?OD@OOCOBB_@?c,1495,3552,3552
Ot??OGD?gS??OBODAG`W?,2955,2135,2135
Ot??OGH@_A?POKOBB?@G@,1839,1828,1828
Ot??OGK?_E?aO@OEAK@OC,2703,925,925
Ot??OGL?_A@_O@OEAP@?c,1544,3745,3745
Ot??OK@@_?_COBOBB_@P?,2820,1691,1691
Ot??OKA?W?_COBOBD_?w?,1979,1704,1704
Ot??OKAA?W?AOBODAc@B?,1257,3240,3240
Ot??OKD?GS??OBODAA`W?,2235,2706,2706
Ot??OKG?_W?AOBODAc@B?,1569,2986,2986
Ot??OKH?GG?aO@OEAP@OC,2513,2963,2963
Ot??OKK??@`_O@OEAW@?c,1944,3938,3938
Ot??OKK?o?_DO@OAB_@?E,1929,2864,2864
Ot??OKKB?E?EO?OBC?O_D,978,2025,2025
Ot??OKL???_aO@OEAP@OC,1602,3809,3809
Ot??OKL??C?BO@OEAa@OC,1800,2175,2175
Ot??OOB?OG?BOBOKAo@W?,2409,1997,1997
Ot??OOB@?W?AOBODAc@E?,1203,686,686
Ot??OOB@O??PODOIB_@GO,2675,3210,3210
Ot??OOE@WE??O@OBB_@?K,1102,3755,3755
Ot??OOF@o??@O@OBB_@?S,886,2111,2111
Ot??OS@@_?_COBOBB_@H?,2328,1696,1696
Ot??OSA?OW?AOBODCc?h?,1489,3037,3037
Ot??OSA@?W?AOBODAc@B?,1204,2888,2888
Ot??OSB??W?AOBODAc@G_,385,2680,2680
Ot??OSB@?W?AOBODAC@G@,631,3126,3126
Ot??OSC?_W?AOBODAc@B?,1488,3821,3821
Ot??OSC?o?_COBOBB_@H?,749,3620,3620
Ot??OSC@GC_KO@OAB_@?E,1995,2159,2159
Ot??OSC@GE?EO@OAB_@?E,774,2242,2242
Ot??OSE@W??@O@OBB_@?S,885,3820,3820
Ot??OW@@_?_COBOBBO@H?,2725,1343,1343
Ot??OWA?_W?AOBODAc@B?,1652,2050,2050
Ot??OWC?o?@@ODOIAo@@O,2970,3260,3260
Ot??OWC?o?_COBOBBO@H?,1770,2070,2070
Ot??W?@?WB@_O@OEAo@OC,57,1211,1211
Ot??W?@?oI@?OBOKB?`H?,2885,3051,3051
Ot??W?@?oI@?OHOEA_`P?,3051,1825,1825
Ot??W?@?oI@?OHOEB?`H?,2875,3671,3671
Ot??W?@@OE@?OBOKB?`H?,2617,2405,2405
Ot??W?@AGB?oO@OEAg@OC,1888,2874,2874
Ot??W?AB?A?HOKOBB_@B?,580,3613,3613
Ot??W?B@O?@@OBOKB_@AO,3243,2520,2520
Ot??W?B@O?_COBOBBG@W?,2723,1841,1841
Ot??W?BB?B?_O@OEAG`OC,2313,3801,3801
Ot??W?D@_?_KO@OAbG@OO,2616,3933,3933
Ot??W?I@OB?_O@OEAG`OC,2336,1888,1888
Ot??W?L?OC?aO@OEAH@OC,2655,2833,2833
Ot??WC@?GW?AOBODAc@Q?,1836,1851,1851
Ot??WC@A?W?AOBODAc@B?,1164,2944,2944
Ot??WC@AGB?_O@OEA_`OC,1238,2166,2166
Ot??WCG?OW?AOBODAc@B?,1802,3735,3735
Ot??WG??WB@_O@OEAS@OC,2460,793,793
Ot??WG??WC?HOKOBB_@P?,2532,3841,3841
Ot??WG@?o?_COBOBB_@P?,2719,113,113
Ot??WGA?W@@_O@OEAH@OC,2549,318,318
Ot??WGAB???HOKOBAK@OO,3158,3790,3790
Ot??WGB?O?`_O@OEAD@OC,2530,2071,2071
Ot??WGB?OG?BOBOKD??o@,1041,3151,3151
Ot??WGB@O?_COBOBD??o@,1032,2599,2599
Ot??WGD??O_AOBODBC@E?,922,2199,2199
Ot??WGG?WB?_O@OEAO`OC,2280,782,782
Ot??WGJ?O?__O@OEA@`OC,1644,2156,2156
Ot??WK??WP?_O@OEAC`OC,2300,1896,1896
Ot??WKC??O_AOBODAK@P?,924,2885,2885
Ot??WKG?GW?AOBODAC@A@,1608,2641,2641
Ot??WKG?W@?_O@OEA@`OC,2274,1870,1870
Ot??WO@@?C?BOBOKBG@H?,2178,3788,3788
Ot??WO@@_?_COBOBAg@P?,2724,1040,1040
Ot??WO@@_?_COBOBBG@H?,2871,2360,2360
Ot??WOA?OW?AOBODAc@B?,1609,1993,1993
Ot??WOCA?A?POKOBAI@H?,2736,2810,2810
Ot??WODB??_KO?OBAOP?S,1923,2237,2237
Ot??WS??GW?AOBODAc@B?,1566,2890,2890
Ot??WW??o?_COBOBDC?h?,2765,216,216
Ot??WWA??W?AOBODAE@B?,1501,2102,2102
Ot??WWA?O@?AOBOBAc@O_,3261,1163,1163
Ot??WWA?O@?AOBOBB_@@_,3260,1498,1498
Ot??WWA?W@?AOBOBD??g@,1660,2937,2937
Ot??WWAB???HODOIAC@?P,1399,1381,1381
Ot??WWBB????OBOBCD?_g,2967,256,256
Ot??WWBB???@O@OAcD?_g,1412,623,623
Ot??WWK?OC?B?B?KI?J?C,925,2098,2098
Ot??WWK?o???OHOEC@__W,1916,262,262
Ot??W[??G@?BOAO@b_@@_,16,2917,2917
Ot??W[K???_DO?OBCAO_c,18,3450,3450
Ot??W[K?G???OBODA@`?o,105,821,821
Ot?G????gB_[AoP?B_B?A,872,2947,2947
Ot?G??@@OE@OOHOEAo@P?,3187,1024,1024
Ot?G??A?_B_MAoP?B_B?A,984,2491,2491
Ot?G??A?gB?JAoP?B_B?A,971,3832,3832
Ot?G??B?oU?eO?O?b_@?E,117,2060,2060
Ot?G??B@OE@_OBOKB?@C@,1832,990,990
Ot?G??C?gB?P?TR?AWBO?,1311,2980,2980
Ot?G??C?gB?Q?RR?AWBO?,1310,4050,4050
Ot?G??C@?A_T?kQOGW@o?,342,831,831
Ot?G??C@?B?J?kE_GWBO?,1131,689,689
Ot?G??C@GC?J?iQOGW@o?,339,3466,3466
Ot?G??C@_?_L?iEOGWBO?,1128,2469,2469
Ot?G??C@gA?H?bQGAWBO?,192,3626,3626
Ot?G??C@o@?D?qQ@AWBO?,1365,1876,1876
Ot?G??D@O??T?eQAGW@o?,412,744,744
Ot?G??D@O@?P?bQCGW@o?,321,2270,2270
Ot?G??D@O@_P?`E?gWBO?,1205,1972,1972
Ot?G??D@_?_H?iE@GWBO?,1213,1182,1182
Ot?G??E?W?_P?RR?AWBO?,1072,3119,3119
Ot?G??E@OC?HOKOBBO@Q?,2846,2446,2446
Ot?G??E@_A?HOIODBG@S?,2768,3724,3724
Ot?G??F?_E?aO@OEBG@OC,2157,2455,2455
Ot?G??I@OC_KO@OAao@Q?,2917,3708,3708
Ot?G??I@OD?IO@OAao@Q?,2785,3934,3934
Ot?G??I@OE?WOHOEA_@O@,1339,136,136
Ot?G??J?_E?aO@OEAg@OC,2622,1270,1270
Ot?G??J@?E?WOCOBB_@?c,2189,1946,1946
Ot?G??J@oE??O@OBB_@?K,1101,1931,1931
Ot?G??K?oE?WOHOED??g@,1305,619,619
Ot?G??KB?E?WOKOBCO?a@,74,2319,2319
Ot?G??M?OE?WOCOBB_@?c,528,2277,2277
Ot?G?C?@OS?WOBOKAc@P?,1437,3367,3367
Ot?G?C?AOK?WOHOEBC@H?,2241,3408,3408
Ot?G?C@?WC@D@EO_H_@_A,194,4044,4044
Ot?G?C@?oC?bAIOGB_B?A,1001,2663,2663
Ot?G?C@?oC?bAIOGH_@_A,185,3953,3953
Ot?G?C@AGB?oO@OEAo@OC,1811,1257,1257
Ot?G?C@AGK?oO@OEAK@OC,2779,3850,3850
Ot?G?CA??@_F@SQOGo@o?,290,3443,3443
Ot?G?CA?WB@_O@OEAo@OC,1441,626,626
Ot?G?CA?WB`oO?O?b_@?E,0,3001,3001
Ot?G?CA?WD@_O@OEAg@OC,954,2631,2631
Ot?G?CA?WE?`AKC@H_B?A,905,3819,3819
Ot?G?CA?WE?`AKO@B_B?A,998,3884,3884
Ot?G?CA?WU?eO?O?b_@?E,116,3886,3886
Ot?G?CA@?@_I?REGGoBO?,1113,1235,1235
Ot?G?CAAGB?oO@OEAg@OC,2566,3202,3202
Ot?G?CAB?@_WO@OAag@P?,2636,3774,3774
Ot?G?CB??G_b?[Q?GOHo?,273,4049,4049
Ot?G?CB?OG?BOBOKBO@W?,1737,3936,3936
Ot?G?CB?OS?aO@OEAc@OC,2483,3693,3693
Ot?G?CB?WS??OBODA_`W?,562,2738,2738
Ot?G?CB?WW??OBODAO`W?,312,1228,1228
Ot?G?CB?_B@_O@OEB_@?c,162,3665,3665
Ot?G?CB?o?@D@EOAB_B?A,287,3896,3896
Ot?G?CB?o@?AOBOBD_?w?,118,1201,1201
Ot?G?CB@?A?BOBOKBO@W?,2225,3544,3544
Ot?G?CBA?W?AOBODAc@E?,272,3473,3473
Ot?G?CBAOG@?OBODAD@K?,3016,1543,1543
Ot?G?CBAo@?_O@OBB_@?S,518,3726,3726
Ot?G?CBAoG?CO@OBB_@?S,500,3490,3490
Ot?G?CBAoH??O@OBB_@?K,281,3754,3754
Ot?G?CBB_A?CO@OBB_@?S,481,3980,3980
Ot?G?CBB_B??O@OBB_@?K,456,3471,3471
Ot?G?CC?G@_B?pR?AWBO?,455,4019,4019
Ot?G?CC?G@_Q?RR?AWBO?,1303,3335,3335
Ot?G?CC?gB?oO@OEBG@OC,2162,2606,2606
Ot?G?CC@??_F?qQGAWBO?,475,2002,2002
Ot?G?CC@G?_H?iQ@AWBO?,1314,3365,3365
Ot?G?CC@O@?D?bECGWBO?,433,3648,3648
Ot?G?CCAGD?IOAO@ag@S?,2916,779,779
Ot?G?CCA_B?oO@OEAK@OC,2819,2609,2609
Ot?G?CCB?@_WO@OAaW@P?,422,3087,3087
Ot?G?CD?_A?BOBOKBO@W?,2061,3100,3100
Ot?G?CD?oG?POBOKD??o@,1050,2652,2652
Ot?G?CD@?E@?OBODBC@C_,3234,1648,1648
Ot?G?CDAo@?OO@OBB_@?S,2202,3720,3720
Ot?G?CDAoD??O@OBB_@?K,1104,3405,3405
Ot?G?CE??A_E?TQAGo@o?,297,3310,3310
Ot?G?CE?G?_B?RR?AWBO?,274,3540,3540
Ot?G?CE?GA_oO@OEBG@OC,2161,3870,3870
Ot?G?CE?OA?BOBOKBO@W?,1145,3411,3411
Ot?G?CE?OB?oO@OEBA@OC,2083,1402,1402
Ot?G?CE?OE@COCOBB_@?c,1670,3743,3743
Ot?G?CE?OK@AO@OEAK@OC,2754,2879,2879
Ot?G?CE?OS?aO@OEAK@OC,2822,3680,3680
Ot?G?CE@OC?GOKOBB?`OO,2485,1102,1102
Ot?G?CE@OE??OKOBD?_oG,1922,688,688
Ot?G?CF???_b?UQ?GOHo?,267,4017,4017
Ot?G?CF??Q?oOCOBBA@?c,1076,3419,3419
Ot?G?CF?OC?aO@OEB@@OC,2080,3915,3915
Ot?G?CF?OK@AO@OEB?@?D,1117,1238,1238
Ot?G?CF?OO?AOBODB@@K?,1784,3431,3431
Ot?G?CG@GE?EO@OAaW@W?,423,3831,3831
Ot?G?CI?OW?AOBODAc@E?,1769,3050,3050
Ot?G?CI@GE?_O@OEAG`OC,2332,2910,2910
Ot?G?CI@OB?QO?OBA_POC,2005,2051,2051
Ot?G?CI@OD?IO?OBA_POC,2004,3922,3922
Ot?G?CJ?OC?aO@OEA`@OC,2476,3901,3901
Ot?G?CJ@?C?HOCOBB_@?c,1010,3830,3830
Ot?G?CJ@o??@O@OBB_@?S,115,2990,2990
Ot?G?CK?WE??OBODAO`W?,521,3584,3584
Ot?G?CK?_E?aO@OEAK@OC,1721,3812,3812
Ot?G?CL??C_aO@OEAW@OC,2828,3792,3792
Ot?G?CM?OA_?ODOBAO`W?,453,2297,2297
Ot?G?CM?OE??OBODAA`W?,480,2003,2003
Ot?G?G?@OS?WOIODBC@D?,1539,3768,3768
Ot?G?G@?OD?QOHOEB_@S?,2234,3762,3762
Ot?G?G@?OD?QOIODB_@S?,2233,3899,3899
Ot?G?G@?WC?POKOBB_@S?,510,3484,3484
Ot?G?G@?_Q?oOHOEBA@D?,3063,2125,2125
Ot?G?G@?_S?gOHOEBA@D?,1843,2534,2534
Ot?G?G@@OS?OOHOEB?`D?,2650,3182,3182
Ot?G?G@@_Q?OOHOEB?`D?,3053,2121,2121
Ot?G?G@@_S?GOHOEB?`D?,3097,1806,1806
Ot?G?GA?OK@GOHOEBA@D?,2876,2507,2507
Ot?G?GA?OQ?oOHOEBA@D?,1491,2480,2480
Ot?G?GA?OS?gOHOEBA@D?,2359,3795,3795
Ot?G?GA?_I@GOHOEBA@D?,1436,3378,3378
Ot?G?GA@OQ?OOHOEB?`D?,941,2579,2579
Ot?G?GA@OS?GOHOEB?`D?,2094,3926,3926
Ot?G?GA@_Q?GOHOEB?`D?,2869,3227,3227
Ot?G?GB?_E?aO@OEBC@OC,2177,1780,1780
Ot?G?GB?oG@@ODOIB?@C@,1833,2130,2130
Ot?G?GB@O?_COBOBDO?s?,1980,392,392
Ot?G?GCA_E?EO@OAaS@Q?,2925,2068,2068
Ot?G?GFA??`?OBODAP@E?,1725,3142,3142
Ot?G?GG@_E?EO@OAaS@Q?,2923,3839,3839
Ot?G?K@?G@?B?FQ_Go@o?,33,3583,3583
Ot?G?K@?g?_COBOBB_@S?,2046,1630,1630
Ot?G?KA??H_E?TQ?GOHo?,268,3137,3137
Ot?G?KA??I_E?LQ?GOHo?,266,3984,3984
Ot?G?KA?GB@?OBODB_@C_,2920,534,534
Ot?G?KAA?G`?OBODAK@D?,1105,2694,2694
Ot?G?KB?GG@?OBODB@@C_,1900,1863,1863
Ot?G?KE??A`?OBODBC@C_,3205,603,603
Ot?G?KH?_@@_O@OEAP@?c,1720,3032,3032
Ot?G?KI??D?IOCOBB_@?c,2050,3524,3524
Ot?G?KI??W?AOBODAS@A_,1494,3510,3510
Ot?G?KI?gA??OBODA@`W?,2220,2440,2440
Ot?G?KKA_?_DO?OBAGPCC,2006,3782,3782
Ot?G?O@?oC?`ODOIB_@D?,2929,3094,3094
Ot?G?OA?oA?`ODOIB_@D?,2387,3020,3020
Ot?G?OB?_E?aO@OEAc@OC,2624,1272,1272
Ot?G?OB@GE?_O@OEAO`OC,2331,3840,3840
Ot?G?OB@_??HODOIB_@CO,2914,2224,2224
Ot?G?OB@gA?@O@OBAo@OC,1232,3822,3822
Ot?G?OC@_E?EO@OAaS@Q?,2907,3846,3846
Ot?G?OD?_A?BOBOKBO@K?,2344,2705,2705
Ot?G?OE?o??HOBOKB_@CO,2912,2225,2225
Ot?G?OF?OC?oOCOBB@@?c,2199,780,780
Ot?G?S@@_?_COBOBAo@P?,3224,1318,1318
Ot?G?S@@_?_COBOBBO@H?,3223,1558,1558
Ot?G?SA?GW?AOBODAc@E?,1835,3935,3935
Ot?G?SA?WD?_O@OEA_`OC,957,2633,2633
Ot?G?SA?_W?AOBODAc@B?,1892,2115,2115
Ot?G?SA@?W?AOBODAK@D?,1097,3413,3413
Ot?G?SA@GE?_O@OEAC`OC,2330,3369,3369
Ot?G?SB?GG?oOCOBB@@?c,2211,1937,1937
Ot?G?SC?o?_COBOBBO@H?,1902,2374,2374
Ot?G?SE??B@_O@OEAQ@?c,1969,1894,1894
Ot?G?SE?O@?oOCOBB@@?c,2201,3847,3847
Ot?G?SEB?C_KO@OAA?H?D,1074,3416,3416
Ot?G?SF???_AOBOBAQ@W?,999,2027,2027
Ot?G?SF???_oOCOBB@@?c,917,2216,2216
Ot?G?SF??C?BO@OEB_@?c,1013,2598,2598
Ot?G?SF??C@_OCOBAB@?c,995,2662,2662
Ot?G?[A?_W?AOBODCC?`@,602,2921,2921
Ot?GG?@?oI?OOBOKB?`P?,2514,3062,3062
Ot?GG?B?OI@?OBODBC@C_,3174,1468,1468
Ot?GG?C?G@?J?UQ_GW@o?,311,806,806
Ot?GG?C?G@_I?RQ_GW@o?,310,2687,2687
Ot?GG?C?GB?H?dQCGW@o?,355,2344,2344
Ot?GG?C?W?_P?RQGAWBO?,1122,2470,2470
Ot?GG?C?W?_P?RQGGW@o?,314,667,667
Ot?GG?C?W@?H?FQ_GW@o?,309,677,677
Ot?GG?C?W@?H?eQ@AWBO?,1338,1560,1560
Ot?GG?C?WB?O?FQ@GW@o?,351,738,738
Ot?GG?C?WD?@?TE@GWBO?,1236,478,478
Ot?GG?C?WD?@?TQ@GW@o?,368,726,726
Ot?GG?C?w@?@?RQ@GW@o?,373,727,727
Ot?GG?D?G?_B?bQOAWBO?,295,2272,2272
Ot?GG?D?G?_J?aQ?aWBO?,1327,2485,2485
Ot?GG?D?G?_P?RQCGW@o?,356,2924,2924
Ot?GG?D?_?_B?RQGAWBO?,299,2245,2245
Ot?GG?E?G?_B?REOGWBO?,430,2295,2295
Ot?GG?E?G?_B?RQOAWBO?,431,2291,2291
Ot?GG?E?G?_J?QQ?aWBO?,1334,2479,2479
Ot?GG?E?GA_I?BQ?aWBO?,1348,1050,1050
Ot?GG?J??A`_O@OEAW@?c,1384,2803,2803
Ot?GGC?AGB?oO@OEAK@OC,2812,2863,2863
Ot?GGC@?GA`_O@OEAS@OC,1349,2891,2891
Ot?GGC@?GB@_O@OEAQ@OC,1241,2184,2184
Ot?GGC@?gB@?O@OEA_`OC,963,1011,1011
Ot?GGC@?o?_COBOBB_@P?,2196,3307,3307
Ot?GGC@@_?_COBOBBG@P?,2417,2402,2402
Ot?GGCA?WB@?O@OEA_`OC,2252,254,254
Ot?GGCB??I@AO@OEBC@?c,1244,1917,1917
Ot?GGCB??Q@AO@OEAc@?c,1255,3891,3891
Ot?GGCB?G?`_O@OEAH@OC,1677,3049,3049
Ot?GGCB?O@?BO@OEB_@OC,1942,3722,3722
Ot?GGCB?O@@_O@OEAB@OC,1678,2105,2105
Ot?GGCB?O@_BO?O@b_@OC,1012,3827,3827
Ot?GGCB?OG?BOBOKD??o@,1055,2657,2657
Ot?GGCB@?A@@O@OEBC@?c,2282,1837,1837
Ot?GGCB@?Q@?O@OEAC`?c,2250,2133,2133
Ot?GGCBA?B?_O@OEAA`OC,671,2275,2275
Ot?GGCC?G?_B?RQGAWBO?,437,3587,3587
Ot?GGCC?G@?B?FQOGW@o?,55,1223,1223
Ot?GGCC?G@?B?UQ@GW@o?,364,733,733
Ot?GGCC?GB@?OBODBG@C_,3212,459,459
Ot?GGCD?G?_B?BQ?aWBO?,624,2740,2740
Ot?GGCEA???HODOIAI@OO,3064,2506,2506
Ot?GGCEA???HODOIBA@AO,2892,3557,3557
Ot?GGCG@_A?EO@OAbC@AO,2219,3663,3663
Ot?GGCJ??A?aOCOBB@@?c,1132,3534,3534
Ot?GGG@?wS?CO@OBB?@?D,1158,3309,3309
Ot?GGGA?OC?HOKOBBA@P?,2482,3689,3689
Ot?GGGA?gA?HOKOBD??o@,829,4059,4059
Ot?GGGB??D@AO@OEBG@?c,1355,2529,2529
Ot?GGGB?o@?AO@OBB@@OC,2077,381,381
Ot?GGGB?oP?AO@OBB?@?D,1159,979,979
Ot?GGGIAO?_DO?OBAOPAC,2024,1897,1897
Ot?GGK??w@?CO@OBB@@OC,620,3298,3298
Ot?GGK@?g@?AO@OBB@@OC,1451,3386,3386
Ot?GGKA?G@@@O@OEBG@?c,1637,2089,2089
Ot?GGKA?O@@@O@OEBC@?c,2361,3777,3777
Ot?GGKAAG?@?OBODAD@AO,2306,1989,1989
Ot?GGO??WC?HOKOBAo@P?,2496,3780,3780
Ot?GGO@?gD?_O@OEAG`OC,2269,396,396
Ot?GGO@?o?_COBOBAo@P?,2453,1120,1120
Ot?GGOA?GB@_O@OEAW@?c,2424,3039,3039
Ot?GGOA@_A?EO@OAbC@AO,1271,2943,2943
Ot?GGOB?OG?BOBOKAO@O@,1743,1918,1918
Ot?GGOB?o??@OKOBD@?gG,3001,1703,1703
Ot?GGOG@GD?IOAO@AW@?E,1956,2808,2808
Ot?GGS@?_@_EO@OAD?OgA,2097,2388,2388
Ot?GGS@?g?_DO@OAD?OgA,2082,924,924
Ot?GGS@@_?_COBOBB?@@@,1710,3291,3291
Ot?GGSA?O@?AOBOBAc@O_,3242,358,358
Ot?GGSA?O@?BO@OAac@O_,1764,777,777
Ot?GGSA?OW?AOBODCC?`@,1045,2655,2655
Ot?GGW??o?_COBOBBC@D?,1565,2031,2031
Ot?GGW@?_?_COBOBBA@D?,2145,1990,1990
Ot?GGW@?_?_COBOBBO@@_,1535,1090,1090
Ot?GGW@?g?_COBOBB?@C@,1750,2104,2104
Ot?GGWG?_@_EO?OBAGPCC,2016,1952,1952
Ot?GGWG?g?_DO?OBAGPCC,1738,3950,3950
Ot?GO????J?U?kCSGgBO?,1463,44,44
Ot?GO????J?U?kOSGg@o?,635,96,96
Ot?GO???GE_[@GOCagBO?,1536,1073,1073
Ot?GO???GF?Q@HOSAgBO?,1438,2618,2618
Ot?GO???GF?a?kOPAgBO?,1414,3357,3357
Ot?GO???GG_R@oOWGK@o?,743,1706,1706
Ot?GO???GJ?Q?hCSGgBO?,1464,2483,2483
Ot?GO???O@_[@EOWGo@o?,566,2742,2742
Ot?GO???OD?Y@WCKG`BO?,1740,3268,3268
Ot?GO???OD?k@aOKAIBO?,1200,2553,2553
Ot?GO???W@?R@ICoGgBO?,1409,3371,3371
Ot?GO???WA?R@ICWGoBO?,1663,2912,2912
Ot?GO???WB_o@_OWA?rO?,32,617,617
Ot?GO???WC?Y@WCIG`BO?,1417,3362,3362
Ot?GO???WC?k@aOKAHBO?,1612,3374,3374
Ot?GO???_C_b@WOWGK@o?,189,3574,3574
Ot?GO???_C_i@WCIGKBO?,1611,1994,1994
Ot?GO???_C_i@WOIAKBO?,1633,2114,2114
Ot?GO???_D?h@WCKGIBO?,1540,2090,2090
Ot?GO???_D?h@WOKAIBO?,1542,2227,2227
Ot?GO???_D?i@WCIGIBO?,1776,1391,1391
Ot?GO???_D?i@WCKGHBO?,1879,3696,3696
Ot?GO???_D?i@WOIAIBO?,1897,1892,1892
Ot?GO???_D_i@WCGGGJO?,1259,2395,2395
Ot?GO???_D_i@WOGAGJO?,1258,2396,2396
Ot?GO???_G_[@WOIAIBO?,1841,2565,2565
Ot?GO???gH_g?wC@GGJO?,1120,2503,2503
Ot?GO???gH_g?wO@AGJO?,1121,684,684
Ot?GO???gI?[@WOAAAJO?,1193,956,956
Ot?GO???gI_W@OCGgCbO?,1596,1065,1065
Ot?GO???gI_W@OOGaCbO?,1595,1062,1062
Ot?GO??@?C_i?wCIGKBO?,1610,3412,3412
Ot?GO??@?C_k?wCEGKBO?,1761,1966,1966
Ot?GO??@?C_k?wOEAKBO?,1901,2447,2447
Ot?GO??@?D?[@WCEGIBO?,1525,974,974
Ot?GO??@?D?[@WOEAIBO?,1532,751,751
Ot?GO??@?D_S@WCSGGbO?,1599,2182,2182
Ot?GO??@?D_S@WOSAGbO?,1603,3005,3005
Ot?GO??@?D_W@WCKGGbO?,1899,1827,1827
Ot?GO??@?D_W@WOKAGbO?,1780,2524,2524
Ot?GO??@?D_Y@OCGgKBO?,1549,3181,3181
Ot?GO??@?D_Y@OOGaKBO?,1558,3685,3685
Ot?GO??@?D_[@WCCGGJO?,1208,1970,1970
Ot?GO??@?D_e?oCOgKBO?,1189,3426,3426
Ot?GO??@?D_e?oOOaKBO?,1242,3117,3117
Ot?GO??@?D_i?oCGgKBO?,1547,2521,2521
Ot?GO??@?D_i?oOGaKBO?,1556,2904,2904
Ot?GO??@?E?X@WOKGE@o?,375,1707,1707
Ot?GO??@?E_S@WCKGGbO?,1884,2544,2544
Ot?GO??@?E_S@WOKAGbO?,1844,2545,2545
Ot?GO??@?E_Y@WOGGCHo?,466,2785,2785
Ot?GO??@?E_c?pCKGKBO?,1618,1831,1831
Ot?GO??@?E_c?pOKAKBO?,1647,1830,1830
Ot?GO??@?F?[@WOCGAHo?,460,834,834
Ot?GO??@?G_[?wCEGKBO?,427,2008,2008
Ot?GO??@?G_[?wOEAKBO?,320,812,812
Ot?GO??@?G_[?wOIAIBO?,1838,1205,1205
Ot?GO??@?H_Y?oCGgKBO?,1548,2525,2525
Ot?GO??@?H_Y?oOGaKBO?,1557,2906,2906
Ot?GO??@?I_S?pCKGKBO?,1619,3660,3660
Ot?GO??@?I_S?pOKAKBO?,1648,3398,3398
Ot?GO??@GD?W@WCBGIBO?,1814,1956,1956
Ot?GO??@GD?W@WOBAIBO?,1883,495,495
Ot?GO??@GD?h?sOGAGJO?,1280,1476,1476
Ot?GO??@GD?i?qOGAGJO?,1279,2158,2158
Ot?GO??@GD_g?pOGAGJO?,1278,2988,2988
Ot?GO??@GE?c?pCEGKBO?,1818,3204,3204
Ot?GO??@GE?c?pOEAKBO?,1856,489,489
Ot?GO??@GI?[?wOAAAJO?,1184,764,764
Ot?GO??@OD?c?pCEGKBO?,1819,3355,3355
Ot?GO??@OD?c?pOEAKBO?,1857,3711,3711
Ot?GO??@OE?c?hOEAKBO?,1806,583,583
Ot?GO??@OH?W?hCEGKBO?,1810,2700,2700
Ot?GO??@OH?W?hOEAKBO?,1855,3067,3067
Ot?GO??@OI?S?hCEGKBO?,701,1976,1976
Ot?GO??@OI_S?gCGgGbO?,594,2786,2786
Ot?GO??@OI_S?gOGaGbO?,720,3667,3667
Ot?GO?@??@_F@oCoGaBO?,636,2303,2303
Ot?GO?@??@_F@oOoAaBO?,637,2781,2781
Ot?GO?@??C_U@IOSAgBO?,1439,3512,3512
Ot?GO?@??C_U@KOQGg@o?,623,699,699
Ot?GO?@??I?U?kOEGg@o?,681,2013,2013
Ot?GO?@?G@?R?ePOGg@o?,560,104,104
Ot?GO?@?G@?R@EOoAgBO?,1411,940,940
Ot?GO?@?G@?b?ePOGW@o?,577,632,632
Ot?GO?@?G@_B@oCPGoBO?,201,3575,3575
Ot?GO?@?G@_B@oOPAoBO?,229,2057,2057
Ot?GO?@?G@_P@DOoAgBO?,1410,2530,2530
Ot?GO?@?G@_Y@_OAagBO?,1526,1087,1087
Ot?GO?@?G@_`?dPOGW@o?,575,2620,2620
Ot?GO?@?GA_P@DOgAgBO?,1454,1001,1001
Ot?GO?@?GA_`?dOgAgBO?,1452,2538,2538
Ot?GO?@?GB?P@DOoGa@o?,586,2778,2778
Ot?GO?@?GB?`?dOoGa@o?,587,2734,2734
Ot?GO?@?GC?Y@QCKG`BO?,1684,2574,2574
Ot?GO?@?GC?b@oCSGDBO?,1848,1148,1148
Ot?GO?@?GC?b@oOSADBO?,1803,1170,1170
Ot?GO?@?GC_P@HOSAgBO?,1432,2669,2669
Ot?GO?@?GC_U@ACOggBO?,1445,2578,2578
Ot?GO?@?GC_U@OCOg`BO?,1667,3747,3747
Ot?GO?@?GC_W@POKA`BO?,1546,3748,3748
Ot?GO?@?GC_`?hOSAgBO?,1433,2616,2616
Ot?GO?@?GC_a?bOWAgBO?,1231,1253,1253
Ot?GO?@?GC_a?iCPGgBO?,1442,3390,3390
Ot?GO?@?GC_b?gCOggBO?,1447,3292,3292
Ot?GO?@?GD?Y@OCCg`BO?,1702,2473,2473
Ot?GO?@?GE__?hCDGgBO?,1704,2475,2475
Ot?GO?@?GG_Q?iCPGgBO?,1453,3811,3811
Ot?GO?@?GI?Q?kOBGg@o?,670,2686,2686
Ot?GO?@?O@?[?ePCG`@o?,565,2749,2749
Ot?GO?@?O@_E@oCBGoBO?,1659,1206,1206
Ot?GO?@?O@_F@_OOgo@o?,77,3581,3581
Ot?GO?@?O@_S@aODAgBO?,1593,1064,1064
Ot?GO?@?O@_U@_OAagBO?,1527,749,749
Ot?GO?@?OA?R@IOcAcBO?,1457,939,939
Ot?GO?@?OA?T?ePGGa@o?,567,106,106
Ot?GO?@?OA?b?iOcAcBO?,1466,45,45
Ot?GO?@?OA?b?iPCGS@o?,593,520,520
Ot?GO?@?OC?R@WCKG`BO?,1759,3914,3914
Ot?GO?@?OC_R@WOGG_Ho?,440,4026,4026
Ot?GO?@?OD?g@aCDGEBO?,1582,1250,1250
Ot?GO?@?OD?g@aODAEBO?,1624,1088,1088
Ot?GO?@?OE?oOBOKAa@P?,3089,958,958
Ot?GO?@?W??R?wPAG`@o?,204,3576,3576
Ot?GO?@?W??d?eCQGoBO?,1664,2952,2952
Ot?GO?@?W@?B@oCBGoBO?,1006,3321,3321
Ot?GO?@?W@_P@_O@agBO?,755,2782,2782
Ot?GO?@?WA?R@ACGgoBO?,1221,2180,2180
Ot?GO?@?WA?T?eP?G_Ho?,416,2797,2797
Ot?GO?@?WB?O@EO`G_`o?,86,2789,2789
Ot?GO?@?WB?P@@CCgoBO?,376,2533,2533
Ot?GO?@?WB?q@aA?K?I_A,240,828,828
Ot?GO?@?WB@?ODOBCo?k?,254,829,829
Ot?GO?@?WC?P@WODA`BO?,837,2354,2354
Ot?GO?@?WC?S@PCEG`BO?,1443,3813,3813
Ot?GO?@?WC?U@OOAa`BO?,583,2735,2735
Ot?GO?@?WC?g@aCBGEBO?,779,1265,1265
Ot?GO?@?WC?g@aOBAEBO?,507,2186,2186
Ot?GO?@?WC_`@_O@aKBO?,544,2001,2001
Ot?GO?@?WG?POKOBBG@K?,659,2796,2796
Ot?GO?@?_C?b@WOIAIBO?,1885,2153,2153
Ot?GO?@?_C_a@WCHGHBO?,1887,3072,3072
Ot?GO?@?_D?c@SCBGIBO?,1852,325,325
Ot?GO?@?_D?d@OCCgIBO?,1506,3744,3744
Ot?GO?@?_D?d@OOCaIBO?,1507,1252,1252
Ot?GO?@?_D?d@SCCGGJO?,1196,2549,2549
Ot?GO?@?_D?d@SOCAGJO?,1225,2969,2969
Ot?GO?@?_D?e@OCAgIBO?,1828,2957,2957
Ot?GO?@?_D?e@OOAaIBO?,1880,1800,1800
Ot?GO?@?_D?e@SCAGGJO?,1199,3185,3185
Ot?GO?@?_D?e@SOAAGJO?,1228,3694,3694
Ot?GO?@?_D?h@WOCGAHo?,458,3474,3474
Ot?GO?@?_D_c@SC@GGJO?,1195,2550,2550
Ot?GO?@?_D_c@SO@AGJO?,1224,2205,2205
Ot?GO?@?_D_e@OC?gGJO?,1144,1656,1656
Ot?GO?@?_G?T@IOSAIBO?,1220,1248,1248
Ot?GO?@?_G?T@QOKGI@o?,768,2925,2925
Ot?GO?@?_G?T@WCEGIBO?,1523,2210,2210
Ot?GO?@?_G?d?wCEGIBO?,1524,2169,2169
Ot?GO?@?_G?d?wOEAIBO?,1533,3096,3096
Ot?GO?@?_G?i?iCEGKBO?,1863,3269,3269
Ot?GO?@?_G?i?iOEAKBO?,1791,3498,3498
Ot?GO?@?_G_S@IOSGG`o?,776,833,833
Ot?GO?@?_G_S@POIAIBO?,1823,986,986
Ot?GO?@?_G_S@WCBGIBO?,1827,2211,2211
Ot?GO?@?_G_T@SOGAGJO?,1171,1959,1959
Ot?GO?@?_G_W@HOIAIBO?,1822,3006,3006
Ot?GO?@?_G_c?wCEGGbO?,1508,3436,3436
Ot?GO?@?_G_c?wOBAIBO?,1840,1893,1893
Ot?GO?@?_G_c?wOEAGbO?,1564,3869,3869
Ot?GO?@?gD@?ODOBCg?i?,1985,529,529
Ot?GO?@?oE?_OBOKA_`P?,2853,772,772
Ot?GO?@?oE?_OBOKB?`H?,2947,1602,1602
Ot?GO?@?oI?OOBOKA_`P?,3164,963,963
Ot?GO?@?oI?OOBOKB?`H?,3141,580,580
Ot?GO?@?oI@?OHOEAO`H?,3103,1981,1981
Ot?GO?@@?C?U@IOSGH@o?,786,1799,1799
Ot?GO?@@?C?e?iOSGH@o?,784,2235,2235
Ot?GO?@@?C?i?iCEGKBO?,1862,3793,3793
Ot?GO?@@?C?i?iOEAKBO?,1790,3089,3089
Ot?GO?@@?C_S@IOSGG`o?,787,306,306
Ot?GO?@@?C_S@QOKGG`o?,869,1622,1622
Ot?GO?@@?C_T@SOGAGJO?,1170,2176,2176
Ot?GO?@@?C_c?pCEGKBO?,1698,3025,3025
Ot?GO?@@?C_c?pOEAKBO?,1680,3394,3394
Ot?GO?@@?C_d?kOOGGHo?,468,3963,3963
Ot?GO?@@?C_e?iOOGGHo?,467,3479,3479
Ot?GO?@@?E?S@WOEGA`o?,756,720,720
Ot?GO?@@?G?R?eOWAKBO?,262,2285,2285
Ot?GO?@@?G?T?iOSAIBO?,1387,1055,1055
Ot?GO?@@?G?T?iOSGI@o?,739,383,383
Ot?GO?@@?G?T?qOKAIBO?,1512,3178,3178
Ot?GO?@@?G?T?wCEGIBO?,1517,3311,3311
Ot?GO?@@?G?T?wOEAIBO?,1528,2625,2625
Ot?GO?@@?G?Y?iCEGKBO?,1849,2116,2116
Ot?GO?@@?G?Y?iOEAKBO?,1788,1464,1464
Ot?GO?@@?G?[?wOEABBO?,102,820,820
Ot?GO?@@?G_Q?bOWAKBO?,261,4018,4018
Ot?GO?@@?G_S?iCSGGbO?,1592,1067,1067
Ot?GO?@@?G_S?iOSAGbO?,1580,472,472
Ot?GO?@@?G_S?iOSGG`o?,785,734,734
Ot?GO?@@?G_S?qOKAGbO?,1813,2177,2177
Ot?GO?@@?G_S?qOKGG`o?,858,3021,3021
Ot?GO?@@?G_S?wCBGIBO?,1820,1255,1255
Ot?GO?@@?G_S?wOBAIBO?,1837,2187,2187
Ot?GO?@@?G_T?sOGAGJO?,1167,2219,2219
Ot?GO?@@?G_W?hCEGKBO?,425,4055,4055
Ot?GO?@@?G_W?hOEAKBO?,318,2920,2920
Ot?GO?@@?G_W?iCKGGbO?,1874,3807,3807
Ot?GO?@@?G_W?iOKAGbO?,1765,3403,3403
Ot?GO?@@?G_W?iOKGG`o?,859,3482,3482
Ot?GO?@@?G_X?kOOGCHo?,542,3825,3825
Ot?GO?@@?H?S?sCDGHBO?,1859,1147,1147
Ot?GO?@@?H?S?sODAHBO?,1896,473,473
Ot?GO?@@?H?U?oCCgHBO?,1824,1556,1556
Ot?GO?@@?H?U?oOCaHBO?,1868,1269,1269
Ot?GO?@@GI_S?oO?a?jO?,1183,3360,3360
Ot?GO?@@OE?OOBOKB?`H?,3143,543,543
Ot?GO?@@OE@?OBOKAO`H?,3202,1809,1809
Ot?GO?@@_B@?ODOBAo@B?,436,1678,1678
Ot?GO?@@_K@?ODOBCK?b?,122,2061,2061
Ot?GO?@@gL@?O@O@CGOaA,2032,1158,1158
Ot?GO?@@gL@?O@O@cG?a@,526,2028,2028
Ot?GO?B?GI@?OBODAo@A_,3231,314,314
Ot?GO?B?OC?BOHOEAg@W?,2215,2043,2043
Ot?GO?B?OG?BOBOKAo@Q?,2756,2701,2701
Ot?GO?B?OH@?OBODAo@A_,2899,1813,1813
Ot?GO?B?wI?_O@OBB?@?D,337,740,740
Ot?GO?B@?A_oO@OEAK@OC,2826,3864,3864
Ot?GO?B@?A`?OBODAS@I?,2874,3723,3723
Ot?GO?B@?A`?OBODAW@H?,2987,1795,1795
Ot?GO?B@?I@?OBODAS@A_,2893,3537,3537
Ot?GO?B@?I@?OBODAW@@_,2965,588,588
Ot?GO?B@_A?`ODOIB?@A@,1808,368,368
Ot?GO?B@_A@?OBODAD@I?,2978,508,508
Ot?GO?B@_A@?OBODAH@H?,2855,2551,2551
Ot?GO?B@gI?GO@OBB?@?D,1172,685,685
Ot?GO?C?_I?WODOIBG@@_,3130,547,547
Ot?GO?C?_I?WOHOEBG@@_,3131,569,569
Ot?GO?D?_A?BOBOKBG@K?,2337,2699,2699
Ot?GO?D?o??PODOIBG@GO,3177,2421,2421
Ot?GO?D?o@?AOBOBBG@K?,2980,1749,1749
Ot?GO?D?oE??OBOKA_`OG,2244,790,790
Ot?GO?D?wM@?O@O?A?h?E,880,2948,2948
Ot?GO?E@_A@?ODOBAH@B?,2194,2417,2417
Ot?GO?F??C`?OBODAg@A_,2546,437,437
Ot?GO?F?OA@@O@OEAo@?c,2432,638,638
Ot?GO?F@_A@?ODOBA@@A@,1288,1324,1324
Ot?GO?F@_A_GO@OBB?@?D,1177,1173,1173
Ot?GO?F@o??GO@OBB@@?S,2059,781,781
Ot?GO?F@oA??O@OBB?`?S,2236,1682,1682
Ot?GO?F@oA??O@OBB@@?K,1096,759,759
Ot?GOC??gH@?OBODAg@B?,2816,3157,3157
Ot?GOC??oH@?OBODAc@B?,2742,3054,3054
Ot?GOC@?GD@?OBODAa@I?,2609,528,528
Ot?GOC@?GH@?OBODAQ@I?,3178,1400,1400
Ot?GOC@?GH@?OBODAa@E?,2927,2423,2423
Ot?GOC@?_G`?OBODAc@B?,2207,3942,3942
Ot?GOC@?_I@?OBODAE@H?,2698,2956,2956
Ot?GOC@?_W?AOBODAc@B?,1503,3945,3945
Ot?GOC@?gB@?OBODC_?g@,1035,2651,2651
Ot?GOC@?gH@?OBODA_@A@,1894,1772,1772
Ot?GOC@@?A`?OBODAS@H?,2722,436,436
Ot?GOC@@?E@?OBODAE@H?,2366,3010,3010
Ot?GOC@@?I@?OBODAS@@_,2561,438,438
Ot?GOC@@_?_COBOBAg@P?,3125,1019,1019
Ot?GOC@@_?_COBOBBG@H?,3116,198,198
Ot?GOC@@_G@?OBODAD@B?,2212,2044,2044
Ot?GOCA?GH@?OBODAg@A_,2699,1527,1527
Ot?GOCA?GI@?OBODAa@B?,3102,605,605
Ot?GOCA?GI@?OBODAc@A_,3078,1904,1904
Ot?GOCA?O@`?OBODAg@H?,2821,2672,2672
Ot?GOCA?OH@?OBODAc@A_,2883,1816,1816
Ot?GOCA?OW?AOBODAc@B?,1865,3567,3567
Ot?GOCA?WB@?ODOBC_?g@,1036,92,92
Ot?GOCA@?G`?ODOBCK?b?,1914,2240,2240
Ot?GOCA@OH@?OBODAG@@@,1716,3354,3354
Ot?GOCB??B@?OBODCa?g_,341,832,832
Ot?GOCB??G`?OBODAa@B?,523,2294,2294
Ot?GOCB??G`?OBODAc@A_,2633,3242,3242
Ot?GOCB??I?cOCOBBA@?c,1911,2873,2873
Ot?GOCB??W?AOBODAa@B?,470,3546,3546
Ot?GOCB?O@@?ODOBAa@GO,2510,1109,1109
Ot?GOCB?O@`?ODOBC_?g@,1034,2383,2383
Ot?GOCB?OG@@O@OEAc@?c,2422,3396,3396
Ot?GOCB?OH@?O@OEA_`?c,2107,3393,3393
Ot?GOCB@?G@?OBODCI?`O,3059,3243,3243
Ot?GOCB@?G@?ODOBAB@B?,547,1866,1866
Ot?GOCB@?G@@O@OEAK@?c,538,2284,2284
Ot?GOCB@?G`?ODOBCG?`@,1306,3541,3541
Ot?GOCB@OH??ODOBA?`O@,1391,3532,3532
Ot?GOCB@WG??O@OBB?`?S,226,2754,2754
Ot?GOCBA??_AOBOBCg?h?,1999,1950,1950
Ot?GOCBA?A_EOAO@A_HGC,2010,3805,3805
Ot?GOCC?GD@?OBODAg@A_,2611,163,163
Ot?GOCC?gA@?OBODA`@B?,3045,469,469
Ot?GOCC?gH@?OBODCG?a@,1039,2658,2658
Ot?GOCC?o@@?OBODA`@B?,2555,3908,3908
Ot?GOCC@?B@?OBODAS@A_,3196,1740,1740
Ot?GOCC@?B@?OBODAW@@_,2913,1623,1623
Ot?GOCC@GB@?ODOBAO@A@,1341,335,335
Ot?GOCC@_@@?ODOBAH@B?,2367,1239,1239
Ot?GOCC@oB?CO@OBB?@?D,1175,1179,1179
Ot?GOCD??C`?OBODAc@A_,2618,3179,3179
Ot?GOCD??D@?ODOBAa@A_,2318,1101,1101
Ot?GOCD??H@?ODOBAQ@A_,2117,2172,2172
Ot?GOCD??I@AO@OEAS@?c,2377,2712,2712
Ot?GOCD?GE@?OBODA_@?`,1456,3381,3381
Ot?GOCD?O@@?ODOBAQ@GO,3151,655,655
Ot?GOCD?O@@@O@OEAo@?c,2428,2555,2555
Ot?GOCD?OC@@O@OEAc@?c,2388,3928,3928
Ot?GOCD?_@@?ODOBA`@A_,3149,656,656
Ot?GOCD?_@@?ODOBAa@AO,3148,466,466
Ot?GOCD?_@`?ODOBA_@A@,1758,1456,1456
Ot?GOCD?_H@?ODOBAA@A@,1458,3383,3383
Ot?GOCD@?@@?ODOBAP@A_,3144,1529,1529
Ot?GOCD@?@@?ODOBAQ@AO,3140,1528,1528
Ot?GOCD@?@`?ODOBAO@A@,1372,2084,2084
Ot?GOCD@?B@?OBODAO@?`,1630,2232,2232
Ot?GOCD@?C@?ODOBAE@AO,3138,1440,1440
Ot?GOCD@?D@?ODOBAA@A@,1632,2179,2179
Ot?GOCD@_@@?ODOBA@@A@,1459,2617,2617
Ot?GOCD@o@??O@OBB?`?S,958,2626,2626
Ot?GOCE??B@AO@OEAg@?c,2374,3014,3014
Ot?GOCE??G`?OBODAI@B?,2545,1416,1416
Ot?GOCE??I?KOCOBBA@?c,2042,2466,2466
Ot?GOCE?O@@?OBODA`@A_,2884,770,770
Ot?GOCE?OA@@O@OEAc@?c,1685,3566,3566
Ot?GOCE?OB@?OBODAA@G@,1638,937,937
Ot?GOCE@?A@?OBODAH@@_,2882,2408,2408
Ot?GOCE@?B@?O@OEAG`?c,2245,1907,1907
Ot?GOCF???`@O@OEAg@?c,929,3818,3818
Ot?GOCF??A@?OBODAB@G_,1587,1089,1089
Ot?GOCF??A`?OBODAA@G@,1545,1251,1251
Ot?GOCF??G@@O@OEAI@?c,1359,2036,2036
Ot?GOCF??G@AO@OEAH@?c,1248,1905,1905
Ot?GOCF??G`?OBODAA@A@,1553,3257,3257
Ot?GOCF?O?@@O@OEA`@?c,1692,3121,3121
Ot?GOCF@??@@O@OEAH@?c,1534,3558,3558
Ot?GOCF@?A@?OBODA@@?`,1420,1650,1650
Ot?GOCF@?A_?OBODA?`O@,1250,2673,2673
Ot?GOG@?o?_COBOBB_@D?,2348,2032,2032
Ot?GOGA?GB?oO@OEAI@OC,2689,3104,3104
Ot?GOGA?GD@?OBODAg@A_,2210,2046,2046
Ot?GOGA?O?_DOKOBBO@I?,2026,3787,3787
Ot?GOGA?O@`?OBODAW@H?,3127,1736,1736
Ot?GOGA?O@`?OBODAg@D?,2909,3015,3015
Ot?GOGA?W?_COBOBBO@I?,2848,3302,3302
Ot?GOGA?W?_COBOBB_@E?,2239,2602,2602
Ot?GOGA?WB@?ODOBA_@C@,1757,1215,1215
Ot?GOGAA?A_EO@OAao@B?,2778,3845,3845
Ot?GOGB??@_oO@OEAI@OC,2639,3731,3731
Ot?GOGB??C`?OBODAc@A_,2963,2128,2128
Ot?GOGB??I@AO@OEAS@?c,2206,3041,3041
Ot?GOGB?GA`?OBODA_@C@,1756,1659,1659
Ot?GOGB?O@@?ODOBAQ@GO,3153,165,165
Ot?GOGB?OG?BOBOKAO@O@,1362,1664,1664
Ot?GOGB?o@?AOBOBB?@G@,1366,138,138
Ot?GOGB@?A?@OBOKB?`C_,3156,3276,3276
Ot?GOGB@?C@?ODOBAE@AO,3142,3275,3275
Ot?GOGB@?C`?OBODAC@A@,1376,3538,3538
Ot?GOGB@OD@?O@O@aA@?P,543,4000,4000
Ot?GOGB@_?@?OBODAH@@O,2248,2547,2547
Ot?GOGB@_B??OBODA?`O@,1392,3379,3379
Ot?GOGB@_B?AO@OBB?@?D,1174,1185,1185
Ot?GOGCA?C?HOKOBAQ@B?,3104,1561,1561
Ot?GOGCA?C_KODOIAO@A@,1890,548,548
Ot?GOGCA?C_KOEOHAO@A@,1886,2190,2190
Ot?GOGCA?C_KOKOBAO@A@,1842,2078,2078
Ot?GOGCA?D?IOEOHAO@A@,1889,2546,2546
Ot?GOGCAGC?HODOIAO@A@,1878,970,970
Ot?GOGCAGC?HOEOHAO@A@,1877,1790,1790
Ot?GOGD?_A?@OBOKB?`C_,2850,3428,3428
Ot?GOGG@?C?HOKOBAQ@B?,3109,2858,2858
Ot?GOGK?o?_DO?OBAOPAC,2018,3570,3570
Ot?GOK??GA`?OBODCc?d?,2770,439,439
Ot?GOK??GD@?OBODAc@A_,3042,505,505
Ot?GOK??GD@?OBODAg@@_,1681,3231,3231
Ot?GOK??gI@?OBODCC?`@,1019,3147,3147
Ot?GOK??o?_COBOBBC@H?,1751,1838,1838
Ot?GOK@??C?`ODOIBA@@_,2281,1472,1472
Ot?GOK@?_G?BOIODB?@@@,1639,2136,2136
Ot?GOK@@?@@@O@OEAS@?c,2427,70,70
Ot?GOK@@?C`?ODOBCC?`@,1049,3255,3255
Ot?GOK@@_?_CO@OAb?`@O,2849,773,773
Ot?GOK@@_?_COBOBB?@@@,1845,195,195
Ot?GOK@@_?_DO@OAb?@@@,1777,766,766
Ot?GOKA??A`?OBODAE@H?,2694,1517,1517
Ot?GOKA?GH@?OBODAA@A@,1627,1074,1074
Ot?GOKA?O?_COBOBB_@@_,1668,1923,1923
Ot?GOKA?O@?AOBOBAc@O_,3250,1812,1812
Ot?GOKA?O@?BO@OAac@O_,1766,2438,2438
Ot?GOKA?O@@@O@OEAc@?c,2423,3505,3505
Ot?GOKA?OH@?O@OEAC`?c,2246,3521,3521
Ot?GOKA@?A@?OBODAD@@_,2508,2138,2138
Ot?GOKBB????OBOBCD?_g,1056,1191,1191
Ot?GOKCAGC_K?@?Ai?J?C,897,647,647
Ot?GOKCAGE?E?@?Ai?J?C,894,2638,2638
Ot?GOKE??A@@O@OEAE@?c,2066,2465,2465
Ot?GOKE??A`?O@OEAC`?c,2238,2418,2418
Ot?GOKE??B@?O@OEAA`?c,2056,624,624
Ot?GOKE?O@??ODOBB?`?o,2968,1921,1921
Ot?GOKEA???HODOIAA@?P,1416,750,750
Ot?GOKEA??_KO?OBAAP?S,1998,1949,1949
Ot?GOKF????BOCOBB@@?c,64,3000,3000
Ot?GOKF???@?ODOBCB?_o,44,690,690
Ot?GOKF???@@O@OEAB@?c,88,2935,2935
Ot?GOKF???_AO@OAaA`OO,70,3461,3461
Ot?GOKF???_AOAO@bA@?W,68,2936,2936
Ot?GOKF???`?O@OEA@`?c,112,1221,1221
Ot?GOKF???`?ODOBAA@?P,36,1231,1231
Ot?GOKF??O?@O@OEAA`?c,82,3446,3446
Ot?GOKF??O?AOBODA@@?`,108,3453,3453
Ot?GOKFA????OBOBCB?_g,94,710,710
Ot?GOKFA???BO?OBAAP?S,67,3462,3462
Ot?GOKFA??_A?B?BK?Q_A,25,678,678
Ot?GOKG@?A?POKOBAA@@@,1328,2107,2107
Ot?GOKG@G??@OBOBAQ@B?,21,2918,2918
Ot?GOKI?GA??OBODA_`?o,1588,1066,1066
Ot?GOO@@_?_COBOBAW@H?,3227,945,945
Ot?GOOB?OC?BOBOKC_?g@,1047,1190,1190
Ot?GOOB?OG?BOBOKAO@G@,1722,1883,1883
Ot?GOOC?o?_COBOBAW@H?,2930,775,775
Ot?GOOD?_A?BOBOKAO@G@,1709,1167,1167
Ot?GOOD@_C?GOIODA@@?H,1434,941,941
Ot?GOOE@OC?H?K?BI?J?C,931,1037,1037
Ot?GOOE@_A?H?I?DI?R?A,953,671,671
Ot?GOS@@_?_COBOBA_@@@,1575,660,660
Ot?GOSA@???HOKOBA`@@_,2878,3053,3053
Ot?GOSC?o??@ODOIAc@?W,516,3529,3529
Ot?GOSC@G??@OBOBAQ@B?,20,3451,3451
Ot?GW????A_F?[OWAoBO?,260,2208,2208
Ot?GW???G@_E@oOQGG`o?,252,2793,2793
Ot?GW???G@_J@_COgKBO?,213,4025,4025
Ot?GW???G@_J@_OOgK@o?,145,3477,3477
Ot?GW???WB?K?EO`G_Po?,421,1172,1172
Ot?GW???WB@?ODOBCg?d?,3244,2072,2072
Ot?GW???WC?HOKOBAg@P?,2894,3565,3565
Ot?GW??@OD@?ODOBCK?b?,1952,3286,3286
Ot?GW?@???_F@oCWGBBO?,499,2993,2993
Ot?GW?@???_F@oOWABBO?,434,3509,3509
Ot?GW?@??@?F@oCSGBBO?,797,3401,3401
Ot?GW?@??@?F@oOSABBO?,633,3666,3666
Ot?GW?@??@_P@DCWGIBO?,1345,2162,2162
Ot?GW?@??@_P@DOWAIBO?,1375,2850,2850
Ot?GW?@?G?_B?bCWGgBO?,471,3336,3336
Ot?GW?@?G?_B?wCBGgBO?,473,3824,3824
Ot?GW?@?G@?B@oCPGBBO?,798,2486,2486
Ot?GW?@?G@?B@oOPABBO?,632,2117,2117
Ot?GW?@?G@?P@DOQAIBO?,1634,1640,1640
Ot?GW?@?G@_A?pCBGgBO?,1254,2945,2945
Ot?GW?@?G@_A?pOBAgBO?,1267,3115,3115
Ot?GW?@?G@_B?oC@ggBO?,396,2995,2995
Ot?GW?@?G@_O@BCSGGbO?,1629,2160,2160
Ot?GW?@?G@_O@EOPGG`o?,487,3585,3585
Ot?GW?@?G@_a?bOOAGJO?,1098,3539,3539
Ot?GW?@?GA_O@BOKAGbO?,1732,3125,3125
Ot?GW?@?GA`?OBODCg?d?,3121,2154,2154
Ot?GW?@?GB?O@ECPGAbO?,1538,2161,2161
Ot?GW?@?GB?O@EOPAAbO?,1537,3407,3407
Ot?GW?@?GD@?OBODAg@A_,2468,1039,1039
Ot?GW?@?GE@?OBODAc@A_,2537,2038,2038
Ot?GW?@?O?_E?iCBGgBO?,1755,3033,3033
Ot?GW?@?O?_E?iOBAgBO?,1504,1861,1861
Ot?GW?@?O?_F?aCGggBO?,1207,2889,2889
Ot?GW?@?O?_F?aOGagBO?,1206,1263,1263
Ot?GW?@?O?_S@EOQACbO?,1762,3372,3372
Ot?GW?@?O@?BOHOEAW@W?,280,4013,4013
Ot?GW?@?O@?BOIODAW@W?,279,3346,3346
Ot?GW?@?O@?BOKOBAW@W?,277,2893,2893
Ot?GW?@?O@?Y@IOCG@Ho?,479,3796,3796
Ot?GW?@?O@?[@EOCG@Ho?,477,3547,3547
Ot?GW?@?O@_@@oODACbO?,790,1093,1093
Ot?GW?@?O@_F?OP?gOPo?,34,2689,2689
Ot?GW?@?O@_F@_O?gGHo?,15,3475,3475
Ot?GW?@?O@_K?EO`G_Po?,420,3661,3661
Ot?GW?@?OD@?OBODAc@A_,2116,3074,3074
Ot?GW?@?OE@_OBOKCC?_`,205,2762,2762
Ot?GW?@?W?_D?aO@agBO?,1350,2164,2164
Ot?GW?@?WA?D?EO`G_Po?,419,2674,2674
Ot?GW?@?WB?_O@OEAO`OC,56,1237,1237
Ot?GW?@?WB@?O@O@ca?cO,469,3480,3480
Ot?GW?@?WB@?ODOBC_?c@,253,2326,2326
Ot?GW?@?gA@?OBODA`@B?,2457,2364,2364
Ot?GW?@?o?_COBOBB_@B?,511,2282,2282
Ot?GW?@@?B@?OBODAS@A_,2750,2829,2829
Ot?GW?@@?B@?ODOBAQ@B?,435,2296,2296
Ot?GW?@@?C`?ODOBCK?b?,120,3326,3326
Ot?GW?@@GD@?O@O@aI@AO,478,3649,3649
Ot?GW?@@GD`?O@O@CGOaA,1037,3806,3806
Ot?GW?@@GD`?O@O@cG?a@,474,3885,3885
Ot?GW?@@WF??O@O@a?`O@,119,4012,4012
Ot?GW?@@WF@?O@O?A?h?E,127,3887,3887
Ot?GW?@@_@@?ODOBAH@B?,144,2772,2772
Ot?GW?@@oB?CO@OBB?@?D,532,3139,3139
Ot?GW?AB???HOKOBAK@AO,222,2759,2759
Ot?GW?B?O@@?OBODA`@A_,2342,2165,2165
Ot?GW?B@?A?@OEOHAG`O_,1858,3279,3279
Ot?GW?B@?A?@OKOBAI@OG,2425,3555,3555
Ot?GW?B@?A@?OBODAD@A_,2536,1671,1671
Ot?GW?B@?A@?OBODAH@@_,2111,3430,3430
Ot?GW?D?_A?BOBOKB?@A@,1860,3875,3875
Ot?GW?D?o@_GO@OBB?@?D,1166,1657,1657
Ot?GW?D?wA??O@OBB?`?S,1057,3146,3146
Ot?GW?D?wA??O@OBB@@?K,990,3421,3421
Ot?GW?E??A`?ODOBAI@B?,806,3610,3610
Ot?GW?E?OB@?ODOBAA@A@,315,665,665
Ot?GW?EA???HODOIAI@AO,696,2727,2727
Ot?GW?F??A@?ODOBAB@A_,618,2278,2278
Ot?GW?F??A`?O@OEAG`?c,406,2681,2681
Ot?GW?F??A`?ODOBAA@A@,606,3318,3318
Ot?GWC??GB@?OBODAE@I?,1636,2368,2368
Ot?GWC??GB@?OBODAc@A_,3076,1906,1906
Ot?GWC??OB@?OBODAE@H?,2684,1541,1541
Ot?GWC?@GB@?OBODAC@A@,1690,1181,1181
Ot?GWC@??A`?OBODAE@H?,2693,2985,2985
Ot?GWC@??W?AOBODAE@B?,540,2994,2994
Ot?GWC@?GB?_O@OEAA`OC,1773,2185,2185
Ot?GWC@?GH@?OBODAA@A@,1455,2619,2619
Ot?GWC@@?A@?OBODAD@@_,2448,549,549
Ot?GWC@@GB??OBODA?`O@,1389,3364,3364
Ot?GWC@A??_AOBOBAc@B?,2043,2376,2376
Ot?GWCC??@`?ODOBAI@B?,2594,3160,3160
Ot?GWCC?G@@?ODOBAI@AO,2486,555,555
Ot?GWCC?G@`?ODOBCG?a@,1007,2592,2592
Ot?GWCD???`?OBODCI?`O,1867,1819,1819
Ot?GWCD??@`?ODOBAA@A@,1552,1234,1234
Ot?GWCD?O@@?O@OEA@`?c,1448,3361,3361
Ot?GWCD?O@@?ODOBAA@?P,1418,2091,2091
Ot?GWCK?GA??OBODAG`?o,705,2262,2262
Ot?GWG@?o?_COBOBB?@@@,1623,1963,1963
Ot?GWGA??A_EO@OAbA@B?,2472,3946,3946
Ot?GWGA?O@@?OBODAI@@O,2881,3297,3297
Ot?GWGB??B@?O@OEAA`?c,1051,2653,2653
Ot?GWGB?O@??OBODB?`?o,1707,3518,3518
Ot?GWGBA??_DO?OBAAPAC,1496,3535,3535
Ot?GWGBA??_KO?OBAAP?S,1026,3833,3833
Ot?GWK??GA@?OBODAD@@_,331,2349,2349
Ot?GWK??GA`?OBODCC?`@,285,4016,4016
Ot?GWK??O@_EO@OAB?H@C,646,2724,2724
Ot?GWK@???`?ODOBAE@@O,783,2346,2346
Ot?GWO@?O@?AOIODAP@GG,3155,3551,3551
Ot?GWO@?W??@OKOBC`?cG,549,4029,4029
Ot?GWO@?_??BOHOEA`@B?,2891,3036,3036
Ot?GWO@@_?_COBOBAG@@@,737,1202,1202
Ot?GWOA?O??BOHOEAH@H?,1873,3733,3733
Ot?GWOA?O??BOHOEA`@B?,2803,2807,2807
Ot?GWOA@?A?@ODOIAG`@_,2576,2859,2859
Ot?GWOC?_??HOKOBAH@@_,1502,2884,2884
Ot?GWOD?o??EO@OAA@H?S,882,2949,2949
Ot?GWW??o?_COBOBCC?`@,26,1194,1194
Ot?GWW@???_DO@OAaQ@@_,665,3320,3320
Ot?GWW@?g@?AOAO@A@H?K,209,2770,2770
Ot?GWW@?g@?AOAO@A@P?I,191,4056,4056
Ot?GWWA?O??@OBOBCE?`_,9,3338,3338
Ot?GWWA?O@?BO?OBACP?c,653,3897,3897
Ot?GWWA?O@_E?A?@i?R?A,243,2629,2629
Ot?GWWA?O@_EOAO@A?P?B,248,3339,3339
Ot?GWWA?W??EO@OAA@H?S,129,3888,3888
Ot?GWWA?W@?BO?OBC?O_D,133,4045,4045
Ov??GOBB?I@O?C?Gg@P?I,733,3712,3712
Ov??OGBB?E@_?C?Gg@P?I,736,94,94
Ov??OGBB?I@O?C?Gg@P?I,729,3634,3634
Ov??WOH@?C_E@??Oc?Y?W,535,2281,2281
Ov??WWK??@_W?C?Cc?i?S,603,813,813
Ov??WWK?o@?A?B?BG?P?B,156,2056,2056
Ov??WWK?o@?B?@?AG?X?E,245,805,805
Ov?G??B?wU?_B??@C?Y?I,10,3343,3343
Ov?G??C@oF@C?oA?C?Y?I,338,303,303
Ov?G??E?WE`_?oA?C?Y?I,319,2200,2200
Ov?G?CBB?I@O?C?Gg@P?I,732,2751,2751
Ov?G?CC@GF@A?oA?C?Y?I,336,2299,2299
Ov?G?CI@OQ?o?C?Gc@a?E,551,4021,4021
Ov?G?CK?oQ?o?C?Gc@a?E,550,4020,4020
Ov?G?CK?oW?W?C?Gc@a?E,546,4027,4027
Ov?G?KC?gB`??`A?C?Y?I,284,2273,2273
Ov?G?SI@?G_Q?O?Gc@a?E,539,3668,3668
Ov?GG?@?WD`_?oA?C?Y?I,182,3996,3996
Ov?GGO@?_I?QAG?KC?Y?W,809,2306,2306
Ov?GGO@?_K?IAG?KC?Y?W,804,2787,2787
Ov?GGO@?_Q?a?g?KC@I?K,852,2818,2818
Ov?GGO@?gW?W?C?Gc?i?S,727,3918,3918
Ov?GGOA?OQ?a?g?KC@I?K,846,2682,2682
Ov?GGOG?_A_Q@G?WC?i?S,845,732,732
Ov?GGWI??@_W?C?Cc?i?S,601,3127,3127
Ov?GO???WB?k?c?a?_ZO?,79,800,800
Ov?GO???wJ?g?gA?C?i?E,384,739,739
Ov?GO?@?GA?T?e@O?aJO?,73,2916,2916
Ov?GO?@?GA?T@E?o?aJO?,91,2497,2497
Ov?GO?@?GA?X?e@G?aJO?,72,2325,2325
Ov?GO?@?GA?X@E?g?aJO?,90,2318,2318
Ov?GO?@?GA?b?e@G?WJO?,101,1216,1216
Ov?GO?@?GA?d?e?o?aJO?,100,3459,3459
Ov?GO?@?GA?h?e?g?aJO?,99,1217,1217
Ov?GO?@?O?_F?g@A_wBO?,35,2501,2501
Ov?GO?@?O@_@@H?d?wBO?,46,294,294
Ov?GO?@?O@_E@A?`_wBO?,37,609,609
Ov?GO?@?O@_k?c?a?_ZO?,78,2934,2934
Ov?GO?@?WM?c?cA?C?i?E,382,3965,3965
Ov?GO?@@_K_K?WA?G?h?E,110,1220,1220
Ov?GO?@@oL?G?HA?C?Y?I,300,1351,1351
Ov?GO?B?oH_G@@A?C?Y?I,296,2248,2248
Ov?GO?B?wI?@@@A?C?Y?I,291,3582,3582
Ov?GO?B@OE@_?C?Gc@a?E,545,3636,3636
Ov?GOG@?_E?aAG?KC?Y?W,812,3608,3608
Ov?GOG@?_K?IAG?KC?Y?W,805,3986,3986
Ov?GOGA?OW?Q?W?KC@I?K,851,3960,3960
Ov?GOGA?OW?S?S?KC@I?K,847,4028,4028
Ov?GOGA?WK@G?C?Gc?i?S,735,98,98
Ov?GOGA?WK@G?G?Cc?i?S,728,2010,2010
Ov?GOGA?WS?g?C?Gc?i?S,734,2752,2752
Ov?GOGA?WS?g?G?Cc?i?S,725,3617,3617
Ov?GOGB?_G_H?KA?C?Y?I,413,1353,1353
Ov?GOGB?oG?D?EA?C?i?E,369,718,718
Ov?GOGD?_C_K?EA?C?Y?I,409,2355,2355
Ov?GOK??GQ?o?K?KC@a?E,3,1208,1208
Ov?GOK??GS?g?K?KC@a?E,2,3323,3323
Ov?GOKCAGC_K?@?Ac?I?D,149,650,650
Ov?GOKK??@_I?C?_c?i?S,613,3317,3317
Ov?GOKK?o@?B?@?AG?X?E,244,3342,3342
Ov?GOKK?o@?B?@?Ac?I?D,137,2776,2776
Ov?GOOB@?@_g?C?_c?Y?W,515,2006,2006
Ov?GOOB@?@_g?C?_c?i?S,638,97,97
Ov?GOOB@?A_S?C@?c?Y?W,509,2684,2684
Ov?GOOB@?A_c?C?_c?i?S,643,2779,2779
Ov?GOOB@?G_K?C?_c?Y?W,513,3983,3983
Ov?GOOB@?G_Q?G?Oc?i?S,717,2307,2307
Ov?GOOE@OC?H?K?BC?I?D,196,3572,3572
Ov?GOOE@_A?H?I?DC?Q?B,221,3589,3589
Ov?GW???O@_K?W?e?_rO?,17,2324,2324
Ov?GW??@OD_K?WA?G?h?E,346,2339,2339
Ov?GW??@WF?G?HA?C?i?E,308,2998,2998
Ov?GW?@?GM?I?KA?C?Y?I,362,3968,3968
Ov?GW?@?OD_E@OA?C?Y?I,395,2305,2305
Ov?GW?@?OM?E?KA?G?h?E,345,729,729
Ov?GW?@?WB?A?B?`?_ZO?,5,2773,2773
Ov?GW?@?WD?B@OA?C?Y?I,397,2359,2359
Ov?GW?@?WE?E@AA?C?Y?I,398,2221,2221
Ov?GW?@?WE@_?G?Cc@a?E,187,4058,4058
Ov?GW?@?WK?B?WA?C?Y?I,405,3988,3988
Ov?GW?@?WM?C?DA?C?i?E,298,2685,2685
Ov?GW?@?wG?H?IA?C?i?E,367,2357,2357
Ov?GW?@@OD?E?QA?C?Y?I,411,2243,2243
Ov?GWGH??@_I?C?_c?i?S,612,4007,4007
Ov?GWW???@_E?g?SC?q?Q,751,728,728
Ov?GWW??GD?I?G?Cc@I?K,663,3964,3964
Ov?GWWA?O@?C?E?DC@a?E,573,3442,3442
Ov?GWWA?O@?D?C?Cc@a?E,454,3478,3478
Ov?GWWA?O@_E?A?@G?X?E,246,723,723
Ov?GWWA?W@?A?B?BG?P?B,153,4054,4054
